time,T2M,PS,PBLTOP,V10M,U10M,QV2M,lon,lat,WIND_SPEED
2025-09-01 00:30:00,297.335,97595.89,96856.266,-0.4994459,-3.5520148,0.018732127,74.375,31.5,3.5869563
2025-09-01 01:30:00,297.71228,97591.95,96781.19,0.040426135,-3.6477818,0.018755004,74.375,31.5,3.648006
2025-09-01 02:30:00,298.85727,97590.99,95355.47,1.0646577,-3.4930298,0.019266149,74.375,31.5,3.6516783
2025-09-01 03:30:00,300.47028,97625.76,91227.55,2.446836,-3.4079676,0.019494977,74.375,31.5,4.1953845
2025-09-01 04:30:00,301.5608,97670.39,88371.81,2.6515064,-3.25758,0.01967804,74.375,31.5,4.2002754
2025-09-01 05:30:00,302.29266,97691.14,86185.055,2.3800168,-3.3900177,0.020074693,74.375,31.5,4.1420646
2025-09-01 06:30:00,302.70975,97669.125,84456.266,2.0755558,-3.5306773,0.020341663,74.375,31.5,4.09556
2025-09-01 07:30:00,302.911,97611.914,83328.72,1.8113942,-3.6105275,0.02044079,74.375,31.5,4.039438
2025-09-01 08:30:00,303.0471,97550.4,82811.34,1.5731435,-3.644061,0.020486495,74.375,31.5,3.969126
2025-09-01 09:30:00,302.93665,97493.125,82552.94,1.4849398,-3.7636197,0.020417769,74.375,31.5,4.045971
2025-09-01 10:30:00,302.59772,97461.586,83166.97,1.5136237,-3.8651042,0.020349069,74.375,31.5,4.150914
2025-09-01 11:30:00,301.9104,97475.27,89513.69,1.3805878,-3.5494041,0.02053978,74.375,31.5,3.8084502
2025-09-01 12:30:00,300.9397,97502.016,91973.41,1.1158657,-3.0334797,0.020699972,74.375,31.5,3.2322059
2025-09-01 13:30:00,299.5573,97564.54,96042.875,0.7205347,-2.2753818,0.020608407,74.375,31.5,2.386741
2025-09-01 14:30:00,298.95288,97643.65,96909.39,0.5605128,-2.1899183,0.020287981,74.375,31.5,2.2605126
2025-09-01 15:30:00,298.60614,97702.38,96963.36,0.42414528,-2.20555,0.020028615,74.375,31.5,2.2459629
2025-09-01 16:30:00,298.24323,97728.22,97001.9,0.34140307,-2.280042,0.019746324,74.375,31.5,2.3054605
2025-09-01 17:30:00,297.97488,97729.35,96668.195,0.3098855,-2.5237463,0.019540347,74.375,31.5,2.5427
2025-09-01 18:30:00,297.8093,97711.266,96973.94,0.50675976,-2.8180473,0.019425929,74.375,31.5,2.8632493
2025-09-01 19:30:00,297.6803,97670.42,96935.79,0.820699,-2.746801,0.01931913,74.375,31.5,2.866786
2025-09-01 20:30:00,297.5036,97629.95,96895.28,1.2894245,-2.5321975,0.019143656,74.375,31.5,2.841591
2025-09-01 21:30:00,297.28262,97602.17,96867.69,1.5844742,-2.1658654,0.018930038,74.375,31.5,2.6835668
2025-09-01 22:30:00,297.06546,97597.59,96871.695,1.6934382,-1.815877,0.018739332,74.375,31.5,2.4829705
2025-09-01 23:30:00,296.90637,97624.32,96895.84,1.6691878,-1.651372,0.018571464,74.375,31.5,2.3480241
2025-09-02 00:30:00,296.80695,97656.94,96925.414,1.6078427,-1.61737,0.018441739,74.375,31.5,2.2805798
2025-09-02 01:30:00,297.6364,97698.29,96678.78,2.0865571,-2.310955,0.01890712,74.375,31.5,3.1135564
2025-09-02 02:30:00,298.78305,97733.91,92006.94,2.3772092,-2.1194892,0.0192352,74.375,31.5,3.184864
2025-09-02 03:30:00,300.06488,97775.38,87838.53,2.3760495,-2.0720012,0.019311512,74.375,31.5,3.1525865
2025-09-02 04:30:00,301.03735,97804.7,85650.086,2.2425976,-2.6954088,0.019342022,74.375,31.5,3.5063474
2025-09-02 05:30:00,301.5871,97794.51,83885.336,2.1483426,-3.5357184,0.019372536,74.375,31.5,4.137231
2025-09-02 06:30:00,301.7822,97764.06,82128.82,1.9187355,-4.3050947,0.019372523,74.375,31.5,4.71332
2025-09-02 07:30:00,301.76086,97720.42,82635.05,1.4017719,-4.8527465,0.01940301,74.375,31.5,5.05115
2025-09-02 08:30:00,301.66162,97661.93,82966.32,0.63316226,-5.132219,0.019463994,74.375,31.5,5.171128
2025-09-02 09:30:00,301.4613,97622.055,84619.1,-0.114373565,-5.038542,0.019547869,74.375,31.5,5.0398397
2025-09-02 10:30:00,301.1082,97594.66,87304.92,-0.7152666,-4.534111,0.01976147,74.375,31.5,4.590182
2025-09-02 11:30:00,300.66357,97595.766,90083.26,-1.1841272,-3.773327,0.020074233,74.375,31.5,3.9547634
2025-09-02 12:30:00,299.98795,97625.14,91623.46,-1.3094913,-2.7104359,0.020516705,74.375,31.5,3.0101876
2025-09-02 13:30:00,299.05832,97674.35,92400.945,-0.9903122,-1.9443448,0.020539556,74.375,31.5,2.1820161
2025-09-02 14:30:00,298.72873,97750.28,93968.16,-0.76035255,-1.9380121,0.020440284,74.375,31.5,2.0818326
2025-09-02 15:30:00,298.61993,97812.984,95314.44,-0.39169908,-2.088717,0.02037154,74.375,31.5,2.1251276
2025-09-02 16:30:00,298.52005,97838.8,95306.97,0.23559707,-2.3022294,0.020272288,74.375,31.5,2.3142529
2025-09-02 17:30:00,298.35193,97862.06,96828.36,0.9105431,-2.4044375,0.020127289,74.375,31.5,2.5710716
2025-09-02 18:30:00,298.12805,97871.62,97136.46,1.1364481,-2.3134277,0.019936532,74.375,31.5,2.5774915
2025-09-02 19:30:00,297.89703,97863.56,97125.266,1.1198803,-2.1448114,0.0197,74.375,31.5,2.419576
2025-09-02 20:30:00,297.70303,97844.73,97109.125,1.0690689,-1.9391336,0.019486362,74.375,31.5,2.2143052
2025-09-02 21:30:00,297.57584,97820.82,95834.64,1.0770574,-1.7200507,0.019326154,74.375,31.5,2.02944
2025-09-02 22:30:00,297.46277,97821.55,95696.7,1.0644242,-1.5040274,0.019181235,74.375,31.5,1.842579
2025-09-02 23:30:00,297.3868,97833.836,96821.13,0.93055093,-1.3937691,0.019043917,74.375,31.5,1.6758631
2025-09-03 00:30:00,297.3286,97858.83,97120.766,0.7161357,-1.4256791,0.018944707,74.375,31.5,1.5954344
2025-09-03 01:30:00,298.45294,97890.125,96683.11,0.6472795,-1.9356008,0.019776305,74.375,31.5,2.0409608
2025-09-03 02:30:00,299.91907,97935.52,93217.45,0.6240823,-2.0212703,0.0204248,74.375,31.5,2.1154225
2025-09-03 03:30:00,301.3342,97973.375,88257.75,0.73392785,-1.8500928,0.020844407,74.375,31.5,1.99035
2025-09-03 04:30:00,302.4977,97990.79,83934.7,0.80959195,-1.4477167,0.020867279,74.375,31.5,1.6587112
2025-09-03 05:30:00,303.5002,97983.89,81151.14,1.1435354,-1.0008541,0.02078334,74.375,31.5,1.5196651
2025-09-03 06:30:00,304.12836,97944.375,79322.39,1.514622,-0.61366904,0.020676525,74.375,31.5,1.6342183
2025-09-03 07:30:00,304.3924,97887.79,77744.31,1.8724606,-0.3401177,0.020569732,74.375,31.5,1.9030998
2025-09-03 08:30:00,304.59415,97812.28,76875.75,2.1131592,-0.22402358,0.02053159,74.375,31.5,2.1250007
2025-09-03 09:30:00,304.39133,97759.01,80593.13,2.2503138,-0.30577588,0.020485822,74.375,31.5,2.2709932
2025-09-03 10:30:00,303.79056,97748.305,84558.34,2.1928258,-0.680235,0.020562144,74.375,31.5,2.2959106
2025-09-03 11:30:00,303.06622,97771.43,88022.74,1.9273456,-1.0389819,0.021012241,74.375,31.5,2.1895535
2025-09-03 12:30:00,302.00916,97811.51,83089.0,1.765975,-1.3378669,0.020859608,74.375,31.5,2.215526
2025-09-03 13:30:00,300.58362,97880.46,85623.234,1.3793635,-1.2727188,0.02119526,74.375,31.5,1.8768209
2025-09-03 14:30:00,299.81332,97963.88,86470.97,1.357748,-1.331693,0.020935843,74.375,31.5,1.9018112
2025-09-03 15:30:00,299.36887,98038.875,95052.484,1.3600347,-1.2946484,0.020592526,74.375,31.5,1.8777137
2025-09-03 16:30:00,298.9882,98077.26,96749.94,1.2357001,-1.2007644,0.020333149,74.375,31.5,1.7230177
2025-09-03 17:30:00,298.66547,98094.766,95011.17,1.0348253,-1.1766169,0.020111933,74.375,31.5,1.5669367
2025-09-03 18:30:00,298.33646,98117.31,96235.17,0.7861067,-1.2413746,0.019844925,74.375,31.5,1.469345
2025-09-03 19:30:00,298.07858,98103.57,95574.62,0.4796599,-1.3417754,0.019646572,74.375,31.5,1.4249333
2025-09-03 20:30:00,297.80176,98075.87,94702.914,0.24948865,-1.4318914,0.019448237,74.375,31.5,1.453464
2025-09-03 21:30:00,297.56992,98052.164,95729.31,0.124112576,-1.5725033,0.019272784,74.375,31.5,1.5773937
2025-09-03 22:30:00,297.3565,98042.83,97311.89,0.09154078,-1.7403051,0.019112626,74.375,31.5,1.742711
2025-09-03 23:30:00,297.20685,98062.516,97336.22,0.1586657,-1.864266,0.018967647,74.375,31.5,1.8710058
2025-09-04 00:30:00,297.095,98105.55,97363.19,0.34632936,-1.9302864,0.018822676,74.375,31.5,1.9611093
2025-09-04 01:30:00,298.13214,98151.26,97417.89,0.9416953,-2.7157037,0.019448293,74.375,31.5,2.8743412
2025-09-04 02:30:00,299.41827,98210.96,93623.6,1.4199364,-2.7236004,0.020035766,74.375,31.5,3.0715172
2025-09-04 03:30:00,300.84534,98275.695,88906.16,1.8051198,-2.8095713,0.020119697,74.375,31.5,3.3394833
2025-09-04 04:30:00,301.9328,98326.5,86797.64,2.0045931,-2.8891952,0.02011974,74.375,31.5,3.51651
2025-09-04 05:30:00,302.66107,98315.586,85257.336,1.9590334,-3.1107893,0.020165548,74.375,31.5,3.6762512
2025-09-04 06:30:00,303.30536,98264.43,83864.14,1.8280306,-3.487183,0.020356279,74.375,31.5,3.937276
2025-09-04 07:30:00,303.65576,98190.17,83319.73,1.6739488,-3.8510516,0.020485982,74.375,31.5,4.199131
2025-09-04 08:30:00,303.76514,98107.72,83265.81,1.5254369,-3.9588988,0.020501235,74.375,31.5,4.2426214
2025-09-04 09:30:00,303.65903,98051.555,83579.67,1.3210804,-3.7444282,0.020417308,74.375,31.5,3.9706419
2025-09-04 10:30:00,303.3349,98021.03,85353.33,1.0950127,-3.3201227,0.020295246,74.375,31.5,3.496036
2025-09-04 11:30:00,302.76843,98016.31,87864.78,0.76438105,-2.53223,0.02044784,74.375,31.5,2.6450834
2025-09-04 12:30:00,302.00226,98015.87,90847.69,0.43672365,-1.8124349,0.020157931,74.375,31.5,1.864309
2025-09-04 13:30:00,300.87036,98040.61,96479.55,0.03538221,-1.1424967,0.01976884,74.375,31.5,1.1430445
2025-09-04 14:30:00,300.50388,98074.53,97331.22,-0.39642692,-0.63985944,0.019150887,74.375,31.5,0.75271136
2025-09-04 15:30:00,300.1072,98098.72,97361.72,-0.66933537,-0.2212379,0.018815214,74.375,31.5,0.70495105
2025-09-04 16:30:00,299.66373,98107.0,97372.71,-0.7730998,0.07176399,0.01858633,74.375,31.5,0.7764234
2025-09-04 17:30:00,299.24713,98114.29,97372.234,-0.85957134,0.21802711,0.018410834,74.375,31.5,0.8867912
2025-09-04 18:30:00,298.83743,98109.56,97373.81,-0.9492748,0.23364854,0.018273469,74.375,31.5,0.9776064
2025-09-04 19:30:00,298.4417,98096.69,97366.72,-1.03262,0.21491575,0.018174235,74.375,31.5,1.0547477
2025-09-04 20:30:00,298.12115,98074.81,97330.25,-1.0867554,0.2089982,0.01810552,74.375,31.5,1.1066697
2025-09-04 21:30:00,297.86267,98051.06,97319.76,-1.1216468,0.21336055,0.01805207,74.375,31.5,1.1417593
2025-09-04 22:30:00,297.61023,98034.414,97302.2,-1.1400882,0.2357428,0.017960483,74.375,31.5,1.164206
2025-09-04 23:30:00,297.38904,98054.875,97318.92,-1.0987548,0.2581346,0.017914692,74.375,31.5,1.1286697
2025-09-05 00:30:00,297.2032,98091.02,97358.38,-0.99826264,0.23960245,0.017846027,74.375,31.5,1.0266147
2025-09-05 01:30:00,298.0191,98142.22,97400.55,-0.9090755,0.21439707,0.018677635,74.375,31.5,0.9340152
2025-09-05 02:30:00,299.24777,98188.64,96062.03,-0.81032777,0.2422862,0.019265093,74.375,31.5,0.845774
2025-09-05 03:30:00,301.82178,98240.31,90552.016,-0.6041515,0.113349915,0.019440569,74.375,31.5,0.6146928
2025-09-05 04:30:00,303.50427,98266.61,87323.33,0.061035037,0.0063438416,0.019440595,74.375,31.5,0.061363835
2025-09-05 05:30:00,304.88315,98247.53,82557.0,0.7341524,0.043824255,0.019288052,74.375,31.5,0.7354592
2025-09-05 06:30:00,305.74573,98195.695,81861.195,1.1279478,0.22824001,0.019524606,74.375,31.5,1.1508083
2025-09-05 07:30:00,306.11624,98147.04,81435.75,1.1918716,0.42442876,0.019890841,74.375,31.5,1.2651868
2025-09-05 08:30:00,306.24756,98076.55,80660.41,1.032134,0.61164516,0.020089215,74.375,31.5,1.1997544
2025-09-05 09:30:00,306.1524,98004.74,80768.695,0.59704566,0.8251476,0.020081572,74.375,31.5,1.0184951
2025-09-05 10:30:00,305.81592,97953.17,81861.92,0.033967853,1.0605114,0.02008152,74.375,31.5,1.0610552
2025-09-05 11:30:00,305.2313,97927.77,84675.94,-0.34793758,1.1968462,0.02068421,74.375,31.5,1.2463955
2025-09-05 12:30:00,304.45425,97922.51,89354.05,-0.6784742,1.3784032,0.020249322,74.375,31.5,1.5363342
2025-09-05 13:30:00,302.57715,97949.29,96768.92,-0.6107775,1.3343666,0.021515807,74.375,31.5,1.4675093
2025-09-05 14:30:00,301.68665,97997.71,97262.01,-0.5267583,1.5254474,0.021302206,74.375,31.5,1.6138352
2025-09-05 15:30:00,301.19867,98056.05,97314.83,-0.29479825,1.6546898,0.020813953,74.375,31.5,1.6807451
2025-09-05 16:30:00,300.86908,98085.21,97340.45,0.0867995,1.6811258,0.020401997,74.375,31.5,1.6833651
2025-09-05 17:30:00,300.56494,98089.5,97358.266,0.44954872,1.5781555,0.02005108,74.375,31.5,1.6409354
2025-09-05 18:30:00,300.35092,98088.21,97358.05,0.7956461,1.3075016,0.019776423,74.375,31.5,1.5305597
2025-09-05 19:30:00,300.16376,98072.33,97339.516,1.0780339,0.8966024,0.019646725,74.375,31.5,1.4021602
2025-09-05 20:30:00,299.94623,98053.664,97309.45,1.2565504,0.43669346,0.019639103,74.375,31.5,1.3302706
2025-09-05 21:30:00,299.89984,98025.414,97298.83,1.1537683,0.13438442,0.019456012,74.375,31.5,1.161568
2025-09-05 22:30:00,300.12024,98031.82,97293.875,0.7221817,0.0473904,0.01899062,74.375,31.5,0.7237349
2025-09-05 23:30:00,300.16803,98050.125,97316.7,-0.010390997,0.07388188,0.018685434,74.375,31.5,0.07460901
2025-09-06 00:30:00,299.66614,98071.06,97336.28,-0.7969277,0.11859744,0.018853279,74.375,31.5,0.80570406
2025-09-06 01:30:00,300.0337,98113.7,97369.78,-1.3205246,0.1048055,0.020127388,74.375,31.5,1.3246771
2025-09-06 02:30:00,301.0844,98169.125,97052.95,-1.529131,0.12836188,0.020325761,74.375,31.5,1.5345093
2025-09-06 03:30:00,303.09726,98233.49,90922.41,-0.9132736,0.2363033,0.020554636,74.375,31.5,0.94334924
2025-09-06 04:30:00,305.02182,98284.64,83929.26,0.10636239,0.2370539,0.020463057,74.375,31.5,0.25982207
2025-09-06 05:30:00,305.64444,98282.71,82597.89,0.92239773,0.022721037,0.02076821,74.375,31.5,0.9226775
2025-09-06 06:30:00,305.87653,98252.2,82076.98,1.1837143,-0.19999145,0.021111516,74.375,31.5,1.2004899
2025-09-06 07:30:00,305.98944,98195.34,82039.09,1.234312,-0.35702103,0.021363271,74.375,31.5,1.2849087
2025-09-06 08:30:00,305.9237,98120.5,81986.09,1.2171199,-0.34901568,0.0214548,74.375,31.5,1.2661725
2025-09-06 09:30:00,305.69458,98048.91,81915.41,1.0345569,-0.2526535,0.021347966,74.375,31.5,1.0649608
2025-09-06 10:30:00,305.30832,97977.625,83237.9,0.7272392,-0.1259681,0.021103768,74.375,31.5,0.7380683
2025-09-06 11:30:00,304.73822,97946.35,85811.7,0.38213515,-0.08477534,0.02111136,74.375,31.5,0.3914258
2025-09-06 12:30:00,303.91034,97950.25,87855.78,0.06432617,-0.27012038,0.021004533,74.375,31.5,0.27767405
2025-09-06 13:30:00,302.7612,97989.67,91199.86,-0.019931614,-0.54972756,0.021118974,74.375,31.5,0.55008876
2025-09-06 14:30:00,302.0008,98044.39,93061.875,0.22389537,-0.834011,0.021454629,74.375,31.5,0.86354125
2025-09-06 15:30:00,301.47025,98086.66,94223.055,0.56387794,-0.9203345,0.021179954,74.375,31.5,1.0793396
2025-09-06 16:30:00,301.00607,98095.664,94287.2,0.85989904,-0.72717106,0.02085952,74.375,31.5,1.1261457
2025-09-06 17:30:00,300.56018,98086.99,96031.78,1.078494,-0.54977906,0.020691672,74.375,31.5,1.2105396
2025-09-06 18:30:00,300.13284,98071.44,97339.34,1.2008736,-0.4914901,0.020523824,74.375,31.5,1.2975593
2025-09-06 19:30:00,299.79114,98063.266,97330.34,1.2092419,-0.51484275,0.020333083,74.375,31.5,1.3142788
2025-09-06 20:30:00,299.5162,98045.984,97312.02,1.1056268,-0.61856425,0.020066049,74.375,31.5,1.2668988
2025-09-06 21:30:00,299.4079,98030.27,97289.08,0.8080013,-0.76993424,0.019745609,74.375,31.5,1.1160935
2025-09-06 22:30:00,299.4252,98022.28,97278.44,0.34224337,-0.87607354,0.01947858,74.375,31.5,0.94055057
2025-09-06 23:30:00,299.35068,98032.88,97298.87,-0.18152595,-0.9030206,0.019371781,74.375,31.5,0.9210852
2025-09-07 00:30:00,298.99567,98069.26,97335.83,-0.62562704,-0.8802491,0.019440465,74.375,31.5,1.0799295
2025-09-07 01:30:00,299.63235,98118.13,97379.54,-0.9320783,-0.9199658,0.020394158,74.375,31.5,1.309621
2025-09-07 02:30:00,300.50867,98161.93,97263.92,-1.2235086,-1.0602671,0.020684086,74.375,31.5,1.6189934
2025-09-07 03:30:00,301.55466,98194.89,95615.13,-1.132233,-1.3097966,0.021057932,74.375,31.5,1.7313344
2025-09-07 04:30:00,302.48477,98207.055,92192.74,-0.540563,-1.6875148,0.021134224,74.375,31.5,1.7719804
2025-09-07 05:30:00,302.86383,98189.67,90584.914,0.16715896,-1.7957363,0.021141848,74.375,31.5,1.8034997
2025-09-07 06:30:00,302.9495,98151.69,89860.516,0.63922083,-1.6469412,0.021195251,74.375,31.5,1.7666404
2025-09-07 07:30:00,302.90503,98093.664,89306.195,0.76711553,-1.4708891,0.021218149,74.375,31.5,1.6589096
2025-09-07 08:30:00,302.80215,98028.445,88975.3,0.56407005,-1.3169081,0.02116477,74.375,31.5,1.4326277
2025-09-07 09:30:00,302.6147,97966.766,89351.91,0.05018723,-1.1842183,0.021073254,74.375,31.5,1.1852813
2025-09-07 10:30:00,302.28473,97933.33,90945.14,-0.61316854,-0.9618078,0.02134031,74.375,31.5,1.1406357
2025-09-07 11:30:00,301.86398,97940.875,91190.555,-1.0796313,-0.95394826,0.02101983,74.375,31.5,1.4407016
2025-09-07 12:30:00,301.11282,97965.77,95749.86,-1.2878699,-0.72492564,0.021042688,74.375,31.5,1.4778789
2025-09-07 13:30:00,300.1586,98013.734,97285.32,-1.3731586,-0.41502774,0.021294428,74.375,31.5,1.4345077
2025-09-07 14:30:00,299.64682,98071.47,97328.33,-1.6378372,-0.44759214,0.020729844,74.375,31.5,1.6978955
2025-09-07 15:30:00,299.2758,98122.38,97381.98,-1.8135554,-0.58319545,0.020287354,74.375,31.5,1.9050198
2025-09-07 16:30:00,299.02515,98124.45,97383.42,-1.8418281,-0.72290707,0.019997466,74.375,31.5,1.9786171
2025-09-07 17:30:00,298.82074,98103.414,97368.14,-1.7917184,-0.83164763,0.019799124,74.375,31.5,1.9753208
2025-09-07 18:30:00,298.64923,98075.59,97345.81,-1.7255535,-0.9394555,0.019646559,74.375,31.5,1.9647167
2025-09-07 19:30:00,298.50598,98041.1,97310.92,-1.6627226,-1.0111506,0.019532153,74.375,31.5,1.94604
2025-09-07 20:30:00,298.35233,97995.27,97252.555,-1.5846711,-1.0461845,0.019440625,74.375,31.5,1.898864
2025-09-07 21:30:00,298.1857,97944.85,97218.69,-1.4500865,-1.0811003,0.019371992,74.375,31.5,1.8087368
2025-09-07 22:30:00,298.0055,97940.234,97208.11,-1.2753652,-1.0861249,0.019310966,74.375,31.5,1.6751788
2025-09-07 23:30:00,297.87967,97968.016,97229.92,-1.0726001,-1.0736073,0.0192652,74.375,31.5,1.517598
2025-09-08 00:30:00,297.8041,98028.234,93784.84,-0.81298757,-1.1164492,0.019227073,74.375,31.5,1.3810893
2025-09-08 01:30:00,298.43176,98102.375,92987.9,-0.56909966,-1.4183228,0.019654376,74.375,31.5,1.5282389
2025-09-08 02:30:00,299.08002,98182.516,95656.59,-0.33813667,-1.9129258,0.019913794,74.375,31.5,1.9425812
2025-09-08 03:30:00,300.23856,98227.914,95985.53,-0.102690935,-2.0681572,0.020470746,74.375,31.5,2.070705
2025-09-08 04:30:00,301.56635,98261.555,93181.06,0.13892293,-2.3396912,0.02086751,74.375,31.5,2.343812
2025-09-08 05:30:00,302.56165,98247.71,90208.33,0.48819578,-2.4398189,0.021149855,74.375,31.5,2.4881823
2025-09-08 06:30:00,303.11945,98214.11,88217.12,0.7780739,-2.3150737,0.02128724,74.375,31.5,2.4423277
2025-09-08 07:30:00,303.4454,98159.99,86954.58,0.9563117,-2.1143856,0.021409353,74.375,31.5,2.3205945
2025-09-08 08:30:00,303.61658,98096.88,86543.055,1.0341917,-1.7929589,0.021462807,74.375,31.5,2.069844
2025-09-08 09:30:00,303.64914,98048.336,86778.06,0.9830018,-1.464176,0.02140945,74.375,31.5,1.7635487
2025-09-08 10:30:00,303.48328,98038.31,88114.18,0.7282393,-1.0880886,0.021600155,74.375,31.5,1.309301
2025-09-08 11:30:00,303.16052,98056.5,89058.695,0.5060384,-0.87063175,0.021401793,74.375,31.5,1.0070127
2025-09-08 12:30:00,302.6943,98077.27,89520.42,0.4731233,-0.62809277,0.020997439,74.375,31.5,0.78634995
2025-09-08 13:30:00,301.88403,98113.49,92995.484,0.5199648,-0.22636503,0.020928752,74.375,31.5,0.5671019
2025-09-08 14:30:00,301.5029,98159.16,93179.29,0.6121778,0.046453565,0.020295499,74.375,31.5,0.61393774
2025-09-08 15:30:00,301.05667,98212.92,97010.625,0.69564396,0.27903184,0.020165775,74.375,31.5,0.74951935
2025-09-08 16:30:00,300.61487,98230.42,97497.414,0.8008677,0.47666827,0.02008942,74.375,31.5,0.931988
2025-09-08 17:30:00,300.24094,98231.34,97498.91,0.88997597,0.59318936,0.019997807,74.375,31.5,1.069547
2025-09-08 18:30:00,299.90778,98231.83,97490.47,0.94046515,0.6553846,0.019860422,74.375,31.5,1.1463
2025-09-08 19:30:00,299.64798,98228.41,97489.83,0.8975192,0.7181138,0.019684896,74.375,31.5,1.1494468
2025-09-08 20:30:00,299.4563,98220.266,97474.26,0.79087776,0.75794774,0.01950174,74.375,31.5,1.0954325
2025-09-08 21:30:00,299.2995,98200.87,97468.19,0.5526926,0.7393468,0.01934149,74.375,31.5,0.92309415
2025-09-08 22:30:00,299.1574,98199.83,97462.76,0.23705047,0.68994886,0.019196525,74.375,31.5,0.7295357
2025-09-08 23:30:00,298.95767,98219.63,97477.36,-0.0015713573,0.7099438,0.019051572,74.375,31.5,0.7099455
2025-09-09 00:30:00,298.58652,98254.67,97517.58,-0.14613855,0.8238946,0.018944781,74.375,31.5,0.8367549
2025-09-09 01:30:00,299.12668,98303.32,97559.06,-0.23075342,0.96379334,0.019944258,74.375,31.5,0.9910322
2025-09-09 02:30:00,300.19574,98362.914,96108.52,-0.25999987,1.2207075,0.020485898,74.375,31.5,1.2480892
2025-09-09 03:30:00,302.3695,98418.61,89408.516,-0.12604293,1.9533781,0.020585028,74.375,31.5,1.9574404
2025-09-09 04:30:00,303.54065,98459.12,86708.95,-0.17891067,2.325522,0.020844372,74.375,31.5,2.332394
2025-09-09 05:30:00,304.33737,98454.72,84696.8,-0.14675522,2.3469074,0.021141883,74.375,31.5,2.3514912
2025-09-09 06:30:00,304.94144,98420.17,83416.8,-0.08677007,2.312292,0.021317342,74.375,31.5,2.3139195
2025-09-09 07:30:00,305.34125,98370.4,82354.19,-0.080495,2.34296,0.02132497,74.375,31.5,2.3443422
2025-09-09 08:30:00,305.48108,98308.11,81750.16,-0.15784365,2.4451535,0.02128683,74.375,31.5,2.450243
2025-09-09 09:30:00,305.2941,98242.64,81635.08,-0.27406856,2.500661,0.02118767,74.375,31.5,2.5156348
2025-09-09 10:30:00,304.93198,98198.67,82557.66,-0.4138385,2.5550904,0.021241108,74.375,31.5,2.5883875
2025-09-09 11:30:00,304.29416,98176.234,85368.0,-0.43345457,2.2764525,0.021897273,74.375,31.5,2.3173518
2025-09-09 12:30:00,303.14963,98175.79,85205.15,-0.44725794,2.4312816,0.021332733,74.375,31.5,2.472078
2025-09-09 13:30:00,301.53467,98201.59,86943.97,-0.22888774,1.8833995,0.02217963,74.375,31.5,1.8972567
2025-09-09 14:30:00,300.90347,98257.14,87551.93,-0.09548518,1.9807792,0.021630341,74.375,31.5,1.9830793
2025-09-09 15:30:00,300.48932,98302.62,87927.625,0.025941312,2.0915072,0.02120307,74.375,31.5,2.0916681
2025-09-09 16:30:00,300.0935,98319.16,88207.91,0.104800165,2.2123642,0.020798659,74.375,31.5,2.214845
2025-09-09 17:30:00,299.74747,98306.72,88303.16,0.0779351,2.298319,0.020455288,74.375,31.5,2.2996402
2025-09-09 18:30:00,299.41626,98283.59,89516.89,-0.0277968,2.3634486,0.020142449,74.375,31.5,2.363612
2025-09-09 19:30:00,299.05435,98255.79,95333.586,-0.16080442,2.4030435,0.019829601,74.375,31.5,2.4084177
2025-09-09 20:30:00,298.75192,98218.555,95303.56,-0.2714055,2.3920865,0.01957778,74.375,31.5,2.407434
2025-09-09 21:30:00,298.45398,98184.21,95258.21,-0.3018622,2.2531173,0.019364128,74.375,31.5,2.2732484
2025-09-09 22:30:00,298.17468,98161.21,95245.73,-0.22402996,2.0785015,0.01915049,74.375,31.5,2.0905402
2025-09-09 23:30:00,297.88736,98172.19,95248.09,-0.07316529,2.0105207,0.01892923,74.375,31.5,2.0118515
2025-09-10 00:30:00,297.60852,98193.52,95275.34,0.12717202,2.0911767,0.018715601,74.375,31.5,2.09504
2025-09-10 01:30:00,298.33536,98234.13,93792.164,0.4287765,2.767156,0.019158103,74.375,31.5,2.8001788
2025-09-10 02:30:00,299.41345,98274.47,91564.19,0.7833367,3.4556031,0.019676907,74.375,31.5,3.5432765
2025-09-10 03:30:00,301.22424,98317.75,95570.36,0.9169086,4.114095,0.020340648,74.375,31.5,4.2150326
2025-09-10 04:30:00,302.73077,98343.445,92187.28,0.8352856,5.0626764,0.02053896,74.375,31.5,5.13112
2025-09-10 05:30:00,303.76703,98342.945,88873.97,0.6540401,5.4740005,0.020745106,74.375,31.5,5.5129347
2025-09-10 06:30:00,304.5196,98300.625,85307.914,0.5033013,5.4136176,0.020920532,74.375,31.5,5.436963
2025-09-10 07:30:00,304.93082,98232.14,83348.22,0.4513628,5.1099687,0.021027327,74.375,31.5,5.129864
2025-09-10 08:30:00,305.0813,98151.37,82473.3,0.48157972,4.7506204,0.021027353,74.375,31.5,4.774967
2025-09-10 09:30:00,304.92072,98076.08,82653.34,0.5421331,4.2407427,0.020996872,74.375,31.5,4.275255
2025-09-10 10:30:00,304.74448,98011.38,82855.92,0.54028875,3.679934,0.020989265,74.375,31.5,3.7193851
2025-09-10 11:30:00,304.0876,97963.266,82814.31,0.47247678,3.3060145,0.020958785,74.375,31.5,3.3396058
2025-09-10 12:30:00,302.61154,97942.19,85656.97,0.4139787,2.8441563,0.020966373,74.375,31.5,2.8741264
2025-09-10 13:30:00,300.7615,97955.22,88061.805,0.49246562,2.3596888,0.020790882,74.375,31.5,2.4105296
2025-09-10 14:30:00,300.06284,97995.766,88798.12,0.63874495,2.449213,0.01997463,74.375,31.5,2.5311341
2025-09-10 15:30:00,299.50232,98025.88,90053.25,0.73815775,2.561896,0.019318622,74.375,31.5,2.6661186
2025-09-10 16:30:00,298.9306,98019.93,88848.75,0.7792965,2.679548,0.018700741,74.375,31.5,2.79057
2025-09-10 17:30:00,298.39633,97998.29,87824.695,0.7562548,2.7615705,0.018159103,74.375,31.5,2.8632486
2025-09-10 18:30:00,297.89954,97972.01,92150.86,0.77119005,2.794396,0.017716622,74.375,31.5,2.8988588
2025-09-10 19:30:00,297.42062,97931.79,93261.7,0.85618424,2.8193266,0.017365698,74.375,31.5,2.9464645
2025-09-10 20:30:00,296.9582,97898.016,93217.68,0.99367136,2.9189153,0.017075796,74.375,31.5,3.0834153
2025-09-10 21:30:00,296.53036,97871.8,92525.49,1.0385766,2.971901,0.016885057,74.375,31.5,3.1481483
2025-09-10 22:30:00,296.15894,97865.83,91007.12,0.98850286,3.0198321,0.016694322,74.375,31.5,3.1775026
2025-09-10 23:30:00,295.7858,97879.47,88469.39,0.9140078,3.0740032,0.016381526,74.375,31.5,3.2070088
2025-09-11 00:30:00,295.41058,97901.27,84551.45,0.8436874,3.1449392,0.015977168,74.375,31.5,3.2561405
2025-09-11 01:30:00,296.0427,97951.67,85026.66,0.84819007,3.632594,0.016053442,74.375,31.5,3.7303038
2025-09-11 02:30:00,297.4901,98018.984,85543.875,0.91150594,4.0319138,0.016526453,74.375,31.5,4.133663
2025-09-11 03:30:00,299.28452,98079.11,87065.34,1.0367825,3.5907001,0.018098129,74.375,31.5,3.7373848
2025-09-11 04:30:00,301.97034,98120.055,90909.35,1.2253523,3.704496,0.019196812,74.375,31.5,3.901894
2025-09-11 05:30:00,303.8089,98147.0,87079.01,1.3185862,3.794335,0.019013777,74.375,31.5,4.01692
2025-09-11 06:30:00,304.5914,98131.31,84783.95,1.5055285,3.3585029,0.019265486,74.375,31.5,3.6805105
2025-09-11 07:30:00,304.99606,98084.484,83775.02,1.7415786,2.9025996,0.01960118,74.375,31.5,3.3849933
2025-09-11 08:30:00,305.16956,98028.65,83725.92,1.8605508,2.621285,0.019860586,74.375,31.5,3.2144647
2025-09-11 09:30:00,305.02148,97972.086,83675.75,1.6612787,2.302874,0.019982662,74.375,31.5,2.8395555
2025-09-11 10:30:00,304.7454,97939.06,83825.59,1.3235347,1.8898928,0.020318395,74.375,31.5,2.307258
2025-09-11 11:30:00,304.46344,97942.55,86609.086,1.033947,1.5752418,0.02045572,74.375,31.5,1.8842593
2025-09-11 12:30:00,303.3622,97969.46,89956.72,0.89517903,1.4415841,0.020150498,74.375,31.5,1.696912
2025-09-11 13:30:00,302.14508,98006.984,92449.03,0.60785514,0.8739191,0.02019624,74.375,31.5,1.0645293
2025-09-11 14:30:00,302.137,98054.516,92484.984,0.5244087,0.5207004,0.018967882,74.375,31.5,0.73900837
2025-09-11 15:30:00,301.6465,98091.664,91761.41,0.5674122,0.54539794,0.01880764,74.375,31.5,0.78702956
2025-09-11 16:30:00,300.96338,98096.15,90859.87,0.60545015,0.85864043,0.018868655,74.375,31.5,1.0506346
2025-09-11 17:30:00,300.42514,98074.875,92193.88,0.5389238,1.09135,0.01871606,74.375,31.5,1.2171621
2025-09-11 18:30:00,300.01367,98056.19,92399.7,0.50412244,1.1947275,0.01850245,74.375,31.5,1.2967318
2025-09-11 19:30:00,299.47925,98043.984,92027.914,0.6158855,1.2995733,0.018395657,74.375,31.5,1.4381258
2025-09-11 20:30:00,298.7846,98020.59,91823.51,0.8043398,1.4608006,0.01835754,74.375,31.5,1.6676034
2025-09-11 21:30:00,298.22665,98009.89,91797.36,0.9277334,1.5505573,0.01821258,74.375,31.5,1.8069081
2025-09-11 22:30:00,297.82794,98011.3,91965.86,0.9738234,1.5738242,0.018014226,74.375,31.5,1.8507444
2025-09-11 23:30:00,297.47208,98039.086,92052.586,0.9972631,1.5735202,0.017792994,74.375,31.5,1.8629277
2025-09-12 00:30:00,297.1337,98093.4,92209.695,1.0394019,1.5114872,0.017571758,74.375,31.5,1.8343799
2025-09-12 01:30:00,297.95755,98164.02,91944.59,1.0877322,1.3862212,0.018372858,74.375,31.5,1.762036
2025-09-12 02:30:00,299.17484,98239.28,92008.65,1.4897478,1.5570054,0.018464407,74.375,31.5,2.1549046
2025-09-12 03:30:00,300.9792,98309.234,91433.16,1.373383,1.6137528,0.019456228,74.375,31.5,2.1190515
2025-09-12 04:30:00,303.4497,98360.19,89344.78,1.134801,2.5384479,0.019189192,74.375,31.5,2.780556
2025-09-12 05:30:00,304.5163,98372.58,84674.234,0.9471751,3.0914502,0.019402806,74.375,31.5,3.2332962
2025-09-12 06:30:00,305.12607,98336.53,82145.18,0.8583723,3.3965607,0.019570641,74.375,31.5,3.503345
2025-09-12 07:30:00,305.38852,98265.66,81050.87,0.80359894,3.5742009,0.019784257,74.375,31.5,3.663425
2025-09-12 08:30:00,305.41034,98192.53,80797.83,0.7046384,3.6909335,0.019929215,74.375,31.5,3.757593
2025-09-12 09:30:00,305.17157,98129.99,81270.87,0.5985483,3.4765344,0.020081826,74.375,31.5,3.5276835
2025-09-12 10:30:00,305.04303,98082.28,81117.14,0.5280349,3.0753,0.02012,74.375,31.5,3.120303
2025-09-12 11:30:00,304.50958,98058.8,82364.35,0.48184502,2.885943,0.020188626,74.375,31.5,2.9258916
2025-09-12 12:30:00,302.9433,98046.34,90711.41,0.41068342,2.5529509,0.02053955,74.375,31.5,2.5857725
2025-09-12 13:30:00,301.17438,98060.625,95408.37,0.3322553,2.107335,0.02063871,74.375,31.5,2.133367
2025-09-12 14:30:00,300.75095,98093.44,95623.086,0.3444062,2.0637565,0.019822344,74.375,31.5,2.0922968
2025-09-12 15:30:00,300.40533,98139.92,94475.81,0.4920203,1.9739941,0.019326419,74.375,31.5,2.0343885
2025-09-12 16:30:00,299.9489,98153.35,92322.54,0.80062807,1.8556345,0.01901358,74.375,31.5,2.020986
2025-09-12 17:30:00,299.47974,98167.68,90026.58,1.183363,1.6550947,0.018769413,74.375,31.5,2.034622
2025-09-12 18:30:00,298.99796,98183.0,88341.55,1.5888389,1.3969489,0.018555772,74.375,31.5,2.1156266
2025-09-12 19:30:00,298.50043,98193.234,88188.96,1.8681071,1.2821522,0.018326873,74.375,31.5,2.2657754
2025-09-12 20:30:00,298.04718,98166.84,87621.25,1.941576,1.3628433,0.01806746,74.375,31.5,2.3721423
2025-09-12 21:30:00,297.66602,98142.125,87822.54,1.8375493,1.5002643,0.01781566,74.375,31.5,2.37221
2025-09-12 22:30:00,297.32382,98128.766,88578.5,1.6822066,1.5658964,0.017586734,74.375,31.5,2.2982278
2025-09-12 23:30:00,297.02283,98136.85,89583.21,1.5638596,1.5543338,0.017373068,74.375,31.5,2.204906
2025-09-13 00:30:00,296.73706,98171.51,89606.89,1.4951223,1.4725666,0.017174656,74.375,31.5,2.0985336
2025-09-13 01:30:00,297.67642,98231.96,89666.8,1.4153349,1.2372175,0.017914658,74.375,31.5,1.8798617
2025-09-13 02:30:00,298.9999,98308.77,89218.91,1.8785752,1.2562234,0.017922252,74.375,31.5,2.2598987
2025-09-13 03:30:00,300.61163,98363.04,88282.805,1.6869335,0.741567,0.01932605,74.375,31.5,1.8427334
2025-09-13 04:30:00,304.0366,98395.336,84211.64,1.4243197,1.4240692,0.018647047,74.375,31.5,2.014115
2025-09-13 05:30:00,305.2993,98402.1,81789.08,1.1683095,1.5562911,0.019005666,74.375,31.5,1.9460187
2025-09-13 06:30:00,305.91797,98367.586,81059.09,1.0846909,1.5513263,0.019478764,74.375,31.5,1.8929256
2025-09-13 07:30:00,306.2535,98289.12,80289.89,1.0865438,1.5769858,0.019814506,74.375,31.5,1.9150618
2025-09-13 08:30:00,306.34958,98210.11,80401.14,1.1653211,1.6911085,0.019997654,74.375,31.5,2.0537333
2025-09-13 09:30:00,306.05853,98133.28,80919.2,1.2354311,1.8389409,0.020089248,74.375,31.5,2.215399
2025-09-13 10:30:00,305.77628,98080.77,81897.766,1.1962142,1.8745198,0.020379202,74.375,31.5,2.22368
2025-09-13 11:30:00,305.224,98048.42,85773.625,1.0706477,1.9642844,0.020310583,74.375,31.5,2.2371187
2025-09-13 12:30:00,303.67896,98038.91,90330.984,0.88373214,1.9509587,0.020539451,74.375,31.5,2.1417801
2025-09-13 13:30:00,302.07068,98045.76,94378.94,0.6376612,1.5320327,0.021119285,74.375,31.5,1.6594385
2025-09-13 14:30:00,301.85254,98085.71,95155.93,0.58494055,1.3395092,0.02005118,74.375,31.5,1.4616568
2025-09-13 15:30:00,301.75522,98143.695,97412.67,0.7408784,0.9633105,0.019280626,74.375,31.5,1.2152646
2025-09-13 16:30:00,301.25076,98159.32,97420.234,1.1520363,0.5690017,0.019074654,74.375,31.5,1.2848932
2025-09-13 17:30:00,300.35614,98146.445,97412.664,1.5740726,0.36462712,0.019204356,74.375,31.5,1.6157529
2025-09-13 18:30:00,299.584,98131.11,97394.2,1.8950071,0.32295537,0.019166205,74.375,31.5,1.9223299
2025-09-13 19:30:00,299.04123,98129.31,97399.09,2.0726268,0.33367443,0.018960204,74.375,31.5,2.0993145
2025-09-13 20:30:00,298.58777,98099.66,97373.97,2.1139188,0.5154369,0.01873131,74.375,31.5,2.175851
2025-09-13 21:30:00,298.2036,98082.97,97348.44,2.0496635,0.7494321,0.018502407,74.375,31.5,2.1823769
2025-09-13 22:30:00,297.8497,98097.95,97370.69,1.9954865,0.7753017,0.018288752,74.375,31.5,2.140808
2025-09-13 23:30:00,297.5221,98143.59,97406.59,2.0093505,0.6097319,0.018097999,74.375,31.5,2.0998244
2025-09-14 00:30:00,297.2311,98199.77,97467.67,2.0356584,0.44419742,0.01789962,74.375,31.5,2.0835586
2025-09-14 01:30:00,297.9997,98262.555,97531.766,2.0862179,0.39388788,0.018403133,74.375,31.5,2.1230762
2025-09-14 02:30:00,299.23096,98325.02,97587.86,2.6990008,0.42813468,0.018479403,74.375,31.5,2.7327468
2025-09-14 03:30:00,300.9517,98362.76,95984.0,2.1339717,0.33640945,0.019761136,74.375,31.5,2.1603255
2025-09-14 04:30:00,303.9265,98387.81,88726.43,2.0612812,1.4442104,0.019021098,74.375,31.5,2.5168679
2025-09-14 05:30:00,305.1552,98366.414,85543.266,1.7349579,1.8164353,0.019097421,74.375,31.5,2.5118752
2025-09-14 06:30:00,305.8321,98307.33,83548.7,1.4311346,2.0265956,0.019356865,74.375,31.5,2.4809747
2025-09-14 07:30:00,306.2353,98229.914,82147.92,1.1173594,2.2047036,0.019616326,74.375,31.5,2.4716816
2025-09-14 08:30:00,306.39435,98136.414,81817.97,0.790545,2.3606548,0.019829975,74.375,31.5,2.4895086
2025-09-14 09:30:00,306.19907,98051.266,81827.29,0.6374953,2.3321397,0.020074194,74.375,31.5,2.4177005
2025-09-14 10:30:00,306.1358,97988.17,82856.5,0.5634258,2.184939,0.020081948,74.375,31.5,2.2564147
2025-09-14 11:30:00,305.64288,97955.07,81751.19,0.50661266,2.1373396,0.020173622,74.375,31.5,2.1965601
2025-09-14 12:30:00,303.98187,97952.766,91395.36,0.44445527,1.9672793,0.020669486,74.375,31.5,2.016861
2025-09-14 13:30:00,302.63293,97964.49,97226.97,0.4173149,1.5375463,0.021005133,74.375,31.5,1.593173
2025-09-14 14:30:00,302.41455,97993.82,97267.6,0.6004499,1.3066634,0.019936994,74.375,31.5,1.4380227
2025-09-14 15:30:00,301.94287,98025.19,97287.72,0.8596548,1.1184475,0.019532615,74.375,31.5,1.4106493
2025-09-14 16:30:00,301.262,98033.07,97293.41,1.1654704,1.005749,0.019395255,74.375,31.5,1.5394324
2025-09-14 17:30:00,300.5559,98022.94,97288.266,1.4498458,0.9067086,0.019280788,74.375,31.5,1.7100215
2025-09-14 18:30:00,299.8501,98015.766,97281.25,1.629672,0.90649873,0.019212099,74.375,31.5,1.8648247
2025-09-14 19:30:00,299.19183,97992.52,97263.516,1.7188169,1.0273426,0.019105265,74.375,31.5,2.0024395
2025-09-14 20:30:00,298.65466,97970.68,97232.2,1.7243402,1.2104784,0.018891597,74.375,31.5,2.1068003
2025-09-14 21:30:00,298.2719,97941.83,93230.11,1.66674,1.3882782,0.018655038,74.375,31.5,2.1691792
2025-09-14 22:30:00,297.92978,97918.586,92873.07,1.5553472,1.6187176,0.018357452,74.375,31.5,2.24485
2025-09-14 23:30:00,297.60254,97917.11,94544.75,1.4248772,1.7971879,0.018052239,74.375,31.5,2.2935038
2025-09-15 00:30:00,297.2722,97926.45,94183.43,1.306966,1.898243,0.017754681,74.375,31.5,2.3046663
2025-09-15 01:30:00,297.8401,97962.65,93833.39,1.2847152,2.064624,0.01802938,74.375,31.5,2.4317002
2025-09-15 02:30:00,298.95554,98011.81,93771.89,1.5686496,2.6359065,0.018067611,74.375,31.5,3.0673547
2025-09-15 03:30:00,300.27856,98047.71,93499.734,1.4085755,2.4253676,0.01926554,74.375,31.5,2.8047268
2025-09-15 04:30:00,302.7141,98059.2,95115.57,1.183409,2.926548,0.019616624,74.375,31.5,3.156761
2025-09-15 05:30:00,304.5407,98050.94,89541.45,0.85027796,3.396523,0.019479327,74.375,31.5,3.5013342
2025-09-15 06:30:00,305.71527,97993.266,83764.56,0.6505606,3.412486,0.019532701,74.375,31.5,3.4739447
2025-09-15 07:30:00,306.22836,97923.66,81418.375,0.6123249,3.2559319,0.01970067,74.375,31.5,3.3130097
2025-09-15 08:30:00,306.37903,97842.914,80718.28,0.6610198,3.1237066,0.02002105,74.375,31.5,3.192881
2025-09-15 09:30:00,306.3141,97774.625,80696.77,0.6036383,2.8901699,0.020394843,74.375,31.5,2.9525347
2025-09-15 10:30:00,306.2049,97730.5,80727.09,0.4197464,2.6396284,0.020562641,74.375,31.5,2.6727934
2025-09-15 11:30:00,305.77435,97713.234,80348.16,0.18696421,2.4620152,0.020867739,74.375,31.5,2.4691038
2025-09-15 12:30:00,304.17407,97717.18,82574.78,-0.03405589,2.1625996,0.021577207,74.375,31.5,2.1628678
2025-09-15 13:30:00,302.81656,97750.375,85606.67,-0.23034275,1.6833365,0.02189756,74.375,31.5,1.6990231
2025-09-15 14:30:00,302.62146,97802.234,86470.55,-0.27380186,1.5132403,0.021073533,74.375,31.5,1.5378113
2025-09-15 15:30:00,302.40976,97864.3,87005.64,0.09472358,1.4216495,0.020699665,74.375,31.5,1.4248017
2025-09-15 16:30:00,301.80203,97889.69,80416.414,0.8314041,1.356923,0.020737808,74.375,31.5,1.5913744
2025-09-15 17:30:00,300.96326,97881.19,81851.63,1.5560417,1.2750071,0.02077595,74.375,31.5,2.011693
2025-09-15 18:30:00,300.30237,97864.36,81274.66,2.0445533,1.2421069,0.020432616,74.375,31.5,2.392285
2025-09-15 19:30:00,299.7721,97839.12,81960.55,2.3219564,1.3574761,0.019936688,74.375,31.5,2.689651
2025-09-15 20:30:00,299.27667,97825.28,81053.44,2.4805825,1.5682799,0.01944838,74.375,31.5,2.9347558
2025-09-15 21:30:00,298.81317,97839.59,80401.94,2.3905,1.637699,0.019089777,74.375,31.5,2.8976798
2025-09-15 22:30:00,298.38046,97853.875,80040.72,2.1944132,1.7034365,0.018731188,74.375,31.5,2.777975
2025-09-15 23:30:00,297.94684,97881.59,78965.734,2.024297,1.8773588,0.018242901,74.375,31.5,2.760843
2025-09-16 00:30:00,297.53076,97922.195,79097.016,1.8439031,2.0882082,0.017693615,74.375,31.5,2.7857838
2025-09-16 01:30:00,297.95844,97971.5,79571.36,1.7575864,2.437795,0.017640306,74.375,31.5,3.005321
2025-09-16 02:30:00,299.39594,98020.23,80262.22,1.9600668,3.1339495,0.017594637,74.375,31.5,3.6964173
2025-09-16 03:30:00,300.81747,98058.55,81373.08,1.8180164,2.9203641,0.01858653,74.375,31.5,3.440016
2025-09-16 04:30:00,302.80435,98086.44,83280.87,1.873955,2.6555042,0.02063129,74.375,31.5,3.25014
2025-09-16 05:30:00,305.70493,98080.69,86477.61,1.9717431,2.806991,0.019418327,74.375,31.5,3.4303017
2025-09-16 06:30:00,306.98434,98048.64,81418.1,1.811774,2.733325,0.018853871,74.375,31.5,3.2792668
2025-09-16 07:30:00,307.35718,97999.56,79549.71,1.6028447,2.4591074,0.019044664,74.375,31.5,2.935357
2025-09-16 08:30:00,307.38193,97936.19,79161.16,1.4074504,2.25357,0.019181976,74.375,31.5,2.656971
2025-09-16 09:30:00,307.16052,97876.875,79187.45,1.1860325,2.07162,0.019242935,74.375,31.5,2.3871076
2025-09-16 10:30:00,307.17273,97834.56,78722.98,0.8857721,1.8077244,0.019136017,74.375,31.5,2.0130723
2025-09-16 11:30:00,306.61475,97829.09,79793.06,0.71981496,1.8588682,0.018304348,74.375,31.5,1.9933702
2025-09-16 12:30:00,304.86166,97847.19,92650.36,0.599015,1.5301672,0.019822586,74.375,31.5,1.643238
2025-09-16 13:30:00,303.53708,97873.56,97145.2,0.7094169,1.0662991,0.020425342,74.375,31.5,1.2807288
2025-09-16 14:30:00,303.01605,97917.19,97187.75,1.0096941,0.7934456,0.019670084,74.375,31.5,1.2841488
2025-09-16 15:30:00,302.24997,97958.17,97222.91,1.3017373,0.67358136,0.01954796,74.375,31.5,1.4656848
2025-09-16 16:30:00,301.41608,97972.336,97238.625,1.5505824,0.6509349,0.01942583,74.375,31.5,1.6816723
2025-09-16 17:30:00,300.68945,97973.56,97239.6,1.7510393,0.60254306,0.019204505,74.375,31.5,1.851809
2025-09-16 18:30:00,300.01132,97975.19,97233.79,1.9235151,0.5754683,0.018945066,74.375,31.5,2.0077534
2025-09-16 19:30:00,299.39362,97964.61,97228.875,2.0517354,0.6559128,0.018685656,74.375,31.5,2.1540287
2025-09-16 20:30:00,298.83792,97940.18,97201.78,2.1042964,0.8540615,0.018395731,74.375,31.5,2.2710097
2025-09-16 21:30:00,298.3747,97932.62,97202.69,2.0777874,1.0119038,0.018136343,74.375,31.5,2.3110929
2025-09-16 22:30:00,298.01633,97956.375,97215.3,2.0015526,1.0813596,0.017953305,74.375,31.5,2.274984
2025-09-16 23:30:00,297.7303,97982.95,97238.69,1.9162798,1.1061058,0.017808486,74.375,31.5,2.2126
2025-09-17 00:30:00,297.49426,98020.19,97294.25,1.8231239,1.133194,0.017694294,74.375,31.5,2.146604
2025-09-17 01:30:00,298.1885,98081.2,95731.97,1.6097541,1.1094068,0.018320154,74.375,31.5,1.955017
2025-09-17 02:30:00,299.6193,98150.43,92586.36,1.9308938,1.5234898,0.018152636,74.375,31.5,2.459547
2025-09-17 03:30:00,300.94852,98207.945,91709.734,1.6063137,1.347508,0.019160068,74.375,31.5,2.0966692
2025-09-17 04:30:00,303.72195,98224.77,87652.55,1.0787917,1.7536138,0.019961363,74.375,31.5,2.0588717
2025-09-17 05:30:00,306.16602,98204.96,82467.95,0.4515274,2.1992757,0.019030763,74.375,31.5,2.2451484
2025-09-17 06:30:00,306.72195,98150.69,80702.81,0.21201992,2.031151,0.019412408,74.375,31.5,2.0421867
2025-09-17 07:30:00,307.07446,98080.28,80157.3,0.09433156,1.8809007,0.019786373,74.375,31.5,1.8832648
2025-09-17 08:30:00,307.17078,97999.734,80120.45,-0.077709794,1.8363878,0.020060949,74.375,31.5,1.8380313
2025-09-17 09:30:00,307.00772,97916.31,80811.734,-0.45733005,1.8478072,0.020335391,74.375,31.5,1.9035604
2025-09-17 10:30:00,306.81168,97859.35,81678.23,-0.8217843,1.7548836,0.020724248,74.375,31.5,1.9377683
2025-09-17 11:30:00,306.41818,97853.51,85226.305,-0.9867791,1.6089487,0.020853734,74.375,31.5,1.8874451
2025-09-17 12:30:00,304.9347,97867.8,92074.09,-1.0145457,1.4000111,0.021250201,74.375,31.5,1.7289691
2025-09-17 13:30:00,303.4651,97903.234,97180.0,-0.93146825,0.95119256,0.021486495,74.375,31.5,1.3313153
2025-09-17 14:30:00,303.24695,97967.95,97239.805,-0.80269814,0.6301214,0.020494483,74.375,31.5,1.020479
2025-09-17 15:30:00,303.12097,98015.49,97274.17,-0.4002754,0.45496988,0.019769514,74.375,31.5,0.60598516
2025-09-17 16:30:00,302.80106,98030.91,97299.42,0.17697763,0.4290992,0.019342098,74.375,31.5,0.46416292
2025-09-17 17:30:00,302.08826,98029.13,97290.14,0.67722636,0.3843583,0.019326692,74.375,31.5,0.7786956
2025-09-17 18:30:00,301.37332,98022.82,97286.11,1.0220366,0.3773967,0.019250285,74.375,31.5,1.0894893
2025-09-17 19:30:00,300.71338,98013.52,97281.89,1.205436,0.4607066,0.019089978,74.375,31.5,1.2904752
2025-09-17 20:30:00,300.04092,97975.42,97239.03,1.2666969,0.6606622,0.018922051,74.375,31.5,1.4286342
2025-09-17 21:30:00,299.42126,97949.6,97210.72,1.2907835,0.8747202,0.018738875,74.375,31.5,1.559249
2025-09-17 22:30:00,298.8192,97935.234,97211.76,1.3244642,1.0732437,0.018586209,74.375,31.5,1.7047163
2025-09-17 23:30:00,298.25665,97953.5,97222.83,1.4240217,1.244572,0.018433578,74.375,31.5,1.8912423
2025-09-18 00:30:00,297.79276,97994.18,96726.97,1.5834868,1.3480453,0.01824288,74.375,31.5,2.0795808
2025-09-18 01:30:00,298.47363,98043.53,92009.33,1.7094929,1.3936738,0.018822819,74.375,31.5,2.2056048
2025-09-18 02:30:00,299.9306,98109.52,88615.96,2.5534847,2.0395646,0.018876387,74.375,31.5,3.2680435
2025-09-18 03:30:00,301.33588,98159.0,87124.47,2.4333436,1.8646547,0.020219319,74.375,31.5,3.0656316
2025-09-18 04:30:00,303.89435,98186.91,86219.39,2.169311,2.0301402,0.021035826,74.375,31.5,2.9710906
2025-09-18 05:30:00,305.98416,98174.12,82655.95,1.5930854,2.2079265,0.01944909,74.375,31.5,2.722657
2025-09-18 06:30:00,306.4155,98127.19,81165.1,1.2987726,1.9305878,0.019403508,74.375,31.5,2.326796
2025-09-18 07:30:00,306.70508,98049.44,80760.45,1.1660932,1.6576899,0.019449454,74.375,31.5,2.0267484
2025-09-18 08:30:00,306.75818,97964.66,80683.0,1.1109992,1.4045558,0.01941904,74.375,31.5,1.7908368
2025-09-18 09:30:00,306.5484,97889.44,80687.625,0.924059,1.2654124,0.019357974,74.375,31.5,1.566893
2025-09-18 10:30:00,306.40195,97847.3,81541.266,0.613892,1.200696,0.019487612,74.375,31.5,1.3485304
2025-09-18 11:30:00,306.17038,97846.2,84023.2,0.32755572,1.1360649,0.019403717,74.375,31.5,1.1823435
2025-09-18 12:30:00,304.9588,97877.81,91125.9,0.08159506,1.0578595,0.019579306,74.375,31.5,1.0610017
2025-09-18 13:30:00,304.0037,97923.07,97196.31,-0.17624772,0.58823335,0.019426834,74.375,31.5,0.6140698
2025-09-18 14:30:00,303.59528,97992.67,97257.56,-0.35479772,-0.0025262982,0.018694418,74.375,31.5,0.3548067
2025-09-18 15:30:00,302.8553,98051.95,97309.305,-0.29199123,-0.51738137,0.018984303,74.375,31.5,0.5940895
2025-09-18 16:30:00,302.23206,98066.64,97334.75,-0.027014375,-0.89089084,0.01894612,74.375,31.5,0.8913003
2025-09-18 17:30:00,301.59027,98060.516,97330.87,0.32246125,-1.1965762,0.018961264,74.375,31.5,1.2392642
2025-09-18 18:30:00,300.8771,98052.57,97324.99,0.69272923,-1.3681206,0.019014437,74.375,31.5,1.5335017
2025-09-18 19:30:00,300.19592,98039.38,97308.1,1.0388368,-1.3609627,0.018930277,74.375,31.5,1.7121336
2025-09-18 20:30:00,299.58646,98024.0,97281.69,1.3455288,-1.1852895,0.018861445,74.375,31.5,1.7931422
2025-09-18 21:30:00,299.1451,98017.31,95260.39,1.5838743,-0.8479612,0.01873933,74.375,31.5,1.796579
2025-09-18 22:30:00,298.73618,98027.09,83010.516,1.7300339,-0.40279123,0.018685805,74.375,31.5,1.7763046
2025-09-18 23:30:00,298.3739,98064.83,79554.87,1.7926418,0.041676044,0.018609403,74.375,31.5,1.7931261
2025-09-19 00:30:00,298.09784,98123.33,79907.11,1.8025908,0.4266082,0.018502548,74.375,31.5,1.8523844
2025-09-19 01:30:00,298.703,98191.82,88552.625,1.6823069,0.6512304,0.019082395,74.375,31.5,1.8039562
2025-09-19 02:30:00,300.07898,98271.836,92242.984,2.269709,1.0801971,0.018983277,74.375,31.5,2.5136437
2025-09-19 03:30:00,301.32275,98331.22,92744.73,2.2603707,1.1487662,0.019799711,74.375,31.5,2.5355353
2025-09-19 04:30:00,303.6549,98359.78,94673.1,2.061067,1.5694768,0.02050173,74.375,31.5,2.590609
2025-09-19 05:30:00,305.47617,98344.734,90027.15,1.6044642,2.3154883,0.020227205,74.375,31.5,2.8170538
2025-09-19 06:30:00,306.40555,98292.96,84815.9,0.78234833,2.7183423,0.020006066,74.375,31.5,2.828684
2025-09-19 07:30:00,306.93295,98219.125,81302.47,-0.087635815,2.800103,0.01967807,74.375,31.5,2.801474
2025-09-19 08:30:00,307.12958,98133.1,79888.89,-0.8181957,2.6832929,0.019540736,74.375,31.5,2.8052638
2025-09-19 09:30:00,306.9094,98066.836,80059.95,-1.2352352,2.4515128,0.01957115,74.375,31.5,2.7451267
2025-09-19 10:30:00,306.68118,98032.86,81249.195,-1.3201101,2.0997243,0.019662544,74.375,31.5,2.4802284
2025-09-19 11:30:00,306.1113,98017.945,85133.04,-1.3353909,2.0469425,0.018899482,74.375,31.5,2.4440217
2025-09-19 12:30:00,304.1695,98027.58,94054.336,-1.0784789,1.6141503,0.02052445,74.375,31.5,1.9412878
2025-09-19 13:30:00,302.80255,98041.375,97313.31,-0.9481088,1.2259744,0.02016578,74.375,31.5,1.5498141
2025-09-19 14:30:00,302.70044,98071.85,97338.09,-0.7932817,0.9760158,0.018906858,74.375,31.5,1.2577372
2025-09-19 15:30:00,302.55304,98109.31,97374.766,-0.5670004,0.6937542,0.018105688,74.375,31.5,0.8959823
2025-09-19 16:30:00,302.29785,98117.09,97377.51,-0.32393193,0.39915332,0.017624954,74.375,31.5,0.5140577
2025-09-19 17:30:00,301.74606,98118.79,97383.805,-0.11174703,0.08215986,0.017380731,74.375,31.5,0.13869983
2025-09-19 18:30:00,301.13922,98116.71,97378.3,0.13145661,-0.2610646,0.01742644,74.375,31.5,0.2922936
2025-09-19 19:30:00,300.28906,98113.664,97374.875,0.42909777,-0.510239,0.017540837,74.375,31.5,0.66668487
2025-09-19 20:30:00,299.58368,98101.8,97361.414,0.7803645,-0.59174424,0.017540827,74.375,31.5,0.9793519
2025-09-19 21:30:00,298.86862,98087.2,97355.86,1.1452277,-0.44523507,0.017571345,74.375,31.5,1.2287314
2025-09-19 22:30:00,298.2039,98090.55,97352.42,1.4676067,-0.122801065,0.017495105,74.375,31.5,1.4727354
2025-09-19 23:30:00,297.55798,98114.56,97371.39,1.7178013,0.28016576,0.0173884,74.375,31.5,1.7404983
2025-09-20 00:30:00,297.02322,98160.414,97420.81,1.857475,0.69336015,0.01713675,74.375,31.5,1.9826653
2025-09-20 01:30:00,297.52753,98211.305,97474.58,1.7363808,0.9963742,0.017548928,74.375,31.5,2.001944
2025-09-20 02:30:00,299.03833,98265.47,97525.5,2.2811468,1.7409804,0.017221112,74.375,31.5,2.8696067
2025-09-20 03:30:00,300.29077,98310.305,97568.36,1.9657562,1.821135,0.017961485,74.375,31.5,2.6796885
2025-09-20 04:30:00,302.6944,98320.02,92764.91,1.4257863,2.4649544,0.018679013,74.375,31.5,2.8476071
2025-09-20 05:30:00,304.93985,98300.414,85517.09,0.5978071,3.2995872,0.01761879,74.375,31.5,3.3533041
2025-09-20 06:30:00,305.67194,98263.72,82856.11,-0.12333006,3.1730819,0.017657107,74.375,31.5,3.1754777
2025-09-20 07:30:00,306.02856,98199.53,81418.484,-0.65329856,2.876179,0.018031055,74.375,31.5,2.9494414
2025-09-20 08:30:00,306.10928,98132.625,81111.69,-1.0967717,2.5662591,0.018351506,74.375,31.5,2.7908053
2025-09-20 09:30:00,306.09122,98068.67,81043.92,-1.3642215,2.2582998,0.01852691,74.375,31.5,2.638374
2025-09-20 10:30:00,305.7751,98010.74,81851.9,-1.3851784,1.9956175,0.018686997,74.375,31.5,2.4292405
2025-09-20 11:30:00,305.2682,97987.36,82008.75,-1.2841105,1.9043067,0.018480873,74.375,31.5,2.2968073
2025-09-20 12:30:00,303.30762,97990.18,94188.66,-1.1333618,1.5635664,0.020014253,74.375,31.5,1.9311264
2025-09-20 13:30:00,301.60934,98007.41,97265.08,-1.2772528,1.2368217,0.019274063,74.375,31.5,1.777949
2025-09-20 14:30:00,301.0892,98026.75,97298.695,-1.3603617,1.0118918,0.018449964,74.375,31.5,1.6954377
2025-09-20 15:30:00,300.7155,98055.6,97325.7,-1.3176253,0.9103528,0.017870007,74.375,31.5,1.6015239
2025-09-20 16:30:00,300.40417,98061.664,97332.05,-1.149659,0.9164386,0.017419742,74.375,31.5,1.4702297
2025-09-20 17:30:00,300.25272,98045.734,97308.016,-0.85183334,0.9481227,0.016961848,74.375,31.5,1.274581
2025-09-20 18:30:00,300.04013,98037.17,97296.06,-0.36261487,1.0396984,0.016648935,74.375,31.5,1.1011186
2025-09-20 19:30:00,299.41486,98023.16,97280.71,0.23480201,1.2448984,0.016625976,74.375,31.5,1.2668481
2025-09-20 20:30:00,298.49872,97995.35,97257.11,0.742152,1.4950178,0.016770894,74.375,31.5,1.6690918
2025-09-20 21:30:00,297.71976,97970.72,97237.2,1.1073096,1.5254501,0.016747985,74.375,31.5,1.8849754
2025-09-20 22:30:00,297.16498,97978.914,97244.484,1.3846912,1.3441697,0.016549613,74.375,31.5,1.9298089
2025-09-20 23:30:00,296.73773,97999.55,97260.83,1.5716199,1.0737724,0.016297843,74.375,31.5,1.9034117
2025-09-21 00:30:00,296.34033,98049.945,96037.94,1.7045635,0.7422088,0.016023237,74.375,31.5,1.8591424
2025-09-21 01:30:00,296.82275,98119.45,95635.2,1.5753872,0.39746457,0.016816817,74.375,31.5,1.6247532
2025-09-21 02:30:00,298.37366,98201.65,95720.14,2.1252263,0.21734756,0.016519431,74.375,31.5,2.1363115
2025-09-21 03:30:00,299.69287,98253.28,95640.28,1.8923515,0.13958669,0.017435195,74.375,31.5,1.8974928
2025-09-21 04:30:00,302.71555,98267.58,91754.72,1.3951857,1.2642317,0.017984832,74.375,31.5,1.8827705
2025-09-21 05:30:00,305.07858,98241.734,85080.73,0.5323431,2.7079875,0.017702913,74.375,31.5,2.7598162
2025-09-21 06:30:00,306.13074,98175.58,81802.53,-0.31931007,3.1771483,0.01793216,74.375,31.5,3.1931539
2025-09-21 07:30:00,306.5273,98098.39,81062.03,-0.9741007,3.2832897,0.018146088,74.375,31.5,3.424743
2025-09-21 08:30:00,306.6785,98009.836,80933.89,-1.4495261,3.248262,0.018283615,74.375,31.5,3.5570116
2025-09-21 09:30:00,306.59534,97931.28,80984.66,-1.5551437,3.0447514,0.018146332,74.375,31.5,3.4189155
2025-09-21 10:30:00,306.35977,97879.85,80852.484,-1.272969,2.636325,0.018260663,74.375,31.5,2.9275687
2025-09-21 11:30:00,305.66107,97866.11,82816.11,-1.0750153,2.7317586,0.017421259,74.375,31.5,2.9356709
2025-09-21 12:30:00,303.3263,97875.26,95658.336,-0.7589172,1.9967436,0.020190597,74.375,31.5,2.1361039
2025-09-21 13:30:00,302.12402,97896.0,97166.67,-0.73929167,1.6524432,0.018214483,74.375,31.5,1.8102819
2025-09-21 14:30:00,302.10873,97933.266,97200.6,-0.5468305,1.2992308,0.016978336,74.375,31.5,1.4096185
2025-09-21 15:30:00,301.6685,97965.93,97236.98,-0.33003348,1.1243019,0.016451707,74.375,31.5,1.171741
2025-09-21 16:30:00,301.24026,97969.81,91052.625,-0.16144253,1.0648015,0.015970832,74.375,31.5,1.0769707
2025-09-21 17:30:00,300.84775,97958.07,89503.14,0.00034797192,0.99944866,0.015516706,74.375,31.5,0.9994487
2025-09-21 18:30:00,300.31476,97942.91,89489.875,0.22605681,0.905761,0.015241905,74.375,31.5,0.93354416
2025-09-21 19:30:00,299.61926,97926.49,89438.58,0.5520219,0.88858557,0.015119747,74.375,31.5,1.046094
2025-09-21 20:30:00,298.56897,97900.25,84917.27,0.8962041,1.0142598,0.01505485,74.375,31.5,1.3534788
2025-09-21 21:30:00,297.76294,97891.09,84001.055,1.1647115,1.0942037,0.014925161,74.375,31.5,1.598072
2025-09-21 22:30:00,297.03696,97897.42,83307.44,1.3407549,1.0920674,0.01474591,74.375,31.5,1.7292296
2025-09-21 23:30:00,296.3685,97941.75,83526.39,1.4470813,1.1494064,0.014547561,74.375,31.5,1.8480204
2025-09-22 00:30:00,295.83667,98007.734,85128.6,1.4699609,1.2373079,0.014314954,74.375,31.5,1.921384
2025-09-22 01:30:00,296.2212,98091.445,89621.2,1.2858405,1.1761707,0.015306914,74.375,31.5,1.7426312
2025-09-22 02:30:00,298.371,98179.25,89697.11,1.3268502,1.3340929,0.015291818,74.375,31.5,1.8815778
2025-09-22 03:30:00,299.55014,98236.72,89752.516,1.1024776,1.3675957,0.015539983,74.375,31.5,1.7566373
2025-09-22 04:30:00,301.60388,98258.734,92477.42,0.6866428,1.5227106,0.017336886,74.375,31.5,1.670367
2025-09-22 05:30:00,304.5859,98247.96,90685.79,0.2929088,2.502561,0.016711501,74.375,31.5,2.5196443
2025-09-22 06:30:00,306.29645,98204.3,85454.55,-0.28721982,3.0739822,0.016711691,74.375,31.5,3.0873713
2025-09-22 07:30:00,307.01508,98138.875,82269.984,-0.79117405,3.199938,0.01672704,74.375,31.5,3.296295
2025-09-22 08:30:00,307.3512,98073.44,80186.42,-1.2109386,3.2039437,0.016696492,74.375,31.5,3.4251463
2025-09-22 09:30:00,307.13812,98011.25,79981.26,-1.3043697,3.0121627,0.016803125,74.375,31.5,3.282454
2025-09-22 10:30:00,307.28345,97966.82,78777.83,-1.060419,2.7780416,0.016512873,74.375,31.5,2.9735506
2025-09-22 11:30:00,306.25638,97953.36,81769.27,-0.90349585,2.906884,0.015658068,74.375,31.5,3.0440564
2025-09-22 12:30:00,303.79538,97958.086,89228.28,-0.60686374,2.0182528,0.019373383,74.375,31.5,2.1075172
2025-09-22 13:30:00,302.89102,97961.77,89752.72,-0.46600854,1.6405799,0.016809797,74.375,31.5,1.7054813
2025-09-22 14:30:00,302.7406,97998.836,89282.875,-0.05866325,1.3278804,0.0158027,74.375,31.5,1.3291756
2025-09-22 15:30:00,302.15805,98022.41,86301.695,0.39428866,1.297988,0.015302958,74.375,31.5,1.3565532
2025-09-22 16:30:00,300.87292,98030.17,83140.63,0.7535069,1.4372395,0.015382967,74.375,31.5,1.6227846
2025-09-22 17:30:00,299.74933,98021.305,83734.945,1.0038298,1.6369017,0.015161676,74.375,31.5,1.920188
2025-09-22 18:30:00,298.55228,98017.3,93110.11,1.1097562,1.8437786,0.015005158,74.375,31.5,2.1519942
2025-09-22 19:30:00,297.38928,97999.14,97262.36,1.0891334,2.0469627,0.014825754,74.375,31.5,2.3186781
2025-09-22 20:30:00,296.2978,97965.94,97236.84,0.9631218,2.2634337,0.014596772,74.375,31.5,2.4598243
2025-09-22 21:30:00,295.4383,97942.73,97204.39,0.90732205,2.3473914,0.014234312,74.375,31.5,2.5166404
2025-09-22 22:30:00,294.7873,97948.61,97205.2,0.8934573,2.3321478,0.013841375,74.375,31.5,2.4974346
2025-09-22 23:30:00,294.28992,97985.516,97253.016,0.871691,2.2943344,0.013482817,74.375,31.5,2.4543462
2025-09-23 00:30:00,293.97363,98040.44,97314.64,0.85387087,2.2183409,0.013196841,74.375,31.5,2.3770006
2025-09-23 01:30:00,294.69162,98116.41,97388.05,0.76056755,1.8532364,0.013898957,74.375,31.5,2.0032344
2025-09-23 02:30:00,297.01184,98200.96,97467.89,0.9640536,1.836648,0.013182119,74.375,31.5,2.074289
2025-09-23 03:30:00,298.34232,98262.695,97523.89,0.9148097,1.3950387,0.013415081,74.375,31.5,1.6682355
2025-09-23 04:30:00,300.37152,98279.77,97336.91,0.7107953,1.0781152,0.015612724,74.375,31.5,1.2913413
2025-09-23 05:30:00,303.7319,98257.38,91539.984,0.4285487,2.7893414,0.016116532,74.375,31.5,2.8220701
2025-09-23 06:30:00,305.9729,98210.11,85270.66,0.089313865,3.4234397,0.015727645,74.375,31.5,3.4246044
2025-09-23 07:30:00,306.7712,98133.87,82678.95,-0.0922603,3.1872578,0.01629231,74.375,31.5,3.1885927
2025-09-23 08:30:00,307.09814,98029.92,81410.69,-0.24310374,3.0540075,0.01658984,74.375,31.5,3.063668
2025-09-23 09:30:00,306.9172,97935.734,81311.38,-0.34449333,2.7332842,0.016887154,74.375,31.5,2.754908
2025-09-23 10:30:00,306.98328,97876.58,81115.56,-0.34775102,2.2911174,0.017001193,74.375,31.5,2.3173583
2025-09-23 11:30:00,306.29245,97847.195,84512.58,-0.42649317,2.3060322,0.016077546,74.375,31.5,2.3451397
2025-09-23 12:30:00,304.1244,97844.31,95300.34,-0.54237133,1.6100235,0.019380732,74.375,31.5,1.6989238
2025-09-23 13:30:00,303.25806,97866.38,97132.85,-0.80153537,1.1420826,0.016878057,74.375,31.5,1.3952819
2025-09-23 14:30:00,302.97232,97914.84,97176.41,-0.84364694,0.7628132,0.016069185,74.375,31.5,1.137376
2025-09-23 15:30:00,302.3632,97955.41,97222.734,-0.6403597,0.7061534,0.0157868,74.375,31.5,0.9532645
2025-09-23 16:30:00,301.51694,97958.625,97231.81,-0.29985732,0.8624854,0.015634162,74.375,31.5,0.9131241
2025-09-23 17:30:00,300.77798,97939.73,97208.45,0.09525961,1.0467086,0.015348013,74.375,31.5,1.0510343
2025-09-23 18:30:00,299.65094,97921.125,97181.22,0.5381787,1.197821,0.015363234,74.375,31.5,1.3131685
2025-09-23 19:30:00,298.41873,97894.2,97157.734,0.9477354,1.3804629,0.015374657,74.375,31.5,1.6744791
2025-09-23 20:30:00,297.1749,97851.13,97114.22,1.2374845,1.5802075,0.015305937,74.375,31.5,2.0070932
2025-09-23 21:30:00,296.22507,97836.734,97097.516,1.3931206,1.7037148,0.015023592,74.375,31.5,2.2007792
2025-09-23 22:30:00,295.60413,97840.77,97106.03,1.4621341,1.7455175,0.014649704,74.375,31.5,2.2769866
2025-09-23 23:30:00,295.0971,97867.02,97141.586,1.4976192,1.7814869,0.014272036,74.375,31.5,2.3273501
2025-09-24 00:30:00,294.67627,97913.53,97176.2,1.5090625,1.8292747,0.013917285,74.375,31.5,2.371395
2025-09-24 01:30:00,295.193,97972.65,97237.34,1.3374524,1.6474757,0.014481942,74.375,31.5,2.1220167
2025-09-24 02:30:00,297.34003,98037.31,97306.88,1.490756,1.8376355,0.014081558,74.375,31.5,2.366275
2025-09-24 03:30:00,298.69333,98082.805,97349.94,1.2317692,1.3956407,0.014463271,74.375,31.5,1.8614694
2025-09-24 04:30:00,300.99313,98105.28,96862.02,0.9009507,1.0992943,0.016641775,74.375,31.5,1.4213233
2025-09-24 05:30:00,303.95547,98088.81,92486.516,0.7182486,2.27036,0.016970227,74.375,31.5,2.3812635
2025-09-24 06:30:00,305.83127,98036.5,87415.734,0.3666484,2.6667545,0.017230036,74.375,31.5,2.6918414
2025-09-24 07:30:00,306.8281,97960.445,83378.91,0.04300213,2.655559,0.017283717,74.375,31.5,2.6559072
2025-09-24 08:30:00,307.38226,97874.586,80456.586,-0.26585537,2.5352035,0.017199837,74.375,31.5,2.549105
2025-09-24 09:30:00,307.2882,97787.63,80704.16,-0.4667179,2.30768,0.01700895,74.375,31.5,2.3544028
2025-09-24 10:30:00,307.36966,97724.836,81712.11,-0.49766147,1.9208815,0.016894303,74.375,31.5,1.9843016
2025-09-24 11:30:00,306.8097,97703.42,86656.484,-0.4713325,1.884296,0.015562777,74.375,31.5,1.9423505
2025-09-24 12:30:00,304.99762,97706.02,90312.58,-0.35678977,1.2208562,0.018526679,74.375,31.5,1.2719233
2025-09-24 13:30:00,304.7896,97723.59,91964.39,-0.21549398,0.54270536,0.015131466,74.375,31.5,0.5839236
2025-09-24 14:30:00,304.19308,97768.27,91175.43,0.23671052,-0.120390475,0.0149024315,74.375,31.5,0.26556683
2025-09-24 15:30:00,303.0403,97804.25,89158.64,0.70106167,-0.3600913,0.015150206,74.375,31.5,0.7881327
2025-09-24 16:30:00,301.9068,97827.48,89145.01,1.0438029,-0.29984224,0.015291152,74.375,31.5,1.0860156
2025-09-24 17:30:00,300.89285,97820.55,92111.14,1.3258731,-0.17569369,0.015325319,74.375,31.5,1.3374633
2025-09-24 18:30:00,299.82248,97817.18,93755.12,1.5648305,0.009408206,0.015412965,74.375,31.5,1.5648588
2025-09-24 19:30:00,298.6716,97826.29,93542.78,1.7406964,0.32175818,0.015592162,74.375,31.5,1.7701843
2025-09-24 20:30:00,297.677,97820.83,93156.05,1.8085341,0.75876534,0.015634062,74.375,31.5,1.9612548
2025-09-24 21:30:00,296.84457,97823.66,92996.18,1.6865892,1.2615741,0.015611153,74.375,31.5,2.1062176
2025-09-24 22:30:00,296.19443,97843.34,92519.13,1.3874451,1.752045,0.015489096,74.375,31.5,2.234875
2025-09-24 23:30:00,295.70087,97880.48,92331.51,1.0339966,2.085417,0.015275506,74.375,31.5,2.3276842
2025-09-25 00:30:00,295.29993,97932.48,86690.74,0.73007154,2.236476,0.015020012,74.375,31.5,2.3526218
2025-09-25 01:30:00,295.76685,97987.96,86539.266,0.48676047,2.1079483,0.0155123165,74.375,31.5,2.163419
2025-09-25 02:30:00,297.75565,98051.375,86642.45,0.4492159,2.643896,0.015428753,74.375,31.5,2.681787
2025-09-25 03:30:00,299.13605,98107.47,87616.44,0.47269896,2.4083772,0.01597841,74.375,31.5,2.4543278
2025-09-25 04:30:00,301.37854,98136.47,90405.48,0.5299547,2.2293098,0.017489405,74.375,31.5,2.291435
2025-09-25 05:30:00,304.18597,98133.97,91711.89,0.35761207,2.8123226,0.016879376,74.375,31.5,2.8349683
2025-09-25 06:30:00,305.81458,98105.375,87073.516,0.034854136,2.9195797,0.016543891,74.375,31.5,2.919788
2025-09-25 07:30:00,306.80145,98048.78,81864.516,-0.2473315,2.7810729,0.0163686,74.375,31.5,2.7920494
2025-09-25 08:30:00,307.13837,97981.99,79961.51,-0.4602049,2.6391928,0.01620845,74.375,31.5,2.679016
2025-09-25 09:30:00,307.04922,97929.41,79948.76,-0.5975802,2.396866,0.016223652,74.375,31.5,2.4702365
2025-09-25 10:30:00,307.08328,97903.664,79015.22,-0.5947497,2.0566688,0.01619289,74.375,31.5,2.1409376
2025-09-25 11:30:00,306.36533,97908.01,80509.13,-0.6681704,2.1048205,0.015044355,74.375,31.5,2.20833
2025-09-25 12:30:00,304.12268,97927.44,77927.95,-0.75910485,1.4105029,0.018595554,74.375,31.5,1.6017985
2025-09-25 13:30:00,302.9212,97958.375,78352.91,-1.088475,0.83855736,0.016520172,74.375,31.5,1.3740293
2025-09-25 14:30:00,302.3723,98012.62,92457.125,-1.223082,0.29814267,0.015924953,74.375,31.5,1.2588958
2025-09-25 15:30:00,301.8027,98062.234,92495.71,-1.2202486,-0.09004762,0.015573909,74.375,31.5,1.2235667
2025-09-25 16:30:00,301.23624,98088.2,92521.81,-1.1323822,-0.3426586,0.015306793,74.375,31.5,1.183091
2025-09-25 17:30:00,300.63922,98086.13,92010.234,-1.0074515,-0.51858133,0.015131259,74.375,31.5,1.1330866
2025-09-25 18:30:00,300.1448,98085.52,92007.7,-0.8402317,-0.5593374,0.0149404965,74.375,31.5,1.0093799
2025-09-25 19:30:00,299.8104,98068.86,91997.42,-0.6276747,-0.42036432,0.014684889,74.375,31.5,0.75543475
2025-09-25 20:30:00,299.5401,98050.73,91969.56,-0.4214818,-0.09893072,0.014402592,74.375,31.5,0.4329367
2025-09-25 21:30:00,299.2063,98034.97,91973.52,-0.14999461,0.25825453,0.014234764,74.375,31.5,0.29865327
2025-09-25 22:30:00,298.63467,98050.62,91980.15,0.20221478,0.57563174,0.014322506,74.375,31.5,0.61011696
2025-09-25 23:30:00,298.0734,98078.234,92003.33,0.514544,0.84746164,0.014295792,74.375,31.5,0.9914367
2025-09-26 00:30:00,297.42856,98131.67,90257.516,0.7738972,1.0602946,0.014425561,74.375,31.5,1.3126848
2025-09-26 01:30:00,297.3627,98188.56,93209.31,0.91895086,1.1355937,0.015772257,74.375,31.5,1.4608366
2025-09-26 02:30:00,299.3665,98259.44,97529.94,1.1561556,1.321676,0.015619746,74.375,31.5,1.7559963
2025-09-26 03:30:00,300.67368,98314.58,97580.12,0.95424056,1.4266716,0.015593207,74.375,31.5,1.7163819
2025-09-26 04:30:00,302.52954,98319.53,95416.05,0.44301045,1.9096769,0.01708489,74.375,31.5,1.9603888
2025-09-26 05:30:00,305.36728,98303.01,88196.81,-0.52619296,2.7856283,0.017062163,74.375,31.5,2.8348904
2025-09-26 06:30:00,306.6095,98260.32,83537.95,-1.4588882,3.0790584,0.017283589,74.375,31.5,3.4071918
2025-09-26 07:30:00,306.98306,98190.375,82221.266,-2.0558224,3.090402,0.017710993,74.375,31.5,3.7117367
2025-09-26 08:30:00,307.01166,98113.8,82159.43,-2.4904256,3.0296674,0.018016286,74.375,31.5,3.921875
2025-09-26 09:30:00,306.72067,98056.195,82734.22,-2.5576396,2.7461014,0.018306188,74.375,31.5,3.7526782
2025-09-26 10:30:00,306.37408,98019.375,83640.25,-2.233405,2.2884004,0.018847667,74.375,31.5,3.1976357
2025-09-26 11:30:00,305.45947,98018.06,86721.234,-2.1507359,2.2549486,0.018580498,74.375,31.5,3.1161606
2025-09-26 12:30:00,303.10147,98042.875,96338.3,-1.5039716,1.6781473,0.020991238,74.375,31.5,2.253466
2025-09-26 13:30:00,301.67114,98081.59,97353.234,-1.3378489,1.6753647,0.019335479,74.375,31.5,2.1439886
2025-09-26 14:30:00,301.3959,98145.04,97402.766,-1.1116182,1.7562417,0.018519022,74.375,31.5,2.0784802
2025-09-26 15:30:00,300.89383,98194.516,97464.39,-0.9615234,1.946402,0.018007709,74.375,31.5,2.1709464
2025-09-26 16:30:00,300.18777,98209.305,97471.33,-0.91414344,2.1091096,0.017641332,74.375,31.5,2.2986956
2025-09-26 17:30:00,299.48447,98213.164,97477.414,-0.9485054,2.1318,0.017358907,74.375,31.5,2.3332882
2025-09-26 18:30:00,298.88214,98218.66,97480.69,-1.0295649,1.9583509,0.017068883,74.375,31.5,2.2124968
2025-09-26 19:30:00,298.41754,98226.66,97487.58,-1.0520039,1.62839,0.016710188,74.375,31.5,1.9386505
2025-09-26 20:30:00,298.0724,98229.805,97500.16,-0.9403707,1.2202096,0.016328624,74.375,31.5,1.5405222
2025-09-26 21:30:00,298.1294,98250.586,97517.33,-0.56944823,0.7767237,0.015855545,74.375,31.5,0.96310484
2025-09-26 22:30:00,297.91394,98287.125,97552.484,-0.0014975667,0.39239055,0.015615196,74.375,31.5,0.3923934
2025-09-26 23:30:00,297.24557,98341.44,97602.55,0.5440291,0.18151051,0.015596131,74.375,31.5,0.57351005
2025-09-27 00:30:00,296.57727,98402.19,97661.95,1.0480663,0.098939896,0.015550426,74.375,31.5,1.052726
2025-09-27 01:30:00,296.3886,98459.87,97722.81,1.2498664,0.12243858,0.016283035,74.375,31.5,1.2558491
2025-09-27 02:30:00,298.1848,98514.41,97774.45,1.5322464,0.2790976,0.01673347,74.375,31.5,1.5574576
2025-09-27 03:30:00,299.68677,98556.85,97828.33,1.1170484,0.46491593,0.017351769,74.375,31.5,1.2099355
2025-09-27 04:30:00,302.7794,98578.1,91395.11,0.2526691,0.7741428,0.017725643,74.375,31.5,0.8143333
2025-09-27 05:30:00,305.48618,98563.375,86596.81,-0.7290929,0.986122,0.016856017,74.375,31.5,1.2263821
2025-09-27 06:30:00,306.32794,98537.94,85877.266,-1.2560616,1.0143871,0.017230075,74.375,31.5,1.6145191
2025-09-27 07:30:00,306.76627,98469.04,85159.516,-1.5248827,1.113846,0.017665235,74.375,31.5,1.8883643
2025-09-27 08:30:00,306.91904,98400.8,84774.016,-1.6696678,1.1602325,0.01800125,74.375,31.5,2.033207
2025-09-27 09:30:00,306.8885,98334.11,85265.46,-1.7021966,1.1328866,0.018176805,74.375,31.5,2.0447261
2025-09-27 10:30:00,306.81396,98293.22,84502.2,-1.5612655,1.0244215,0.018352091,74.375,31.5,1.8673481
2025-09-27 11:30:00,306.37003,98282.95,83659.516,-1.537812,1.0538985,0.017245486,74.375,31.5,1.8642875
2025-09-27 12:30:00,304.05557,98295.38,86195.56,-1.2333493,0.9479652,0.020213023,74.375,31.5,1.555567
2025-09-27 13:30:00,302.6263,98318.875,86286.89,-1.1838521,1.102192,0.01817578,74.375,31.5,1.6175083
2025-09-27 14:30:00,301.97314,98363.65,86330.266,-1.0381448,1.2920913,0.017557552,74.375,31.5,1.6574813
2025-09-27 15:30:00,301.26913,98387.59,86339.91,-0.8541808,1.4778155,0.01713775,74.375,31.5,1.7069165
2025-09-27 16:30:00,300.73798,98398.8,86620.19,-0.7368326,1.5928842,0.016634079,74.375,31.5,1.7550505
2025-09-27 17:30:00,300.23993,98382.41,90111.76,-0.72021985,1.6172081,0.016176235,74.375,31.5,1.7703329
2025-09-27 18:30:00,299.70135,98353.94,91593.46,-0.7874749,1.520293,0.015787091,74.375,31.5,1.7121353
2025-09-27 19:30:00,299.24063,98327.05,91568.3,-0.8773577,1.3438499,0.015401794,74.375,31.5,1.6048954
2025-09-27 20:30:00,298.77692,98289.33,89611.16,-0.9079366,1.1562133,0.0150470445,74.375,31.5,1.4700946
2025-09-27 21:30:00,298.41193,98272.6,88860.86,-0.8198254,0.9466629,0.01467324,74.375,31.5,1.2523116
2025-09-27 22:30:00,298.16992,98285.2,88875.78,-0.6643002,0.67413163,0.014360372,74.375,31.5,0.9464398
2025-09-27 23:30:00,297.84036,98318.93,86157.14,-0.4761185,0.41266537,0.014055167,74.375,31.5,0.6300647
2025-09-28 00:30:00,297.62787,98358.664,84466.59,-0.31306636,0.19821024,0.013746225,74.375,31.5,0.37053722
2025-09-28 01:30:00,297.61627,98412.45,78643.69,-0.17853186,-0.026178956,0.014188802,74.375,31.5,0.18044102
2025-09-28 02:30:00,298.52606,98493.61,79032.08,-0.06923613,-0.32681173,0.015077758,74.375,31.5,0.3340652
2025-09-28 03:30:00,299.75842,98551.28,79078.98,-0.1341263,-0.45747292,0.015466952,74.375,31.5,0.47672984
2025-09-28 04:30:00,302.57794,98569.54,82001.14,-0.27001035,-0.3044045,0.016397644,74.375,31.5,0.4069001
2025-09-28 05:30:00,306.06656,98542.28,77846.805,-0.23657656,-0.1573931,0.015855879,74.375,31.5,0.2841497
2025-09-28 06:30:00,307.15308,98469.61,77220.09,-0.5264027,-0.0047327317,0.016405173,74.375,31.5,0.526424
2025-09-28 07:30:00,307.4048,98366.125,77953.516,-0.9832536,0.33110526,0.01680203,74.375,31.5,1.0375057
2025-09-28 08:30:00,307.39566,98261.62,78183.82,-1.3727304,0.6796961,0.017313387,74.375,31.5,1.5317883
2025-09-28 09:30:00,307.21933,98164.22,79208.125,-1.5585674,0.95819056,0.017405136,74.375,31.5,1.8295523
2025-09-28 10:30:00,306.97675,98099.555,80359.81,-1.4390477,1.0934695,0.017496753,74.375,31.5,1.8073555
2025-09-28 11:30:00,306.272,98072.35,83679.69,-1.3533592,1.3603532,0.016474087,74.375,31.5,1.9188908
2025-09-28 12:30:00,303.71542,98075.414,92435.375,-1.0080943,1.354102,0.019701088,74.375,31.5,1.6881489
2025-09-28 13:30:00,301.9572,98107.41,97367.95,-0.96563506,1.5960212,0.018136928,74.375,31.5,1.8654047
2025-09-28 14:30:00,301.23468,98159.36,97425.82,-0.8933604,1.6851121,0.017419707,74.375,31.5,1.9072745
2025-09-28 15:30:00,300.703,98201.38,97462.03,-0.80362666,1.7050453,0.016763479,74.375,31.5,1.8849391
2025-09-28 16:30:00,300.3734,98210.51,97465.04,-0.74632406,1.6338028,0.016160619,74.375,31.5,1.7961935
2025-09-28 17:30:00,300.14377,98197.766,97455.26,-0.7643055,1.4192965,0.015592125,74.375,31.5,1.6120067
2025-09-28 18:30:00,300.02942,98176.66,97446.984,-0.8607981,1.0844134,0.015046556,74.375,31.5,1.3845309
2025-09-28 19:30:00,299.68887,98151.78,97416.016,-1.010315,0.6997386,0.014695566,74.375,31.5,1.2289714
2025-09-28 20:30:00,299.14267,98108.0,95021.78,-1.2088017,0.3835783,0.014500999,74.375,31.5,1.2682011
2025-09-28 21:30:00,298.7127,98064.06,92299.44,-1.2828664,0.11080229,0.014253036,74.375,31.5,1.2876425
2025-09-28 22:30:00,298.3144,98050.61,92497.94,-1.2206725,-0.07531726,0.014096626,74.375,31.5,1.2229939
2025-09-28 23:30:00,298.04242,98067.305,92509.125,-1.0895834,-0.05361998,0.013940242,74.375,31.5,1.090902
2025-09-29 00:30:00,297.8263,98117.86,92552.16,-0.8290684,0.105365515,0.013818234,74.375,31.5,0.835737
2025-09-29 01:30:00,298.19452,98185.78,92684.805,-0.43651056,0.25379813,0.014321885,74.375,31.5,0.5049307
2025-09-29 02:30:00,299.76868,98284.21,93236.98,0.050026536,0.2946763,0.014940048,74.375,31.5,0.2988926
2025-09-29 03:30:00,300.98032,98362.34,93442.484,0.60903823,0.17588997,0.0152187785,74.375,31.5,0.6339281
2025-09-29 04:30:00,302.8965,98389.625,89721.41,1.097975,0.32468903,0.01669534,74.375,31.5,1.1449769
2025-09-29 05:30:00,305.33636,98376.23,82731.76,1.4802799,0.88571227,0.016703155,74.375,31.5,1.725026
2025-09-29 06:30:00,306.10202,98314.195,80734.945,1.2310827,1.2480445,0.017252482,74.375,31.5,1.7530487
2025-09-29 07:30:00,306.48853,98218.66,79340.31,0.64845383,1.57423,0.017588262,74.375,31.5,1.7025547
2025-09-29 08:30:00,306.6532,98116.734,79226.69,-0.06114292,1.7000531,0.017779185,74.375,31.5,1.7011522
2025-09-29 09:30:00,306.51315,98032.95,79845.586,-0.7077162,1.5875932,0.01788606,74.375,31.5,1.7381929
2025-09-29 10:30:00,306.29517,97984.21,83564.02,-1.0597943,1.2834234,0.01799265,74.375,31.5,1.6644337
2025-09-29 11:30:00,305.75095,97949.734,87401.41,-1.2455542,1.1510952,0.017115047,74.375,31.5,1.6960027
2025-09-29 12:30:00,303.5708,97940.12,95361.7,-1.098267,0.8601769,0.019884335,74.375,31.5,1.395025
2025-09-29 13:30:00,302.20233,97946.68,97213.125,-1.0799836,0.88418126,0.018205719,74.375,31.5,1.3957583
2025-09-29 14:30:00,301.46216,97965.71,97233.086,-0.9677448,1.0765812,0.017702034,74.375,31.5,1.447604
2025-09-29 15:30:00,300.9363,97987.73,97247.375,-0.8347082,1.2483444,0.01720603,74.375,31.5,1.5016996
2025-09-29 16:30:00,300.68738,98005.3,97263.734,-0.59897995,1.2819483,0.016702456,74.375,31.5,1.41498
2025-09-29 17:30:00,300.67825,97993.38,97252.484,-0.295362,1.2287246,0.016114999,74.375,31.5,1.2637258
2025-09-29 18:30:00,300.53152,97972.54,97241.266,0.01823175,1.1402432,0.015756454,74.375,31.5,1.1403888
2025-09-29 19:30:00,300.20935,97936.22,97204.36,0.29713726,1.0452938,0.015554301,74.375,31.5,1.0867059
2025-09-29 20:30:00,299.84625,97896.164,97158.06,0.46391952,0.9750972,0.015272055,74.375,31.5,1.0798314
2025-09-29 21:30:00,299.41144,97860.86,97134.484,0.48996472,0.8632176,0.015245419,74.375,31.5,0.9925775
2025-09-29 22:30:00,299.11728,97865.38,97134.49,0.42971563,0.75278735,0.015153973,74.375,31.5,0.8668012
2025-09-29 23:30:00,298.8016,97887.64,97149.86,0.3452077,0.6536461,0.015093133,74.375,31.5,0.73920333
2025-09-30 00:30:00,298.42975,97932.79,97193.125,0.30985403,0.55404115,0.015074309,74.375,31.5,0.6348001
2025-09-30 01:30:00,298.45035,97982.06,97248.734,0.30852342,0.47398877,0.01569645,74.375,31.5,0.5655546
2025-09-30 02:30:00,299.72647,98046.65,97311.02,0.2986225,0.39404368,0.01652066,74.375,31.5,0.49441463
2025-09-30 03:30:00,300.78162,98080.08,97321.375,0.24885535,0.44935167,0.016711693,74.375,31.5,0.51365936
2025-09-30 04:30:00,303.479,98078.07,87980.81,-0.23553729,1.1464016,0.017322525,74.375,31.5,1.170348
2025-09-30 05:30:00,305.40604,98033.93,83676.84,-0.9731128,1.3549349,0.017246768,74.375,31.5,1.6681719
2025-09-30 06:30:00,305.88693,97977.586,82039.45,-1.2593279,0.9999404,0.01754481,74.375,31.5,1.6080384
2025-09-30 07:30:00,306.186,97914.12,80849.08,-1.3381513,0.7290765,0.017789327,74.375,31.5,1.5238771
2025-09-30 08:30:00,306.23297,97840.91,80184.89,-1.2952281,0.58247066,0.017926823,74.375,31.5,1.4201717
2025-09-30 09:30:00,306.24945,97768.555,80252.09,-1.1428807,0.5583128,0.01806404,74.375,31.5,1.2719628
2025-09-30 10:30:00,306.1151,97717.945,81225.125,-0.8330679,0.6716455,0.018246736,74.375,31.5,1.070098
2025-09-30 11:30:00,306.04056,97697.96,84317.47,-0.4344393,0.83816826,0.018047916,74.375,31.5,0.94406754
2025-09-30 12:30:00,304.49182,97721.555,93433.88,-0.114549756,0.90541863,0.019459028,74.375,31.5,0.91263604
2025-09-30 13:30:00,303.46307,97771.86,97041.83,0.18688965,0.9252181,0.017864268,74.375,31.5,0.9439048
2025-09-30 14:30:00,302.8199,97835.96,97099.16,0.53425705,0.87651706,0.01753602,74.375,31.5,1.0265051
2025-09-30 15:30:00,301.89215,97896.94,97160.086,0.8918521,0.87563145,0.017421342,74.375,31.5,1.2498522
2025-09-30 16:30:00,300.91342,97924.86,97189.82,1.2540194,0.84395206,0.017413463,74.375,31.5,1.511562
2025-09-30 17:30:00,299.82562,97925.65,97183.59,1.6119915,0.78950316,0.017390344,74.375,31.5,1.7949462
2025-09-30 18:30:00,298.82538,97902.54,97163.7,1.954994,0.73551786,0.017237632,74.375,31.5,2.0887766
2025-09-30 19:30:00,297.9484,97876.18,97144.97,2.207945,0.7141782,0.016962886,74.375,31.5,2.3205757
2025-09-30 20:30:00,297.2083,97858.414,97122.41,2.316866,0.73583174,0.0166423,74.375,31.5,2.4309084
2025-09-30 21:30:00,296.5642,97844.12,97103.55,2.2541876,0.69058233,0.016382823,74.375,31.5,2.3575974
2025-09-30 22:30:00,296.15997,97851.26,95297.45,2.0282114,0.60197324,0.016207192,74.375,31.5,2.115659
2025-09-30 23:30:00,295.91718,97884.17,89737.695,1.7574351,0.6661481,0.01604689,74.375,31.5,1.8794497
2025-10-01 00:30:00,295.7307,97934.13,84921.31,1.459084,0.8959099,0.015924843,74.375,31.5,1.712186
2025-10-01 01:30:00,296.19608,97982.84,85202.07,0.991415,1.0837927,0.01656585,74.375,31.5,1.4688466
2025-10-01 02:30:00,297.64807,98037.82,80330.28,0.734368,1.6585032,0.016520282,74.375,31.5,1.8138162
2025-10-01 03:30:00,299.05313,98064.98,88970.22,0.12919344,1.5210636,0.017382747,74.375,31.5,1.5265403
2025-10-01 04:30:00,302.05585,98052.66,91786.61,-0.4920131,1.6125027,0.0174442,74.375,31.5,1.685895
2025-10-01 05:30:00,304.53488,98018.85,85878.234,-1.1022708,1.7849027,0.016811414,74.375,31.5,2.097827
2025-10-01 06:30:00,305.4198,97957.36,83475.805,-1.3944819,1.5251927,0.017200932,74.375,31.5,2.0665896
2025-10-01 07:30:00,305.87485,97878.3,82121.5,-1.4318206,1.2746534,0.017597925,74.375,31.5,1.9169903
2025-10-01 08:30:00,306.05798,97805.88,81586.875,-1.3381544,1.0947835,0.017887924,74.375,31.5,1.7289327
2025-10-01 09:30:00,305.98312,97756.25,81522.484,-1.1790609,1.0954556,0.01821574,74.375,31.5,1.6094122
2025-10-01 10:30:00,305.7858,97735.94,84810.734,-1.0122033,1.1943759,0.018406078,74.375,31.5,1.5655955
2025-10-01 11:30:00,305.37537,97741.07,86954.05,-0.8905728,1.3113426,0.018153906,74.375,31.5,1.5851622
2025-10-01 12:30:00,303.5589,97761.484,95356.875,-0.6720623,1.1343038,0.02012191,74.375,31.5,1.3184509
2025-10-01 13:30:00,302.69446,97801.29,97069.08,-0.53670096,1.0572459,0.018275326,74.375,31.5,1.1856714
2025-10-01 14:30:00,302.38104,97862.15,97138.05,-0.2529304,0.9721362,0.017695291,74.375,31.5,1.0045012
2025-10-01 15:30:00,301.83478,97918.12,97180.14,0.23421271,0.82541317,0.017466238,74.375,31.5,0.85799915
2025-10-01 16:30:00,301.05597,97956.09,97214.36,0.81206274,0.6007619,0.017420333,74.375,31.5,1.0101291
2025-10-01 17:30:00,300.19788,97957.79,97218.39,1.3711914,0.36698562,0.017374452,74.375,31.5,1.4194521
2025-10-01 18:30:00,299.21765,97954.266,97227.45,1.8488002,0.13268878,0.017343855,74.375,31.5,1.8535557
2025-10-01 19:30:00,298.34247,97954.44,97216.266,2.2211437,-0.04771682,0.017229363,74.375,31.5,2.221656
2025-10-01 20:30:00,297.64417,97957.16,97225.98,2.446322,-0.12133339,0.017038602,74.375,31.5,2.4493291
2025-10-01 21:30:00,297.09396,97975.266,97245.23,2.4460382,-0.049891457,0.016847828,74.375,31.5,2.446547
2025-10-01 22:30:00,296.6353,98001.92,97266.51,2.3072746,0.057745,0.016641863,74.375,31.5,2.307997
2025-10-01 23:30:00,296.2533,98045.04,97304.805,2.1611078,0.11699684,0.016428383,74.375,31.5,2.1642723
2025-10-02 00:30:00,295.92596,98108.875,97381.19,2.0407228,0.14958344,0.016192155,74.375,31.5,2.0461977
2025-10-02 01:30:00,296.20782,98182.7,97444.56,1.7704875,0.17685086,0.016490119,74.375,31.5,1.7792983
2025-10-02 02:30:00,297.93246,98270.18,97524.34,2.0397394,0.27744073,0.016399126,74.375,31.5,2.0585213
2025-10-02 03:30:00,299.12357,98332.336,97598.39,1.6132346,0.33976406,0.016819347,74.375,31.5,1.6486254
2025-10-02 04:30:00,301.2978,98363.15,94899.95,1.0811377,0.5937662,0.018002076,74.375,31.5,1.2334573
2025-10-02 05:30:00,304.49963,98372.42,85706.64,0.8531401,1.2371153,0.016361995,74.375,31.5,1.5027648
2025-10-02 06:30:00,305.59564,98355.086,82457.71,0.13854349,1.0662875,0.016614206,74.375,31.5,1.0752504
2025-10-02 07:30:00,306.08084,98308.45,80656.484,-0.47088563,0.8499856,0.016965792,74.375,31.5,0.97170407
2025-10-02 08:30:00,306.2263,98263.5,80766.75,-0.87708807,0.6284703,0.01727935,74.375,31.5,1.0790081
2025-10-02 09:30:00,306.1396,98221.33,81083.2,-1.019169,0.40427744,0.017577242,74.375,31.5,1.096424
2025-10-02 10:30:00,305.90967,98208.89,81932.06,-0.92219806,0.20411134,0.017668787,74.375,31.5,0.9445161
2025-10-02 11:30:00,305.6323,98219.53,84395.41,-0.6584691,0.05788231,0.017409008,74.375,31.5,0.66100824
2025-10-02 12:30:00,304.18634,98236.84,93479.04,-0.3169663,-0.110733986,0.018354721,74.375,31.5,0.33575237
2025-10-02 13:30:00,303.12057,98269.9,97537.52,0.11710417,-0.43110394,0.017423727,74.375,31.5,0.44672588
2025-10-02 14:30:00,302.13354,98333.41,97595.91,0.5856488,-0.61218286,0.017431093,74.375,31.5,0.84720266
2025-10-02 15:30:00,301.29712,98392.29,97654.67,0.94709635,-0.7096083,0.017377416,74.375,31.5,1.1834422
2025-10-02 16:30:00,300.4318,98418.55,97677.664,1.2297493,-0.8121152,0.017407682,74.375,31.5,1.4737077
2025-10-02 17:30:00,299.58035,98420.86,97674.97,1.5260246,-0.95218134,0.017407535,74.375,31.5,1.7987219
2025-10-02 18:30:00,298.69995,98414.766,97675.64,1.8258462,-1.0715418,0.01743034,74.375,31.5,2.1170535
2025-10-02 19:30:00,297.95325,98418.875,97685.15,2.0728712,-1.1265228,0.017399583,74.375,31.5,2.359205
2025-10-02 20:30:00,297.412,98413.15,97678.61,2.2334757,-1.0813453,0.017308595,74.375,31.5,2.4814756
2025-10-02 21:30:00,296.99493,98417.734,97685.766,2.2391944,-1.0212672,0.017194232,74.375,31.5,2.461093
2025-10-02 22:30:00,296.6376,98428.88,97697.734,2.11008,-0.95003843,0.017064894,74.375,31.5,2.3140895
2025-10-02 23:30:00,296.31378,98460.33,96700.484,1.907342,-0.85776687,0.016912222,74.375,31.5,2.0913434
2025-10-03 00:30:00,296.07816,98508.05,88887.31,1.6668733,-0.76241183,0.016744226,74.375,31.5,1.8329589
2025-10-03 01:30:00,296.3852,98572.28,88855.984,1.3291166,-0.6262386,0.017125657,74.375,31.5,1.4692602
2025-10-03 02:30:00,297.822,98644.47,82479.89,1.4006972,-0.79263127,0.017491903,74.375,31.5,1.6094152
2025-10-03 03:30:00,299.38303,98706.336,81201.33,1.1005387,-0.59497356,0.018399905,74.375,31.5,1.2510711
2025-10-03 04:30:00,302.61658,98743.016,87275.11,1.1353267,-0.119054556,0.017957618,74.375,31.5,1.1415519
2025-10-03 05:30:00,304.06985,98743.7,84520.57,0.75250447,-0.0021992922,0.017790295,74.375,31.5,0.7525077
2025-10-03 06:30:00,304.63055,98699.125,83024.65,0.45787144,0.05868852,0.017813183,74.375,31.5,0.46161738
2025-10-03 07:30:00,304.96997,98637.19,82429.375,0.2841422,0.1475035,0.017919974,74.375,31.5,0.32014695
2025-10-03 08:30:00,305.07974,98569.42,82376.06,0.054574847,0.2568056,0.01798102,74.375,31.5,0.26254052
2025-10-03 09:30:00,305.01495,98518.58,82496.86,-0.27793527,0.28485924,0.017996393,74.375,31.5,0.39798594
2025-10-03 10:30:00,304.56982,98501.3,84489.15,-0.63508666,0.26447877,0.017988915,74.375,31.5,0.68795645
2025-10-03 11:30:00,304.09125,98502.5,84848.33,-0.858686,0.25547698,0.018355234,74.375,31.5,0.89588505
2025-10-03 12:30:00,302.38763,98521.516,81834.56,-1.071421,0.19500037,0.018942794,74.375,31.5,1.0890217
2025-10-03 13:30:00,300.75964,98551.375,78584.84,-1.2742068,0.016258538,0.01836309,74.375,31.5,1.2743105
2025-10-03 14:30:00,299.98126,98596.09,78618.51,-1.3406384,-0.18137503,0.017905457,74.375,31.5,1.3528519
2025-10-03 15:30:00,299.4026,98615.92,79301.95,-1.3782358,-0.2624694,0.017447343,74.375,31.5,1.4030054
2025-10-03 16:30:00,298.8754,98608.375,79899.44,-1.4604708,-0.2875067,0.017119037,74.375,31.5,1.488501
2025-10-03 17:30:00,298.29016,98577.125,81026.4,-1.5641824,-0.28059137,0.01685963,74.375,31.5,1.5891501
2025-10-03 18:30:00,297.65198,98552.7,81117.53,-1.7229899,-0.17161167,0.016669026,74.375,31.5,1.7315152
2025-10-03 19:30:00,296.97824,98534.46,81294.9,-1.9140682,0.045870304,0.016516643,74.375,31.5,1.9146178
2025-10-03 20:30:00,296.40863,98518.09,94635.266,-2.0625014,0.3213011,0.016364265,74.375,31.5,2.0873778
2025-10-03 21:30:00,296.02332,98504.43,97771.45,-2.0440948,0.51967895,0.01619625,74.375,31.5,2.1091206
2025-10-03 22:30:00,295.82733,98503.164,97757.53,-1.8645928,0.6248579,0.016005367,74.375,31.5,1.966508
2025-10-03 23:30:00,295.8509,98522.33,97775.19,-1.5768528,0.68922305,0.015768817,74.375,31.5,1.720899
2025-10-04 00:30:00,296.07065,98550.414,97815.73,-1.1649399,0.7366674,0.015509504,74.375,31.5,1.3783191
2025-10-04 01:30:00,296.59607,98590.4,97841.45,-0.5898081,0.79441226,0.015868386,74.375,31.5,0.9894263
2025-10-04 02:30:00,297.9736,98625.77,97889.78,0.055446416,1.030367,0.016578468,74.375,31.5,1.0318578
2025-10-04 03:30:00,299.1794,98650.51,97909.5,0.6897686,1.0481418,0.016991047,74.375,31.5,1.2547438
2025-10-04 04:30:00,301.5213,98627.91,94610.98,0.78423226,1.1415956,0.017707968,74.375,31.5,1.385013
2025-10-04 05:30:00,303.9411,98566.555,90508.56,0.3331139,1.4907671,0.016891353,74.375,31.5,1.5275311
2025-10-04 06:30:00,304.9475,98481.43,87792.16,-0.057503253,1.7139587,0.016913986,74.375,31.5,1.714923
2025-10-04 07:30:00,305.47095,98364.64,86379.3,-0.46052498,2.0108047,0.017073968,74.375,31.5,2.0628667
2025-10-04 08:30:00,305.6524,98249.28,85208.89,-0.910976,2.195588,0.017272122,74.375,31.5,2.3770747
2025-10-04 09:30:00,305.48615,98157.375,84753.28,-1.3508666,2.3036191,0.017264307,74.375,31.5,2.6704872
2025-10-04 10:30:00,304.96854,98095.52,84780.61,-1.4928699,2.1019638,0.017447282,74.375,31.5,2.5781605
2025-10-04 11:30:00,303.86633,98072.69,86951.66,-1.6752789,2.0794046,0.017012304,74.375,31.5,2.6702964
2025-10-04 12:30:00,301.49594,98083.85,96568.49,-1.6027296,1.2328788,0.019034019,74.375,31.5,2.0220613
2025-10-04 13:30:00,299.9521,98116.87,97378.59,-1.9230969,0.5159582,0.01811083,74.375,31.5,1.9911089
2025-10-04 14:30:00,299.27203,98159.93,97428.74,-1.8753382,-0.2769627,0.017637845,74.375,31.5,1.8956797
2025-10-04 15:30:00,298.6582,98188.86,97445.234,-1.6104372,-1.0524163,0.017218221,74.375,31.5,1.9238212
2025-10-04 16:30:00,298.0463,98192.52,97450.0,-1.2955623,-1.6670938,0.016912948,74.375,31.5,2.1113226
2025-10-04 17:30:00,297.48453,98178.984,97445.46,-0.98904574,-1.9992496,0.016745107,74.375,31.5,2.2305179
2025-10-04 18:30:00,297.02884,98156.1,97412.24,-0.70985746,-2.1370072,0.016661229,74.375,31.5,2.251821
2025-10-04 19:30:00,296.66602,98132.08,97405.64,-0.46309972,-2.1738253,0.016607864,74.375,31.5,2.222606
2025-10-04 20:30:00,296.35785,98106.33,97363.58,-0.19545054,-2.1868687,0.016569285,74.375,31.5,2.1955855
2025-10-04 21:30:00,296.0745,98077.38,97335.95,0.09779596,-2.1428916,0.016523022,74.375,31.5,2.145122
2025-10-04 22:30:00,295.86826,98077.81,97342.7,0.4183483,-2.0805638,0.016492313,74.375,31.5,2.1222067
2025-10-04 23:30:00,295.74686,98105.3,97374.97,0.7781676,-1.9742624,0.016537951,74.375,31.5,2.122088
2025-10-05 00:30:00,295.7072,98155.695,97414.336,1.1074077,-1.8494294,0.016614258,74.375,31.5,2.15563
2025-10-05 01:30:00,295.867,98204.484,97471.67,1.4239388,-1.8947058,0.016743949,74.375,31.5,2.370129
2025-10-05 02:30:00,296.68597,98258.484,97524.77,2.054776,-2.6227756,0.016942503,74.375,31.5,3.3318245
2025-10-05 03:30:00,297.97485,98299.38,97453.98,1.8597962,-2.7061112,0.017751653,74.375,31.5,3.2835772
2025-10-05 04:30:00,300.34982,98324.016,92351.91,2.0981262,-3.0166478,0.017691296,74.375,31.5,3.6745474
2025-10-05 05:30:00,301.85413,98330.63,88774.05,2.562851,-3.1767592,0.017035041,74.375,31.5,4.081667
2025-10-05 06:30:00,302.66452,98299.89,86019.44,2.862952,-2.6072834,0.017042633,74.375,31.5,3.872263
2025-10-05 07:30:00,303.15582,98242.086,82993.67,2.915156,-1.8952632,0.016745126,74.375,31.5,3.4770904
2025-10-05 08:30:00,303.35074,98180.26,80918.44,2.6952891,-1.2752824,0.016325647,74.375,31.5,2.981766
2025-10-05 09:30:00,303.25742,98112.97,80303.66,2.3359036,-1.0316808,0.015959682,74.375,31.5,2.553588
2025-10-05 10:30:00,303.06107,98054.88,80833.0,1.8658648,-0.95357394,0.015875569,74.375,31.5,2.0954127
2025-10-05 11:30:00,302.49432,98040.13,84098.89,1.5026802,-0.99621475,0.0155770965,74.375,31.5,1.802912
2025-10-05 12:30:00,300.7038,98067.34,90383.39,0.8587816,-1.1832676,0.016949676,74.375,31.5,1.462063
2025-10-05 13:30:00,299.1917,98128.984,92140.28,0.037381053,-1.7158868,0.01585076,74.375,31.5,1.7162939
2025-10-05 14:30:00,297.80377,98204.85,97468.39,-0.53491986,-2.151474,0.01594195,74.375,31.5,2.2169755
2025-10-05 15:30:00,296.9011,98261.41,97519.43,-0.85519487,-2.3406062,0.0157204,74.375,31.5,2.4919462
2025-10-05 16:30:00,296.3222,98288.125,97555.57,-0.97448295,-2.405774,0.015502837,74.375,31.5,2.5956438
2025-10-05 17:30:00,295.83588,98290.05,97548.48,-0.8890935,-2.5175831,0.015315835,74.375,31.5,2.6699648
2025-10-05 18:30:00,295.44235,98267.54,97532.66,-0.64427996,-2.6439533,0.015159299,74.375,31.5,2.7213206
2025-10-05 19:30:00,295.10547,98243.31,97501.65,-0.27792662,-2.7095544,0.015040982,74.375,31.5,2.723771
2025-10-05 20:30:00,294.83154,98215.84,97475.67,0.09892607,-2.624268,0.01495315,74.375,31.5,2.626132
2025-10-05 21:30:00,294.54858,98192.305,97452.65,0.52752674,-2.4312396,0.01486509,74.375,31.5,2.4878123
2025-10-05 22:30:00,294.26642,98203.37,97008.414,0.97725457,-2.1609192,0.014761875,74.375,31.5,2.3716235
2025-10-05 23:30:00,294.08655,98231.47,94441.3,1.3286883,-1.8035157,0.014716037,74.375,31.5,2.2401073
2025-10-06 00:30:00,293.96558,98270.266,89300.03,1.5634176,-1.4605672,0.014697028,74.375,31.5,2.1395166
2025-10-06 01:30:00,294.1532,98292.55,89809.195,1.7163835,-1.2773677,0.0148422895,74.375,31.5,2.139542
2025-10-06 02:30:00,294.79263,98322.14,88056.86,2.365424,-1.7717612,0.014941827,74.375,31.5,2.9553964
2025-10-06 03:30:00,295.35864,98399.27,82960.984,3.0637004,-1.455039,0.015388602,74.375,31.5,3.3916662
2025-10-06 04:30:00,296.45804,98474.19,92253.78,3.2931943,-0.6730296,0.015896438,74.375,31.5,3.3612642
2025-10-06 05:30:00,297.85287,98496.68,91478.69,3.6707754,-0.35302556,0.015729083,74.375,31.5,3.687712
2025-10-06 06:30:00,298.89044,98463.21,86990.02,3.928732,-0.66178155,0.015576981,74.375,31.5,3.9840796
2025-10-06 07:30:00,299.18854,98402.9,85201.11,3.969014,-1.863627,0.015520169,74.375,31.5,4.3847666
2025-10-06 08:30:00,299.1314,98334.516,83636.81,3.542153,-3.0751712,0.015482224,74.375,31.5,4.6907916
2025-10-06 09:30:00,298.87573,98293.484,83914.56,2.949749,-4.163253,0.015287584,74.375,31.5,5.1023226
2025-10-06 10:30:00,297.8843,98273.4,89691.59,2.4616675,-5.0029073,0.015184175,74.375,31.5,5.575741
2025-10-06 11:30:00,296.7627,98276.47,91417.55,2.0787735,-4.9984145,0.015385722,74.375,31.5,5.4134507
2025-10-06 12:30:00,295.72864,98298.34,86537.234,1.9451437,-4.343789,0.0154652735,74.375,31.5,4.759421
2025-10-06 13:30:00,295.10468,98319.516,84976.14,2.3356414,-3.5291564,0.015499106,74.375,31.5,4.2320404
2025-10-06 14:30:00,294.8888,98333.26,83306.19,3.0758867,-2.4831784,0.015555915,74.375,31.5,3.9531322
2025-10-06 15:30:00,294.76807,98347.0,81667.625,3.3969386,-1.2865884,0.015578516,74.375,31.5,3.6324236
2025-10-06 16:30:00,294.5889,98355.17,84246.74,2.65448,-0.29435903,0.015612654,74.375,31.5,2.670751
2025-10-06 17:30:00,294.4424,98329.58,91748.28,1.2536746,0.12349635,0.015635464,74.375,31.5,1.2597426
2025-10-06 18:30:00,294.23108,98265.875,94850.445,0.08858454,0.45212948,0.015414218,74.375,31.5,0.46072584
2025-10-06 19:30:00,293.5264,98279.19,93874.69,-0.3644015,0.9066014,0.014925976,74.375,31.5,0.977095
2025-10-06 20:30:00,293.2173,98330.97,94244.69,-1.312633,1.5874984,0.014536927,74.375,31.5,2.0598924
2025-10-06 21:30:00,292.9213,98371.67,91399.91,-2.1689255,2.1358047,0.014170774,74.375,31.5,3.043994
2025-10-06 22:30:00,292.38196,98361.72,93282.55,-1.7446885,1.9127629,0.013812291,74.375,31.5,2.588938
2025-10-06 23:30:00,291.664,98367.22,97109.89,-1.4442272,1.6833626,0.013373751,74.375,31.5,2.2179952
2025-10-07 00:30:00,291.11493,98403.7,97659.29,-1.6390653,1.6446029,0.012984859,74.375,31.5,2.3219073
2025-10-07 01:30:00,291.06174,98468.91,97733.42,-1.9932907,1.98756,0.012775363,74.375,31.5,2.8148894
2025-10-07 02:30:00,292.1771,98561.01,97334.94,-2.4016347,2.58398,0.013172103,74.375,31.5,3.527719
2025-10-07 03:30:00,293.8249,98645.7,95015.664,-2.1857378,2.0565977,0.013885253,74.375,31.5,3.0011737
2025-10-07 04:30:00,295.71655,98689.42,93046.73,-2.3046381,1.3909991,0.0142174065,74.375,31.5,2.6918833
2025-10-07 05:30:00,297.37418,98696.37,88628.59,-2.2477167,0.8869641,0.013935738,74.375,31.5,2.416389
2025-10-07 06:30:00,298.6191,98680.875,86130.67,-2.2833772,0.8211546,0.013261385,74.375,31.5,2.426542
2025-10-07 07:30:00,299.2046,98623.1,84508.55,-2.2151914,1.1012388,0.012883996,74.375,31.5,2.4738228
2025-10-07 08:30:00,299.3625,98564.68,83198.914,-2.1108618,1.397045,0.012673996,74.375,31.5,2.5312986
2025-10-07 09:30:00,299.0241,98536.18,83149.54,-2.218759,1.6034738,0.012574583,74.375,31.5,2.7375207
2025-10-07 10:30:00,298.38226,98542.1,84241.266,-2.4598117,1.4614004,0.012654498,74.375,31.5,2.8611825
2025-10-07 11:30:00,297.20984,98565.484,87634.89,-2.3446636,0.98221326,0.013073906,74.375,31.5,2.542084
2025-10-07 12:30:00,295.1511,98595.58,97020.22,-2.0345378,0.50264263,0.013775551,74.375,31.5,2.0957084
2025-10-07 13:30:00,293.6078,98639.805,97898.81,-2.1197238,0.17862666,0.013199272,74.375,31.5,2.1272368
2025-10-07 14:30:00,292.9797,98691.89,97945.83,-2.1077561,-0.1230222,0.012893883,74.375,31.5,2.1113431
2025-10-07 15:30:00,292.4947,98718.664,97975.39,-1.9757967,-0.3107822,0.012607642,74.375,31.5,2.0000894
2025-10-07 16:30:00,292.10797,98721.04,97980.98,-1.8171928,-0.25345743,0.012309923,74.375,31.5,1.8347834
2025-10-07 17:30:00,291.66974,98727.375,97988.45,-1.7643422,0.09677327,0.012077145,74.375,31.5,1.7669942
2025-10-07 18:30:00,291.06335,98739.26,97997.28,-1.8551449,0.55355287,0.011916918,74.375,31.5,1.9359709
2025-10-07 19:30:00,290.56174,98737.77,97089.02,-1.9935931,0.85015225,0.011775752,74.375,31.5,2.167296
2025-10-07 20:30:00,290.23175,98719.08,91100.69,-2.090561,0.97931147,0.011649725,74.375,31.5,2.3085701
2025-10-07 21:30:00,290.10107,98687.95,91717.75,-2.3051186,1.0846273,0.011580904,74.375,31.5,2.5475454
2025-10-07 22:30:00,289.94495,98658.72,91856.49,-2.4770834,1.148022,0.011500752,74.375,31.5,2.7301826
2025-10-07 23:30:00,289.72314,98657.02,97912.36,-2.3764875,1.0899309,0.01141693,74.375,31.5,2.614506
2025-10-08 00:30:00,289.4898,98688.37,96497.69,-2.1741085,1.0678507,0.011352455,74.375,31.5,2.4222
2025-10-08 01:30:00,289.64325,98759.86,98017.945,-2.0985184,1.1874709,0.011379732,74.375,31.5,2.411196
2025-10-08 02:30:00,291.1931,98836.78,98093.875,-2.9091854,1.8777314,0.0116813285,74.375,31.5,3.4625475
2025-10-08 03:30:00,293.06702,98891.71,97170.64,-2.4868755,1.8830924,0.012348964,74.375,31.5,3.1193888
2025-10-08 04:30:00,296.15024,98909.234,89864.11,-2.9589067,1.930784,0.012532132,74.375,31.5,3.5331366
2025-10-08 05:30:00,297.83615,98903.16,87053.94,-2.6907945,1.7186971,0.012818242,74.375,31.5,3.1928506
2025-10-08 06:30:00,298.86075,98856.055,85131.53,-2.4439797,1.627121,0.0131005235,74.375,31.5,2.936079
2025-10-08 07:30:00,299.55347,98776.6,83576.73,-2.2716959,1.7042615,0.013314118,74.375,31.5,2.8399136
2025-10-08 08:30:00,299.9137,98697.195,82680.94,-2.0832074,1.8032374,0.0134246405,74.375,31.5,2.7552528
2025-10-08 09:30:00,299.91803,98630.39,82469.25,-1.9399749,1.8912295,0.01342455,74.375,31.5,2.70929
2025-10-08 10:30:00,299.51035,98596.63,83247.72,-1.7388673,1.9071503,0.013435885,74.375,31.5,2.5808685
2025-10-08 11:30:00,298.60953,98601.54,88553.05,-1.3490529,1.7424657,0.013813404,74.375,31.5,2.203663
2025-10-08 12:30:00,296.35785,98624.81,96293.766,-1.0895569,1.6622347,0.014431224,74.375,31.5,1.9875005
2025-10-08 13:30:00,294.65573,98679.74,97939.79,-1.0379044,1.8822737,0.013294256,74.375,31.5,2.149465
2025-10-08 14:30:00,293.949,98733.56,97988.81,-0.9724704,2.0405087,0.012748571,74.375,31.5,2.2603927
2025-10-08 15:30:00,293.44138,98765.234,98023.17,-0.79093146,2.1268876,0.012229661,74.375,31.5,2.26919
2025-10-08 16:30:00,293.01764,98786.74,98042.766,-0.53935087,2.1804338,0.011817645,74.375,31.5,2.2461503
2025-10-08 17:30:00,292.48712,98788.62,98041.5,-0.3394759,2.256775,0.011516275,74.375,31.5,2.2821648
2025-10-08 18:30:00,291.89664,98788.42,98039.09,-0.25934458,2.338633,0.0112872515,74.375,31.5,2.3529692
2025-10-08 19:30:00,291.35342,98790.5,98044.625,-0.28098226,2.3739407,0.01109254,74.375,31.5,2.3905115
2025-10-08 20:30:00,290.90698,98781.19,98051.41,-0.3967588,2.3275266,0.010913101,74.375,31.5,2.361101
2025-10-08 21:30:00,290.58783,98782.914,98049.445,-0.53375936,2.1822934,0.0107412785,74.375,31.5,2.2466204
2025-10-08 22:30:00,290.42975,98797.09,98051.08,-0.63035977,1.964343,0.010554235,74.375,31.5,2.0630066
2025-10-08 23:30:00,290.4168,98833.02,98095.625,-0.65896845,1.7250005,0.010355899,74.375,31.5,1.8465823
2025-10-09 00:30:00,290.55493,98874.63,98131.28,-0.5537934,1.4832605,0.010150115,74.375,31.5,1.5832716
2025-10-09 01:30:00,290.93832,98931.32,98183.414,-0.2820602,1.2478276,0.010261103,74.375,31.5,1.2793092
2025-10-09 02:30:00,292.77167,98990.3,98258.56,0.1439017,1.1261907,0.0109669445,74.375,31.5,1.1353471
2025-10-09 03:30:00,294.37732,99054.43,98306.4,0.46432042,1.0818298,0.011253068,74.375,31.5,1.1772634
2025-10-09 04:30:00,297.72345,99080.74,87103.3,-0.029144287,1.4921243,0.011779622,74.375,31.5,1.492409
2025-10-09 05:30:00,299.99857,99064.53,82627.97,-0.4087696,1.6948584,0.01185994,74.375,31.5,1.7434556
2025-10-09 06:30:00,300.80774,99029.77,81182.336,-0.5022615,1.7002003,0.012134805,74.375,31.5,1.7728361
2025-10-09 07:30:00,301.2647,98950.76,79763.72,-0.6646051,1.6803274,0.012268442,74.375,31.5,1.8069865
2025-10-09 08:30:00,301.44138,98879.664,78964.2,-0.82811034,1.6140058,0.012306712,74.375,31.5,1.8140512
2025-10-09 09:30:00,301.19638,98821.9,79369.86,-0.9160235,1.4650514,0.012314204,74.375,31.5,1.7278526
2025-10-09 10:30:00,300.7874,98801.16,81137.71,-0.92643434,1.2858626,0.012390078,74.375,31.5,1.5848416
2025-10-09 11:30:00,299.96994,98804.95,88450.19,-0.8856562,1.0827783,0.012622499,74.375,31.5,1.3988552
2025-10-09 12:30:00,298.03363,98820.71,96383.78,-0.894052,0.85717237,0.013316497,74.375,31.5,1.2385772
2025-10-09 13:30:00,296.74927,98842.664,98102.72,-0.95543367,0.6858191,0.012309083,74.375,31.5,1.1760958
2025-10-09 14:30:00,296.20416,98851.555,98108.75,-0.93419147,0.6325255,0.011915902,74.375,31.5,1.1281854
2025-10-09 15:30:00,295.73776,98846.58,98110.29,-0.77738667,0.7277969,0.011553463,74.375,31.5,1.064903
2025-10-09 16:30:00,295.3275,98834.52,98091.984,-0.6067591,0.8135581,0.0112216575,74.375,31.5,1.0149056
2025-10-09 17:30:00,294.8554,98814.13,98065.01,-0.49969947,0.8390462,0.010970065,74.375,31.5,0.97657466
2025-10-09 18:30:00,294.34213,98784.055,98049.44,-0.4412668,0.8677523,0.010821602,74.375,31.5,0.9735042
2025-10-09 19:30:00,293.73114,98768.42,98025.23,-0.4198395,0.960264,0.010684653,74.375,31.5,1.0480325
2025-10-09 20:30:00,292.97736,98741.16,97999.08,-0.38567328,1.1491511,0.010581803,74.375,31.5,1.2121435
2025-10-09 21:30:00,292.15765,98712.19,97974.46,-0.2907468,1.3643899,0.010543814,74.375,31.5,1.3950245
2025-10-09 22:30:00,291.34613,98700.04,97958.4,-0.11876154,1.590478,0.010532524,74.375,31.5,1.5949059
2025-10-09 23:30:00,290.6732,98698.99,97953.47,0.112611055,1.817127,0.010479272,74.375,31.5,1.820613
2025-10-10 00:30:00,290.01913,98717.54,97968.77,0.34888232,2.0012143,0.010414622,74.375,31.5,2.0313978
2025-10-10 01:30:00,289.8703,98743.47,98003.94,0.4872657,2.0671582,0.010647631,74.375,31.5,2.1238105
2025-10-10 02:30:00,292.3861,98788.32,98051.41,0.5490657,2.3950686,0.011365166,74.375,31.5,2.457199
2025-10-10 03:30:00,294.11124,98840.8,98106.51,0.46191204,2.27123,0.011808097,74.375,31.5,2.3177247
2025-10-10 04:30:00,297.42615,98866.7,90576.164,-0.36596358,2.3732715,0.012212905,74.375,31.5,2.401322
2025-10-10 05:30:00,299.86362,98856.195,85875.266,-1.2153348,2.2363195,0.012148424,74.375,31.5,2.5452237
2025-10-10 06:30:00,300.90543,98814.1,83927.195,-1.2400415,1.7400082,0.012446256,74.375,31.5,2.1366637
2025-10-10 07:30:00,301.4984,98747.49,82495.11,-0.9617357,1.4358417,0.012583719,74.375,31.5,1.7281715
2025-10-10 08:30:00,301.77426,98674.1,81527.78,-0.6486262,1.2803242,0.012591509,74.375,31.5,1.4352512
2025-10-10 09:30:00,301.7413,98621.586,81453.39,-0.46588564,1.1484828,0.012549739,74.375,31.5,1.2393798
2025-10-10 10:30:00,301.3642,98598.27,81991.33,-0.34647244,0.9325692,0.012622373,74.375,31.5,0.994851
2025-10-10 11:30:00,300.81,98585.94,85359.72,-0.20281297,0.70579153,0.012546132,74.375,31.5,0.7343533
2025-10-10 12:30:00,299.24072,98596.81,93142.83,-0.108705044,0.5033269,0.012729119,74.375,31.5,0.5149318
2025-10-10 13:30:00,298.1514,98627.19,94620.625,-0.03422886,0.32864106,0.011767508,74.375,31.5,0.33041877
2025-10-10 14:30:00,297.5522,98657.02,94649.44,0.098012835,0.3213178,0.011480959,74.375,31.5,0.33593398
2025-10-10 15:30:00,297.11795,98679.22,94669.61,0.23229885,0.4219824,0.011118043,74.375,31.5,0.4816969
2025-10-10 16:30:00,296.59573,98683.695,94675.9,0.26565233,0.5121392,0.010923013,74.375,31.5,0.5769382
2025-10-10 17:30:00,295.9881,98663.53,94656.26,0.2742903,0.60346246,0.010804406,74.375,31.5,0.6628741
2025-10-10 18:30:00,295.1965,98629.1,96670.47,0.33961764,0.7495554,0.010827133,74.375,31.5,0.82290554
2025-10-10 19:30:00,294.2537,98611.055,96389.305,0.49685276,0.8728653,0.010826925,74.375,31.5,1.0043687
2025-10-10 20:30:00,293.74792,98592.74,94903.93,0.8036972,0.91618013,0.010685554,74.375,31.5,1.2187351
2025-10-10 21:30:00,293.05237,98586.58,94900.69,1.0560848,0.8570584,0.010631919,74.375,31.5,1.360097
2025-10-10 22:30:00,292.4899,98612.98,94916.95,1.1745673,0.7195683,0.010559183,74.375,31.5,1.3774567
2025-10-10 23:30:00,292.037,98662.195,93986.94,1.1644387,0.5660339,0.010478846,74.375,31.5,1.2947247
2025-10-11 00:30:00,291.8095,98730.914,88126.34,1.0398178,0.48999834,0.010375666,74.375,31.5,1.1494867
2025-10-11 01:30:00,291.62775,98801.61,88200.086,0.8424621,0.5220789,0.010531964,74.375,31.5,0.9911149
2025-10-11 02:30:00,293.1521,98865.87,88926.92,0.6784321,0.651028,0.011493182,74.375,31.5,0.94026995
2025-10-11 03:30:00,294.60388,98924.61,89245.55,0.44173265,0.7837362,0.011821199,74.375,31.5,0.89965004
2025-10-11 04:30:00,298.03387,98933.62,87627.45,-0.24717939,1.2887969,0.0121913,74.375,31.5,1.3122863
2025-10-11 05:30:00,300.5602,98919.45,85312.69,-0.854594,1.538194,0.012149527,74.375,31.5,1.759651
2025-10-11 06:30:00,301.52942,98870.4,82938.0,-1.0261697,1.523206,0.01248164,74.375,31.5,1.8366221
2025-10-11 07:30:00,302.10464,98802.336,81516.97,-1.1305693,1.5342695,0.012729946,74.375,31.5,1.9058253
2025-10-11 08:30:00,302.3284,98737.805,81542.92,-1.2735467,1.5450141,0.012901962,74.375,31.5,2.0022461
2025-10-11 09:30:00,302.21793,98687.49,81911.945,-1.4199178,1.6122391,0.013127522,74.375,31.5,2.1483672
2025-10-11 10:30:00,301.7914,98653.57,85370.09,-1.4923916,1.6645477,0.01322725,74.375,31.5,2.2356098
2025-10-11 11:30:00,300.68954,98649.375,88544.33,-1.4610077,1.6740386,0.013708432,74.375,31.5,2.2219245
2025-10-11 12:30:00,297.8835,98660.74,97924.04,-1.3061717,1.5156573,0.014841651,74.375,31.5,2.0008252
2025-10-11 13:30:00,296.38397,98691.12,97946.22,-1.443816,1.6996213,0.01341085,74.375,31.5,2.2300935
2025-10-11 14:30:00,295.6104,98719.414,97977.805,-1.4582918,1.8249903,0.01297556,74.375,31.5,2.336066
2025-10-11 15:30:00,294.96387,98728.85,97991.81,-1.4349525,1.9001247,0.012547775,74.375,31.5,2.3810842
2025-10-11 16:30:00,294.33322,98732.41,97983.63,-1.4689419,1.8962188,0.012146643,74.375,31.5,2.398632
2025-10-11 17:30:00,293.66077,98706.07,97964.91,-1.5396214,1.8792226,0.011806723,74.375,31.5,2.429385
2025-10-11 18:30:00,292.95514,98671.375,97929.93,-1.5644528,1.9047823,0.01151252,74.375,31.5,2.464895
2025-10-11 19:30:00,292.29718,98634.8,97898.234,-1.4735631,2.0076096,0.011241424,74.375,31.5,2.4903584
2025-10-11 20:30:00,291.6348,98595.22,97854.53,-1.2895038,2.193272,0.01099724,74.375,31.5,2.5442607
2025-10-11 21:30:00,291.0605,98567.41,97822.266,-1.035496,2.3460972,0.010768485,74.375,31.5,2.564454
2025-10-11 22:30:00,290.56522,98570.51,97828.14,-0.78416276,2.4309256,0.010570182,74.375,31.5,2.554273
2025-10-11 23:30:00,290.0935,98595.734,97862.33,-0.60987157,2.4491305,0.010402308,74.375,31.5,2.5239224
2025-10-12 00:30:00,289.68127,98646.79,97901.69,-0.5033113,2.3848195,0.0102458,74.375,31.5,2.4373522
2025-10-12 01:30:00,289.64966,98708.375,97958.914,-0.44164813,2.1965134,0.0103676515,74.375,31.5,2.2404742
2025-10-12 02:30:00,292.18567,98769.43,98033.09,-0.47302324,2.0566454,0.011374534,74.375,31.5,2.1103415
2025-10-12 03:30:00,293.979,98824.38,98073.875,-0.24213171,1.8319257,0.011572904,74.375,31.5,1.8478582
2025-10-12 04:30:00,296.762,98834.31,95852.19,-0.017374158,1.7702441,0.012694541,74.375,31.5,1.7703294
2025-10-12 05:30:00,300.1864,98826.09,87829.27,-0.641189,2.813544,0.012187291,74.375,31.5,2.8856807
2025-10-12 06:30:00,301.6475,98793.08,84848.33,-0.8894657,2.616634,0.012084346,74.375,31.5,2.763679
2025-10-12 07:30:00,302.23685,98736.87,83564.81,-0.87781274,2.146607,0.012141706,74.375,31.5,2.3191543
2025-10-12 08:30:00,302.53738,98671.66,82421.17,-0.7401315,1.7076496,0.012149684,74.375,31.5,1.8611453
2025-10-12 09:30:00,302.46548,98613.4,82844.31,-0.72717595,1.4563584,0.0121540995,74.375,31.5,1.6278098
2025-10-12 10:30:00,302.01328,98585.234,84016.85,-0.73687303,1.2766081,0.012177622,74.375,31.5,1.4740115
2025-10-12 11:30:00,301.17667,98577.09,87971.375,-0.67395186,1.115178,0.012059897,74.375,31.5,1.3030093
2025-10-12 12:30:00,299.09174,98587.336,97738.92,-0.6401751,0.7291106,0.012777544,74.375,31.5,0.9702713
2025-10-12 13:30:00,298.14612,98625.38,97878.5,-0.7221731,0.4049282,0.011492389,74.375,31.5,0.82794976
2025-10-12 14:30:00,297.5301,98658.625,97924.44,-0.7224901,0.09335905,0.011236705,74.375,31.5,0.72849697
2025-10-12 15:30:00,297.03912,98697.805,97960.59,-0.62240005,-0.106544316,0.011038066,74.375,31.5,0.6314535
2025-10-12 16:30:00,296.61206,98725.14,97985.5,-0.50646853,-0.2165825,0.010805056,74.375,31.5,0.55083424
2025-10-12 17:30:00,296.1995,98739.71,97994.97,-0.42494118,-0.26054156,0.010602604,74.375,31.5,0.49845454
2025-10-12 18:30:00,295.7073,98734.92,97501.8,-0.3285063,-0.22697708,0.010419201,74.375,31.5,0.3992931
2025-10-12 19:30:00,295.2083,98728.24,93561.2,-0.21108168,-0.10098989,0.010312072,74.375,31.5,0.23399666
2025-10-12 20:30:00,294.79517,98715.055,93544.03,-0.105448365,0.14045435,0.010139996,74.375,31.5,0.17563252
2025-10-12 21:30:00,294.30566,98693.54,93524.91,-0.039738953,0.37610853,0.0099909445,74.375,31.5,0.37820205
2025-10-12 22:30:00,293.5846,98673.7,93508.7,0.027803838,0.6080674,0.009944694,74.375,31.5,0.6087027
2025-10-12 23:30:00,292.65677,98673.92,93512.81,0.12607974,0.88164407,0.009944256,74.375,31.5,0.89061344
2025-10-13 00:30:00,291.74683,98704.39,92455.45,0.25225562,1.1765537,0.009924853,74.375,31.5,1.2032919
2025-10-13 01:30:00,291.14508,98744.625,88923.0,0.41075128,1.4425205,0.010077199,74.375,31.5,1.4998606
2025-10-13 02:30:00,292.8843,98803.19,87468.61,0.4988442,1.4914528,0.011732659,74.375,31.5,1.5726656
2025-10-13 03:30:00,294.5867,98858.91,87857.23,0.71155035,1.7857766,0.0115037495,74.375,31.5,1.9223168
2025-10-13 04:30:00,297.0351,98899.09,87551.72,0.7556279,1.6525829,0.012728237,74.375,31.5,1.8171417
2025-10-13 05:30:00,301.08163,98913.33,84386.734,0.44734162,2.2297668,0.011553339,74.375,31.5,2.2741976
2025-10-13 06:30:00,302.46564,98896.44,82798.43,0.2336801,2.1007023,0.011198703,74.375,31.5,2.1136594
2025-10-13 07:30:00,303.0077,98848.83,81694.58,0.14135903,1.8295118,0.011137945,74.375,31.5,1.8349648
2025-10-13 08:30:00,303.25824,98786.65,81412.36,0.066485584,1.5746768,0.011256627,74.375,31.5,1.5760797
2025-10-13 09:30:00,303.1448,98725.07,81194.5,-0.052909613,1.4199109,0.011142672,74.375,31.5,1.4208963
2025-10-13 10:30:00,302.71985,98691.445,82212.73,-0.14442292,1.213748,0.01137589,74.375,31.5,1.2223101
2025-10-13 11:30:00,301.7736,98688.2,84106.875,-0.122318745,1.160668,0.011185701,74.375,31.5,1.1670955
2025-10-13 12:30:00,299.9237,98694.43,96814.85,-0.14955485,0.80816394,0.01188433,74.375,31.5,0.8218854
2025-10-13 13:30:00,299.14758,98717.81,97983.3,-0.19399881,0.4485482,0.010331677,74.375,31.5,0.4887034
2025-10-13 14:30:00,298.5665,98764.125,98018.63,-0.08590901,0.0794217,0.010152195,74.375,31.5,0.11699643
2025-10-13 15:30:00,297.78705,98788.414,98047.87,0.070880294,-0.29216266,0.010087163,74.375,31.5,0.3006377
2025-10-13 16:30:00,297.22363,98799.98,98058.36,0.20469475,-0.642297,0.009838763,74.375,31.5,0.6741257
2025-10-13 17:30:00,296.36508,98785.7,98044.63,0.31957293,-0.9145297,0.009819207,74.375,31.5,0.9687577
2025-10-13 18:30:00,295.31723,98754.12,98012.65,0.40056348,-1.1027516,0.00991045,74.375,31.5,1.1732485
2025-10-13 19:30:00,294.52258,98719.13,97982.84,0.4623407,-1.211808,0.009837877,74.375,31.5,1.297011
2025-10-13 20:30:00,293.88333,98674.984,97936.22,0.51901007,-1.2054517,0.00972361,74.375,31.5,1.3124349
2025-10-13 21:30:00,293.27054,98625.08,97882.08,0.6196434,-1.1444014,0.009636288,74.375,31.5,1.3013887
2025-10-13 22:30:00,292.66232,98600.46,97867.87,0.7161598,-1.0576875,0.009563986,74.375,31.5,1.2773362
2025-10-13 23:30:00,292.13925,98596.14,97852.94,0.79718834,-0.91239136,0.00948384,74.375,31.5,1.211597
2025-10-14 00:30:00,291.7845,98615.16,97873.555,0.9331434,-0.65944326,0.009396118,74.375,31.5,1.1426382
2025-10-14 01:30:00,291.26575,98649.72,97915.81,1.1133944,-0.23287898,0.009517982,74.375,31.5,1.1374882
2025-10-14 02:30:00,292.63608,98709.1,97962.03,1.2695608,0.24287945,0.010795709,74.375,31.5,1.2925847
2025-10-14 03:30:00,294.09576,98759.914,93745.414,1.517028,0.7968031,0.0106735155,74.375,31.5,1.7135546
2025-10-14 04:30:00,296.41476,98773.41,92478.03,1.4078834,1.3539168,0.011962815,74.375,31.5,1.9532604
2025-10-14 05:30:00,300.49115,98770.09,84637.06,1.0148197,2.3009648,0.011302932,74.375,31.5,2.5148158
2025-10-14 06:30:00,301.7913,98743.11,83316.766,0.6295803,2.1748493,0.011543412,74.375,31.5,2.2641425
2025-10-14 07:30:00,302.31238,98683.914,82744.45,0.4991694,1.7884454,0.011783949,74.375,31.5,1.8568002
2025-10-14 08:30:00,302.56897,98619.18,82193.89,0.42268857,1.3101838,0.011822368,74.375,31.5,1.3766798
2025-10-14 09:30:00,302.4886,98567.43,82468.17,0.30352628,0.7586437,0.011792175,74.375,31.5,0.8171098
2025-10-14 10:30:00,302.165,98547.59,83256.53,0.31158906,0.26732802,0.011845579,74.375,31.5,0.41055086
2025-10-14 11:30:00,301.32455,98552.99,87599.47,0.5010319,-0.04564011,0.011868485,74.375,31.5,0.50310636
2025-10-14 12:30:00,299.27444,98575.98,97490.984,0.57496744,-0.42637855,0.012513151,74.375,31.5,0.71581155
2025-10-14 13:30:00,297.72647,98625.69,97886.94,0.72180206,-0.89127684,0.011467879,74.375,31.5,1.146897
2025-10-14 14:30:00,296.5315,98679.31,97934.15,0.88358516,-1.2637273,0.011391553,74.375,31.5,1.5419887
2025-10-14 15:30:00,295.6218,98709.64,97967.95,0.9513887,-1.5345212,0.0112122595,74.375,31.5,1.8055182
2025-10-14 16:30:00,294.992,98718.59,97984.97,0.85855925,-1.7587596,0.010979513,74.375,31.5,1.9571304
2025-10-14 17:30:00,294.39713,98705.625,97958.3,0.71019566,-1.9059241,0.010819216,74.375,31.5,2.0339432
2025-10-14 18:30:00,293.95798,98670.27,97934.04,0.5771342,-1.9128163,0.010658947,74.375,31.5,1.9979864
2025-10-14 19:30:00,293.74136,98635.86,97905.6,0.48962182,-1.7614613,0.010487252,74.375,31.5,1.8282439
2025-10-14 20:30:00,293.67984,98599.26,94486.86,0.43088257,-1.4422166,0.010311733,74.375,31.5,1.5052072
2025-10-14 21:30:00,293.40964,98574.52,93855.125,0.4744833,-1.1285374,0.0102087045,74.375,31.5,1.2242267
2025-10-14 22:30:00,293.27072,98567.59,93861.69,0.5630965,-0.940506,0.01005612,74.375,31.5,1.0961884
2025-10-14 23:30:00,292.9378,98588.09,93880.22,0.5760088,-0.8028533,0.009926422,74.375,31.5,0.98810905
2025-10-15 00:30:00,292.45483,98629.94,93906.75,0.55494213,-0.7406812,0.009842331,74.375,31.5,0.92551035
2025-10-15 01:30:00,292.02054,98681.25,93961.65,0.5396588,-0.7495177,0.009994552,74.375,31.5,0.9235845
2025-10-15 02:30:00,293.2109,98739.09,94013.34,0.50347936,-0.7747704,0.011363793,74.375,31.5,0.9239917
2025-10-15 03:30:00,294.6497,98800.21,94067.5,0.59417874,-0.73168576,0.011378956,74.375,31.5,0.9425563
2025-10-15 04:30:00,297.38187,98824.68,89073.69,0.49307653,-0.32835764,0.0121572,74.375,31.5,0.5924046
2025-10-15 05:30:00,301.1926,98828.72,80668.55,0.14682205,0.25412306,0.010944287,74.375,31.5,0.29348806
2025-10-15 06:30:00,302.11615,98809.72,80203.07,0.023960147,0.24378857,0.011150481,74.375,31.5,0.24496317
2025-10-15 07:30:00,302.53937,98757.125,78814.234,0.027983021,0.15806845,0.011352918,74.375,31.5,0.16052626
2025-10-15 08:30:00,302.6935,98700.96,78569.36,-0.010051772,0.08249146,0.011444635,74.375,31.5,0.083101615
2025-10-15 09:30:00,302.54004,98654.695,79749.516,-0.20468017,0.15151197,0.01153604,74.375,31.5,0.25465634
2025-10-15 10:30:00,302.24185,98634.625,82273.19,-0.4334881,0.264071,0.011860131,74.375,31.5,0.50758785
2025-10-15 11:30:00,301.65955,98621.695,89254.06,-0.52409357,0.33502883,0.011711191,74.375,31.5,0.62202764
2025-10-15 12:30:00,299.83975,98614.15,97672.7,-0.52408385,0.28789154,0.0125540625,74.375,31.5,0.59795105
2025-10-15 13:30:00,298.79742,98629.35,97898.74,-0.54256046,0.31126708,0.011310306,74.375,31.5,0.62550706
2025-10-15 14:30:00,298.09747,98656.984,97921.51,-0.5053415,0.40107557,0.011138519,74.375,31.5,0.64516014
2025-10-15 15:30:00,297.61386,98682.83,97938.8,-0.52412564,0.37999296,0.010901907,74.375,31.5,0.6473811
2025-10-15 16:30:00,297.24612,98693.14,97947.81,-0.665293,0.24949121,0.010676737,74.375,31.5,0.7105354
2025-10-15 17:30:00,296.58865,98679.86,97947.0,-0.8710261,0.15831548,0.010623217,74.375,31.5,0.8852967
2025-10-15 18:30:00,295.79044,98657.484,97911.234,-1.1045747,0.14901447,0.010653643,74.375,31.5,1.1145809
2025-10-15 19:30:00,295.05743,98631.17,97884.97,-1.3251348,0.2266028,0.010668854,74.375,31.5,1.3443701
2025-10-15 20:30:00,294.27756,98593.625,97848.66,-1.4847443,0.39451712,0.01071845,74.375,31.5,1.5362648
2025-10-15 21:30:00,293.59906,98573.8,97829.21,-1.5338578,0.53494376,0.010749002,74.375,31.5,1.6244644
2025-10-15 22:30:00,293.13733,98562.02,97825.85,-1.4597709,0.6274371,0.010718561,74.375,31.5,1.5889016
2025-10-15 23:30:00,292.8492,98569.234,97827.36,-1.278018,0.7614757,0.010638443,74.375,31.5,1.4876745
2025-10-16 00:30:00,292.51187,98606.664,97867.234,-1.0142915,0.9702233,0.010550747,74.375,31.5,1.4036099
2025-10-16 01:30:00,292.16547,98661.39,97930.44,-0.7222902,1.2165185,0.010657636,74.375,31.5,1.4147863
2025-10-16 02:30:00,293.65765,98732.1,97989.5,-0.42146498,1.3311472,0.012050145,74.375,31.5,1.3962756
2025-10-16 03:30:00,295.18085,98788.04,98050.79,-0.28165108,1.662826,0.011848122,74.375,31.5,1.6865104
2025-10-16 04:30:00,297.41495,98811.81,95849.94,-0.11833386,1.6172757,0.013019449,74.375,31.5,1.6215991
2025-10-16 05:30:00,301.26794,98800.89,84478.266,-1.0920466,1.9128093,0.012722269,74.375,31.5,2.2025905
2025-10-16 06:30:00,302.61334,98750.76,82471.01,-1.5686034,1.5318983,0.012669095,74.375,31.5,2.1925395
2025-10-16 07:30:00,303.14026,98669.4,81313.13,-1.6468323,1.211487,0.012921055,74.375,31.5,2.0444455
2025-10-16 08:30:00,303.37296,98594.2,81174.49,-1.5976454,0.9933841,0.013108119,74.375,31.5,1.8812982
2025-10-16 09:30:00,303.34674,98552.54,81653.02,-1.4910768,0.96357965,0.013100569,74.375,31.5,1.7753298
2025-10-16 10:30:00,302.8589,98543.03,83050.984,-1.2534101,0.96218324,0.013436277,74.375,31.5,1.5801373
2025-10-16 11:30:00,301.95758,98558.58,88741.02,-1.088779,1.053038,0.013073792,74.375,31.5,1.5147041
2025-10-16 12:30:00,299.67316,98580.086,97839.2,-0.86406165,0.87110126,0.014237007,74.375,31.5,1.2269555
2025-10-16 13:30:00,298.67102,98630.86,97888.59,-0.82337296,0.79586744,0.012718356,74.375,31.5,1.145141
2025-10-16 14:30:00,298.43597,98681.95,97932.61,-0.72191095,0.6774881,0.012157201,74.375,31.5,0.99002296
2025-10-16 15:30:00,298.10403,98729.29,97992.31,-0.6468903,0.52118385,0.011786811,74.375,31.5,0.8307224
2025-10-16 16:30:00,297.67105,98751.3,98005.53,-0.6230993,0.36168516,0.011550012,74.375,31.5,0.72046435
2025-10-16 17:30:00,297.18414,98750.2,98012.08,-0.6354147,0.28425705,0.011378179,74.375,31.5,0.6960991
2025-10-16 18:30:00,296.57645,98733.72,97983.27,-0.6744993,0.32693398,0.011263634,74.375,31.5,0.7495566
2025-10-16 19:30:00,295.7182,98707.34,97973.53,-0.69543505,0.4817711,0.0112482775,74.375,31.5,0.8460102
2025-10-16 20:30:00,295.04712,98681.16,97950.22,-0.70747226,0.7672138,0.01121389,74.375,31.5,1.0436158
2025-10-16 21:30:00,294.31015,98661.625,97926.44,-0.5775297,1.0294993,0.011152855,74.375,31.5,1.1804277
2025-10-16 22:30:00,293.49493,98660.31,97924.43,-0.30681163,1.2498926,0.0111185955,74.375,31.5,1.2869984
2025-10-16 23:30:00,292.70673,98686.53,97950.016,-0.0011534393,1.4896612,0.011122541,74.375,31.5,1.4896617
2025-10-17 00:30:00,291.90265,98726.49,97984.16,0.2961318,1.6750144,0.011115101,74.375,31.5,1.70099
2025-10-17 01:30:00,291.36578,98789.18,98056.05,0.5373496,1.7392039,0.011260358,74.375,31.5,1.8203228
2025-10-17 02:30:00,293.35962,98868.08,98118.53,0.69643223,1.5999244,0.012386106,74.375,31.5,1.7449286
2025-10-17 03:30:00,294.97586,98938.78,98190.45,0.754283,1.5232313,0.012348511,74.375,31.5,1.6997577
2025-10-17 04:30:00,297.66058,98971.67,94711.56,0.5132269,1.3285298,0.013329401,74.375,31.5,1.4242167
2025-10-17 05:30:00,301.14526,98976.22,88138.09,0.13222551,1.9845612,0.012852887,74.375,31.5,1.9889612
2025-10-17 06:30:00,302.45374,98942.38,84584.375,-0.31583393,1.8260922,0.012956224,74.375,31.5,1.8532037
2025-10-17 07:30:00,303.14496,98878.87,82620.5,-0.61534476,1.637943,0.013078814,74.375,31.5,1.7497162
2025-10-17 08:30:00,303.4244,98812.47,81479.34,-0.80262065,1.4858105,0.013170877,74.375,31.5,1.688737
2025-10-17 09:30:00,303.38626,98763.23,81762.44,-0.967391,1.2724862,0.013174802,74.375,31.5,1.5984576
2025-10-17 10:30:00,302.93787,98732.95,83895.34,-1.1133064,0.96800715,0.013399633,74.375,31.5,1.4752928
2025-10-17 11:30:00,302.06866,98713.45,85045.85,-1.2846525,0.7212325,0.013040513,74.375,31.5,1.4732646
2025-10-17 12:30:00,299.53265,98719.33,81258.99,-1.3374099,0.18723726,0.014348488,74.375,31.5,1.3504529
2025-10-17 13:30:00,298.30768,98747.516,81269.36,-1.4332305,-0.21254283,0.012971002,74.375,31.5,1.4489044
2025-10-17 14:30:00,297.73642,98778.62,81294.8,-1.2614138,-0.41921633,0.012585432,74.375,31.5,1.3292506
2025-10-17 15:30:00,297.66595,98806.54,81310.47,-0.92731345,-0.41377082,0.012050916,74.375,31.5,1.015439
2025-10-17 16:30:00,297.54813,98818.61,81317.805,-0.493661,-0.2535147,0.011676661,74.375,31.5,0.55495125
2025-10-17 17:30:00,297.30826,98818.97,81328.484,-0.11620879,-0.0150230825,0.011432246,74.375,31.5,0.11717584
2025-10-17 18:30:00,296.95166,98799.83,81313.34,0.13675925,0.19300613,0.011142188,74.375,31.5,0.23654695
2025-10-17 19:30:00,296.36444,98777.984,81520.51,0.2508724,0.354861,0.010989566,74.375,31.5,0.43458402
2025-10-17 20:30:00,295.6698,98745.84,87466.8,0.2531176,0.47513428,0.010928589,74.375,31.5,0.53835034
2025-10-17 21:30:00,294.93292,98720.19,91186.62,0.20320438,0.51533574,0.010852442,74.375,31.5,0.5539521
2025-10-17 22:30:00,294.14966,98713.664,94952.5,0.1369321,0.49345687,0.0107764425,74.375,31.5,0.5121036
2025-10-17 23:30:00,293.53268,98732.945,97985.53,0.10001856,0.46548072,0.010692899,74.375,31.5,0.47610503
2025-10-18 00:30:00,292.91614,98769.6,98023.26,0.12579793,0.5049778,0.0106247775,74.375,31.5,0.5204111
2025-10-18 01:30:00,292.37006,98821.64,98083.62,0.19775492,0.6429656,0.010659243,74.375,31.5,0.67269
2025-10-18 02:30:00,293.39478,98880.07,98131.87,0.2541418,0.8102723,0.0119637195,74.375,31.5,0.8491933
2025-10-18 03:30:00,294.8368,98931.48,98186.93,0.297271,1.0834727,0.011871997,74.375,31.5,1.1235138
2025-10-18 04:30:00,297.24564,98954.5,95488.02,0.23261762,1.2233855,0.012906088,74.375,31.5,1.2453043
2025-10-18 05:30:00,301.26105,98939.18,86960.58,-0.31736737,1.7021345,0.011975537,74.375,31.5,1.7314687
2025-10-18 06:30:00,302.6998,98901.234,84142.75,-0.6315551,1.5687522,0.011979495,74.375,31.5,1.6911076
2025-10-18 07:30:00,303.30426,98826.336,82876.125,-0.79474306,1.3945447,0.012105577,74.375,31.5,1.6051079
2025-10-18 08:30:00,303.57175,98757.445,82026.34,-0.964443,1.2678611,0.01228863,74.375,31.5,1.5929916
2025-10-18 09:30:00,303.46185,98696.945,82297.16,-1.1922848,1.1814092,0.012220179,74.375,31.5,1.6784728
2025-10-18 10:30:00,302.99963,98652.4,82971.06,-1.2774866,0.9276226,0.012571523,74.375,31.5,1.5787513
2025-10-18 11:30:00,301.94275,98637.586,88660.16,-1.3683262,0.7485706,0.0123313265,74.375,31.5,1.5597034
2025-10-18 12:30:00,299.354,98642.33,94897.38,-1.3157606,0.23839861,0.013708549,74.375,31.5,1.3371836
2025-10-18 13:30:00,298.48004,98666.75,94792.3,-1.270222,-0.2268492,0.012156212,74.375,31.5,1.2903194
2025-10-18 14:30:00,298.0627,98689.234,93976.016,-0.86635876,-0.66879624,0.011718101,74.375,31.5,1.0944706
2025-10-18 15:30:00,297.515,98695.164,94449.22,-0.2991765,-0.9756038,0.011466504,74.375,31.5,1.0204457
2025-10-18 16:30:00,296.82977,98698.72,97958.15,0.21774232,-1.1418972,0.0113058025,74.375,31.5,1.1624719
2025-10-18 17:30:00,296.31934,98681.14,97938.625,0.53997564,-1.1499107,0.011099334,74.375,31.5,1.2703811
2025-10-18 18:30:00,295.98883,98662.266,97915.91,0.60665774,-0.92986184,0.010885318,74.375,31.5,1.1102597
2025-10-18 19:30:00,295.997,98655.9,97911.06,0.43213272,-0.5387196,0.010614123,74.375,31.5,0.6906211
2025-10-18 20:30:00,295.5234,98655.11,97911.69,0.012161136,-0.07307243,0.010480309,74.375,31.5,0.07407749
2025-10-18 21:30:00,294.89755,98648.83,97908.91,-0.41520196,0.12740529,0.0104113445,74.375,31.5,0.43430954
2025-10-18 22:30:00,293.97253,98656.67,97917.89,-0.6975584,0.09945166,0.010475983,74.375,31.5,0.7046122
2025-10-18 23:30:00,293.40216,98673.58,97641.266,-0.8170131,0.07416019,0.010453335,74.375,31.5,0.8203719
2025-10-19 00:30:00,293.0093,98707.88,92243.484,-0.7200125,0.13416982,0.010404125,74.375,31.5,0.7324067
2025-10-19 01:30:00,292.88577,98746.09,84926.31,-0.45177233,0.34152687,0.0104466025,74.375,31.5,0.5663381
2025-10-19 02:30:00,294.0246,98792.72,83116.19,-0.0888505,0.52675223,0.011732712,74.375,31.5,0.53419316
2025-10-19 03:30:00,295.53485,98843.445,83967.86,0.22320545,0.85333645,0.011722153,74.375,31.5,0.8820452
2025-10-19 04:30:00,297.7785,98864.15,85140.03,0.2821294,1.0628215,0.012780032,74.375,31.5,1.0996302
2025-10-19 05:30:00,302.00323,98855.22,83780.69,-0.11095834,1.0257972,0.012094473,74.375,31.5,1.0317808
2025-10-19 06:30:00,303.80237,98816.125,80313.38,-0.48603827,0.7779169,0.011786485,74.375,31.5,0.917272
2025-10-19 07:30:00,304.3853,98739.53,79412.94,-0.79578304,0.65102804,0.01181806,74.375,31.5,1.0281577
2025-10-19 08:30:00,304.59454,98658.03,78510.86,-1.0232694,0.5072756,0.011803448,74.375,31.5,1.1421071
2025-10-19 09:30:00,304.34814,98598.6,78561.22,-1.2581599,0.29549026,0.011773411,74.375,31.5,1.2923934
2025-10-19 10:30:00,304.02673,98553.766,78644.24,-1.2843448,0.029086351,0.011960476,74.375,31.5,1.284674
2025-10-19 11:30:00,302.8336,98547.375,87151.984,-1.3223336,-0.15599275,0.011762322,74.375,31.5,1.3315028
2025-10-19 12:30:00,300.1482,98549.77,97815.68,-1.3268927,-0.3819983,0.013455224,74.375,31.5,1.3807849
2025-10-19 13:30:00,298.97992,98581.2,97837.8,-1.368614,-0.6044477,0.012042881,74.375,31.5,1.4961488
2025-10-19 14:30:00,298.30078,98610.99,97867.875,-1.2030818,-0.7061609,0.01169874,74.375,31.5,1.3950158
2025-10-19 15:30:00,298.25015,98627.57,97893.55,-0.96389055,-0.62609375,0.01109178,74.375,31.5,1.1493818
2025-10-19 16:30:00,298.02106,98634.09,97887.87,-0.76347965,-0.39379895,0.010668288,74.375,31.5,0.85905695
2025-10-19 17:30:00,297.51157,98627.08,97889.4,-0.67530745,-0.12202644,0.010476957,74.375,31.5,0.68624383
2025-10-19 18:30:00,297.06653,98605.15,97857.67,-0.7038893,0.13149643,0.01020574,74.375,31.5,0.71606666
2025-10-19 19:30:00,296.17035,98583.24,97848.11,-0.7995883,0.37835515,0.010121247,74.375,31.5,0.88458693
2025-10-19 20:30:00,295.2282,98573.65,97827.38,-0.95987684,0.62992287,0.010105637,74.375,31.5,1.1481143
2025-10-19 21:30:00,294.47726,98569.27,97828.16,-1.0344399,0.7609427,0.009991166,74.375,31.5,1.2841728
2025-10-19 22:30:00,293.9077,98571.125,95969.47,-0.96339566,0.7906858,0.009861727,74.375,31.5,1.2463206
2025-10-19 23:30:00,293.3242,98606.9,91833.83,-0.7676974,0.89122677,0.009763061,74.375,31.5,1.1762842
2025-10-20 00:30:00,292.8939,98667.08,90223.34,-0.4903822,0.9716122,0.009649144,74.375,31.5,1.0883497
2025-10-20 01:30:00,292.594,98733.73,85608.7,-0.16644949,0.98264235,0.009627101,74.375,31.5,0.9966401
2025-10-20 02:30:00,293.73843,98809.95,79515.56,0.15644649,0.8312427,0.011333029,74.375,31.5,0.8458368
2025-10-20 03:30:00,295.4722,98873.59,79505.58,0.3010313,0.8011283,0.010944375,74.375,31.5,0.85581917
2025-10-20 04:30:00,297.50726,98902.99,79998.8,0.28114554,0.62104046,0.012013115,74.375,31.5,0.68171406
2025-10-20 05:30:00,301.298,98896.695,78915.016,0.44130683,0.6379552,0.011056416,74.375,31.5,0.7757181
2025-10-20 06:30:00,303.38412,98853.016,76736.4,0.43344706,0.3004253,0.009474221,74.375,31.5,0.52738196
2025-10-20 07:30:00,303.81815,98775.68,74686.375,0.29043445,-0.024656773,0.009204342,74.375,31.5,0.29147923
2025-10-20 08:30:00,303.89502,98698.58,74395.36,0.25241,-0.25799543,0.009155692,74.375,31.5,0.36093274
2025-10-20 09:30:00,303.6781,98635.7,74737.44,0.19202742,-0.23089409,0.009098136,74.375,31.5,0.30031085
2025-10-20 10:30:00,303.35303,98618.945,75575.21,-0.004473105,-0.04959339,0.009258444,74.375,31.5,0.049794707
2025-10-20 11:30:00,302.14206,98627.91,82660.25,-0.23763502,0.050445437,0.009720283,74.375,31.5,0.24293032
2025-10-20 12:30:00,300.14777,98650.625,88595.35,-0.635113,-0.013934433,0.009796293,74.375,31.5,0.6352658
2025-10-20 13:30:00,298.77228,98695.69,88644.38,-0.9918634,-0.10755402,0.008989576,74.375,31.5,0.9976778
2025-10-20 14:30:00,297.9213,98735.24,88668.89,-1.2132545,-0.16483945,0.008839455,74.375,31.5,1.2244012
2025-10-20 15:30:00,297.21967,98766.34,88703.72,-1.3226912,-0.27833122,0.008647717,74.375,31.5,1.3516583
2025-10-20 16:30:00,296.5792,98779.02,88058.625,-1.384477,-0.3965382,0.008612264,74.375,31.5,1.4401455
2025-10-20 17:30:00,295.79544,98785.34,87974.22,-1.4288894,-0.46511018,0.008618913,74.375,31.5,1.5026817
2025-10-20 18:30:00,295.05054,98790.84,87613.06,-1.4825511,-0.512208,0.008591308,74.375,31.5,1.568539
2025-10-20 19:30:00,294.51428,98790.055,87245.56,-1.5491769,-0.5422823,0.008506551,74.375,31.5,1.6413467
2025-10-20 20:30:00,293.81055,98795.875,87235.45,-1.629079,-0.5238366,0.0085135065,74.375,31.5,1.7112285
2025-10-20 21:30:00,293.26312,98790.445,86687.53,-1.6175195,-0.47814396,0.008490275,74.375,31.5,1.6867101
2025-10-20 22:30:00,292.88928,98798.19,86509.95,-1.5089002,-0.48213714,0.008436843,74.375,31.5,1.5840567
2025-10-20 23:30:00,292.55914,98832.98,86531.586,-1.410485,-0.5119809,0.008391234,74.375,31.5,1.5005307
2025-10-21 00:30:00,292.4169,98883.86,84043.31,-1.285453,-0.54247606,0.008319223,74.375,31.5,1.395231
2025-10-21 01:30:00,292.29956,98947.41,77857.375,-1.0691768,-0.4834704,0.008343228,74.375,31.5,1.1734065
2025-10-21 02:30:00,293.78476,99027.91,78891.75,-0.7699535,-0.38507473,0.010224778,74.375,31.5,0.860878
2025-10-21 03:30:00,295.8268,99093.65,81573.516,-0.6929599,-0.38943624,0.009622624,74.375,31.5,0.7948925
2025-10-21 04:30:00,297.5945,99106.664,81438.984,-0.5530511,-0.26757193,0.010359675,74.375,31.5,0.614378
2025-10-21 05:30:00,300.44995,99089.31,77124.14,-0.48142126,0.29056537,0.011089387,74.375,31.5,0.5623119
2025-10-21 06:30:00,303.33823,99036.32,73169.58,-0.4734977,1.481319,0.0088396715,74.375,31.5,1.5551547
2025-10-21 07:30:00,303.7885,98958.45,72795.06,-0.66551113,1.7308183,0.008660598,74.375,31.5,1.8543562
2025-10-21 08:30:00,303.70993,98882.95,72750.97,-1.0044386,1.7251506,0.008866487,74.375,31.5,1.996257
2025-10-21 09:30:00,303.24237,98831.086,72664.91,-1.3841248,1.5903311,0.009255344,74.375,31.5,2.108306
2025-10-21 10:30:00,302.7505,98798.66,74015.5,-1.5940433,1.3973988,0.0092738,74.375,31.5,2.1198342
2025-10-21 11:30:00,300.60403,98788.58,85758.48,-1.7371569,1.0633637,0.011283406,74.375,31.5,2.036776
2025-10-21 12:30:00,297.09488,98804.18,90519.75,-2.2114513,0.5755801,0.012110523,74.375,31.5,2.2851279
2025-10-21 13:30:00,295.6183,98842.99,89816.09,-2.5206509,0.13542765,0.010908298,74.375,31.5,2.5242863
2025-10-21 14:30:00,294.9218,98879.34,89850.53,-2.5334547,-0.21145509,0.010446152,74.375,31.5,2.542264
2025-10-21 15:30:00,294.62256,98908.734,89879.19,-2.3599074,-0.42951918,0.009961178,74.375,31.5,2.3986766
2025-10-21 16:30:00,294.6584,98924.51,89894.3,-2.0369964,-0.5537963,0.009449786,74.375,31.5,2.1109345
2025-10-21 17:30:00,294.7883,98931.45,89885.69,-1.6083188,-0.56655604,0.0089652585,74.375,31.5,1.7051907
2025-10-21 18:30:00,295.10022,98911.04,90443.1,-1.1922685,-0.46462893,0.008412212,74.375,31.5,1.2796031
2025-10-21 19:30:00,295.03177,98898.55,90605.0,-0.8574358,-0.25983104,0.008034775,74.375,31.5,0.8959399
2025-10-21 20:30:00,294.59167,98879.49,90592.0,-0.7009467,0.0111292,0.007847674,74.375,31.5,0.701035
2025-10-21 21:30:00,293.61157,98861.07,91217.875,-0.6719697,0.35919377,0.008019192,74.375,31.5,0.76194715
2025-10-21 22:30:00,292.75427,98869.74,91326.83,-0.7215251,0.7939991,0.007992901,74.375,31.5,1.072862
2025-10-21 23:30:00,291.5542,98907.82,91353.61,-0.7212649,1.2465565,0.008161369,74.375,31.5,1.4401827
2025-10-22 00:30:00,290.7005,98966.42,91413.19,-0.64537805,1.5610827,0.008199489,74.375,31.5,1.6892282
2025-10-22 01:30:00,290.3279,99027.086,91463.47,-0.51202434,1.6033614,0.008194994,74.375,31.5,1.683133
2025-10-22 02:30:00,291.78613,99086.98,91509.87,-0.30113608,1.3465852,0.009884447,74.375,31.5,1.3798459
2025-10-22 03:30:00,293.7359,99134.27,91564.62,-0.24210662,1.407909,0.008720776,74.375,31.5,1.428574
2025-10-22 04:30:00,295.68774,99136.445,93620.19,-0.18120313,1.166844,0.009663095,74.375,31.5,1.18083
2025-10-22 05:30:00,298.96448,99105.29,92217.56,-0.41391736,1.514377,0.009880931,74.375,31.5,1.5699252
2025-10-22 06:30:00,301.57877,99049.75,85488.5,-0.85040367,1.7703271,0.009622206,74.375,31.5,1.9639869
2025-10-22 07:30:00,302.56116,98961.12,81738.8,-1.0718567,1.666209,0.009844365,74.375,31.5,1.9811939
2025-10-22 08:30:00,302.8454,98864.09,80715.61,-1.2090433,1.5711559,0.010039929,74.375,31.5,1.9825026
2025-10-22 09:30:00,302.56378,98793.69,80725.02,-1.2706585,1.5562788,0.0102545135,74.375,31.5,2.0091233
2025-10-22 10:30:00,302.07617,98750.99,81801.266,-1.165819,1.4730265,0.010704776,74.375,31.5,1.8785477
2025-10-22 11:30:00,300.43512,98731.78,92664.76,-1.1629946,1.393236,0.011924297,74.375,31.5,1.8148452
2025-10-22 12:30:00,297.57568,98743.68,98004.09,-1.3261204,1.2657428,0.01233515,74.375,31.5,1.8332212
2025-10-22 13:30:00,296.54974,98787.55,98053.56,-1.4848963,1.1823128,0.011144065,74.375,31.5,1.8980992
2025-10-22 14:30:00,296.05945,98826.41,98090.234,-1.4723549,1.0831848,0.0107390415,74.375,31.5,1.8278726
2025-10-22 15:30:00,295.68237,98849.21,98108.9,-1.4286563,1.0691599,0.010398853,74.375,31.5,1.7844219
2025-10-22 16:30:00,295.33258,98855.04,98112.08,-1.3737619,1.0691788,0.010135208,74.375,31.5,1.7407943
2025-10-22 17:30:00,294.9463,98841.69,98105.72,-1.2487235,1.0788494,0.009925287,74.375,31.5,1.6502202
2025-10-22 18:30:00,294.70465,98818.95,98078.84,-1.0724082,1.1899834,0.009719414,74.375,31.5,1.6019113
2025-10-22 19:30:00,294.2112,98790.13,93849.14,-0.82774746,1.3575978,0.009609148,74.375,31.5,1.5900433
2025-10-22 20:30:00,293.3965,98750.26,92531.336,-0.61035156,1.5620666,0.009609757,74.375,31.5,1.6770751
2025-10-22 21:30:00,292.66196,98730.99,92170.26,-0.48697144,1.6763676,0.009571969,74.375,31.5,1.745666
2025-10-22 22:30:00,292.0715,98725.164,92566.625,-0.44896883,1.6972561,0.009492656,74.375,31.5,1.7556341
2025-10-22 23:30:00,291.4641,98751.61,92588.44,-0.5185319,1.6770643,0.009431603,74.375,31.5,1.7553973
2025-10-23 00:30:00,290.94177,98791.23,92833.8,-0.6487395,1.5684223,0.009355442,74.375,31.5,1.6972953
2025-10-23 01:30:00,290.57092,98846.555,93222.75,-0.7754446,1.407889,0.009355834,74.375,31.5,1.6073164
2025-10-23 02:30:00,291.99203,98904.0,93287.0,-0.6887363,1.1151695,0.010744697,74.375,31.5,1.3107101
2025-10-23 03:30:00,293.78497,98945.3,89704.67,-0.717172,1.2678983,0.01031027,74.375,31.5,1.4566749
2025-10-23 04:30:00,295.91513,98960.57,89817.99,-0.4306274,1.3470833,0.011264727,74.375,31.5,1.4142395
2025-10-23 05:30:00,299.08618,98956.695,92072.06,-0.6819479,1.8698112,0.011627924,74.375,31.5,1.9902881
2025-10-23 06:30:00,301.7716,98914.31,87118.836,-1.2632873,2.2078986,0.010914543,74.375,31.5,2.5437593
2025-10-23 07:30:00,302.88876,98833.69,84274.0,-1.6029487,2.1033368,0.010670327,74.375,31.5,2.644517
2025-10-23 08:30:00,303.2162,98761.07,82867.82,-1.8216335,1.802308,0.010571037,74.375,31.5,2.56255
2025-10-23 09:30:00,302.9933,98701.85,82789.72,-1.8517003,1.4140124,0.010685269,74.375,31.5,2.3298552
2025-10-23 10:30:00,302.6529,98672.99,82749.83,-1.5483323,0.9758167,0.010979106,74.375,31.5,1.8301779
2025-10-23 11:30:00,301.2055,98665.63,78690.55,-1.2756869,0.70387864,0.012199824,74.375,31.5,1.4569907
2025-10-23 12:30:00,299.31433,98688.78,72110.875,-1.0289015,0.42920315,0.011684653,74.375,31.5,1.1148334
2025-10-23 13:30:00,298.76913,98725.984,72012.01,-0.7763398,0.31971288,0.010395125,74.375,31.5,0.839595
2025-10-23 14:30:00,298.38605,98759.26,71694.38,-0.4937225,0.31263757,0.0100133745,74.375,31.5,0.58438355
2025-10-23 15:30:00,297.94583,98777.04,71704.09,-0.3619455,0.41034746,0.009738559,74.375,31.5,0.54716504
2025-10-23 16:30:00,297.33658,98786.15,71716.59,-0.40920675,0.46223927,0.009570748,74.375,31.5,0.6173454
2025-10-23 17:30:00,296.65634,98781.48,71714.11,-0.5210136,0.43871927,0.009460391,74.375,31.5,0.6811239
2025-10-23 18:30:00,295.8147,98760.87,71702.53,-0.62248445,0.42614293,0.009430412,74.375,31.5,0.754377
2025-10-23 19:30:00,294.9953,98748.516,71696.66,-0.6765772,0.5128882,0.0093892235,74.375,31.5,0.8490059
2025-10-23 20:30:00,294.41183,98730.766,71680.0,-0.6605655,0.7461705,0.009267439,74.375,31.5,0.99655265
2025-10-23 21:30:00,293.72635,98723.234,71680.22,-0.575794,0.9319222,0.009198798,74.375,31.5,1.0954531
2025-10-23 22:30:00,293.13507,98722.92,71124.83,-0.43035114,1.063906,0.009122468,74.375,31.5,1.1476489
2025-10-23 23:30:00,292.56564,98755.0,71135.06,-0.24329525,1.2015126,0.009046226,74.375,31.5,1.2258977
2025-10-24 00:30:00,291.878,98797.2,71520.016,-0.04490912,1.2903066,0.009031193,74.375,31.5,1.2910879
2025-10-24 01:30:00,291.52533,98860.9,71988.7,0.19583648,1.31055,0.009035421,74.375,31.5,1.3251011
2025-10-24 02:30:00,292.62985,98926.234,73314.8,0.39521807,1.1010311,0.010809858,74.375,31.5,1.1698148
2025-10-24 03:30:00,294.37827,98976.445,73978.45,0.61970806,1.198019,0.009998144,74.375,31.5,1.3488097
2025-10-24 04:30:00,296.11285,98984.15,75804.21,0.54171324,0.98734,0.010818999,74.375,31.5,1.1261854
2025-10-24 05:30:00,299.26337,98976.81,89663.11,0.2511621,1.1351774,0.011189592,74.375,31.5,1.1626307
2025-10-24 06:30:00,301.98767,98943.48,86838.41,-0.3088247,1.41168,0.010534046,74.375,31.5,1.4450651
2025-10-24 07:30:00,303.1041,98879.586,84400.34,-0.8749602,1.3836386,0.010450761,74.375,31.5,1.637074
2025-10-24 08:30:00,303.40668,98799.19,82995.42,-1.3581624,1.309818,0.010474345,74.375,31.5,1.8868568
2025-10-24 09:30:00,303.2137,98736.7,82992.97,-1.7338219,1.1842946,0.010715159,74.375,31.5,2.0996885
2025-10-24 10:30:00,302.79462,98684.83,82806.914,-1.7388034,0.9623482,0.011084743,74.375,31.5,1.9873478
2025-10-24 11:30:00,300.89557,98646.11,90013.16,-1.6713634,0.68309546,0.013078864,74.375,31.5,1.8055677
2025-10-24 12:30:00,298.07654,98640.99,92889.11,-1.9064304,0.24155998,0.012590028,74.375,31.5,1.9216732
2025-10-24 13:30:00,297.0349,98665.13,93123.19,-1.933945,0.012208521,0.011490351,74.375,31.5,1.9339834
2025-10-24 14:30:00,296.64874,98688.32,94068.055,-1.7489448,0.0043513477,0.011001677,74.375,31.5,1.7489501
2025-10-24 15:30:00,296.36432,98706.69,95011.03,-1.4745432,0.14099318,0.010574549,74.375,31.5,1.4812686
2025-10-24 16:30:00,296.2648,98716.945,95025.22,-1.2092505,0.2855926,0.0101163145,74.375,31.5,1.2425176
2025-10-24 17:30:00,295.99518,98712.03,95022.7,-1.0008858,0.4323774,0.009768969,74.375,31.5,1.0902857
2025-10-24 18:30:00,295.57654,98686.09,94766.19,-0.90252495,0.5514854,0.009506482,74.375,31.5,1.0576802
2025-10-24 19:30:00,294.93668,98644.24,93729.7,-0.9033865,0.6875718,0.009313472,74.375,31.5,1.1352806
2025-10-24 20:30:00,294.2675,98604.74,95669.67,-0.994305,0.83404857,0.009193758,74.375,31.5,1.2977979
2025-10-24 21:30:00,293.49097,98583.234,95753.75,-1.0537071,0.8216379,0.009104562,74.375,31.5,1.336184
2025-10-24 22:30:00,292.78864,98578.57,95858.55,-1.0269895,0.6101054,0.009011704,74.375,31.5,1.1945443
2025-10-24 23:30:00,292.287,98604.57,96077.66,-0.90334076,0.30631077,0.008903917,74.375,31.5,0.953861
2025-10-25 00:30:00,291.78406,98656.87,96160.81,-0.6128598,-0.011374712,0.008811727,74.375,31.5,0.61296535
2025-10-25 01:30:00,291.47543,98722.85,96216.75,-0.13145,-0.2562229,0.008826744,74.375,31.5,0.28797445
2025-10-25 02:30:00,292.15683,98799.164,96712.56,0.47626162,-0.40337574,0.0100361835,74.375,31.5,0.6241291
2025-10-25 03:30:00,293.5213,98862.76,98122.93,0.8838268,-0.27911842,0.009945023,74.375,31.5,0.92685324
2025-10-25 04:30:00,295.68472,98899.65,98025.89,0.74574816,0.04858601,0.010898835,74.375,31.5,0.7473292
2025-10-25 05:30:00,299.2165,98911.016,90809.22,0.5101328,0.48598194,0.010895229,74.375,31.5,0.7045665
2025-10-25 06:30:00,302.17776,98891.68,82283.53,-0.12349725,0.71991694,0.009797797,74.375,31.5,0.73043275
2025-10-25 07:30:00,303.04828,98832.195,80475.75,-0.6174953,0.56382024,0.00965809,74.375,31.5,0.83617806
2025-10-25 08:30:00,303.28372,98762.02,80219.0,-0.9762461,0.46757698,0.0094958,74.375,31.5,1.0824438
2025-10-25 09:30:00,302.97202,98712.664,81235.38,-1.1987039,0.4441197,0.009608135,74.375,31.5,1.2783322
2025-10-25 10:30:00,302.61105,98681.836,81750.81,-1.260729,0.44889176,0.009666514,74.375,31.5,1.3382605
2025-10-25 11:30:00,300.68713,98666.48,83733.34,-1.2832216,0.31996584,0.011971286,74.375,31.5,1.3225112
2025-10-25 12:30:00,298.23233,98667.805,80463.45,-1.5768348,-0.0008224249,0.011017538,74.375,31.5,1.576835
2025-10-25 13:30:00,297.0834,98694.46,80492.97,-1.6504376,-0.24486756,0.010154364,74.375,31.5,1.6685036
2025-10-25 14:30:00,296.29532,98718.16,80511.28,-1.5390646,-0.3681643,0.009916273,74.375,31.5,1.582487
2025-10-25 15:30:00,295.99298,98731.67,80521.02,-1.3550975,-0.47947264,0.009548334,74.375,31.5,1.4374225
2025-10-25 16:30:00,295.78253,98751.555,81275.06,-1.0980672,-0.6311661,0.009211076,74.375,31.5,1.2665395
2025-10-25 17:30:00,295.3256,98756.92,89340.97,-0.78264856,-0.8074912,0.009049214,74.375,31.5,1.1245358
2025-10-25 18:30:00,294.73193,98755.76,90487.19,-0.43050677,-0.94437337,0.008971548,74.375,31.5,1.0378715
2025-10-25 19:30:00,294.14355,98765.16,90493.33,-0.087846875,-1.0618467,0.008936225,74.375,31.5,1.0654744
2025-10-25 20:30:00,293.4179,98770.77,90491.125,0.20368683,-1.1173478,0.008969721,74.375,31.5,1.1357616
2025-10-25 21:30:00,292.57242,98771.9,98026.875,0.4275818,-1.1698966,0.009041228,74.375,31.5,1.2455859
2025-10-25 22:30:00,291.6257,98788.06,98051.71,0.5927,-1.2597375,0.009143334,74.375,31.5,1.3922039
2025-10-25 23:30:00,290.91028,98810.0,98073.55,0.6989318,-1.3401996,0.009207446,74.375,31.5,1.5115027
2025-10-26 00:30:00,290.46405,98849.266,98098.94,0.7562114,-1.376431,0.009241247,74.375,31.5,1.5704833
2025-10-26 01:30:00,290.15533,98891.445,98151.62,0.7834802,-1.355245,0.009313505,74.375,31.5,1.5654169
2025-10-26 02:30:00,291.42407,98938.83,98191.266,0.7109294,-1.1687611,0.010709939,74.375,31.5,1.3679997
2025-10-26 03:30:00,293.3996,98979.914,98243.39,0.6875269,-1.155827,0.010516112,74.375,31.5,1.3448529
2025-10-26 04:30:00,295.54892,99000.65,98260.34,0.3007843,-0.7191089,0.0113982,74.375,31.5,0.7794798
2025-10-26 05:30:00,299.79474,99008.79,83567.09,-0.03825912,-0.48439544,0.010548805,74.375,31.5,0.485904
2025-10-26 06:30:00,301.9024,98983.85,81795.97,-0.29594272,-0.563681,0.009989061,74.375,31.5,0.6366462
2025-10-26 07:30:00,302.52838,98929.73,80785.375,-0.28255922,-0.4868415,0.010027939,74.375,31.5,0.56289816
2025-10-26 08:30:00,302.75464,98862.27,80759.92,-0.26417345,-0.33798793,0.010063541,74.375,31.5,0.42897955
2025-10-26 09:30:00,302.67438,98799.24,80853.516,-0.32155535,-0.07439205,0.010118736,74.375,31.5,0.3300485
2025-10-26 10:30:00,302.39243,98749.336,81696.94,-0.52325106,0.22360903,0.010341615,74.375,31.5,0.56902784
2025-10-26 11:30:00,301.05557,98715.08,81285.01,-0.8216722,0.31226695,0.011879826,74.375,31.5,0.8790085
2025-10-26 12:30:00,298.86768,98713.87,78129.82,-1.3088688,0.16485769,0.010968952,74.375,31.5,1.3192102
2025-10-26 13:30:00,297.45596,98744.664,77358.84,-1.6362226,-0.042700708,0.010462825,74.375,31.5,1.6367797
2025-10-26 14:30:00,296.57092,98776.47,77380.625,-1.7497022,-0.17645508,0.010311629,74.375,31.5,1.7585773
2025-10-26 15:30:00,295.97235,98795.49,77619.63,-1.7394886,-0.3065626,0.010093002,74.375,31.5,1.7662959
2025-10-26 16:30:00,295.53656,98804.96,78135.19,-1.643109,-0.47976756,0.009858382,74.375,31.5,1.7117196
2025-10-26 17:30:00,295.17764,98804.836,79572.7,-1.4807131,-0.6503693,0.009650274,74.375,31.5,1.6172482
2025-10-26 18:30:00,294.8386,98800.33,82577.086,-1.2767975,-0.78192294,0.00947279,74.375,31.5,1.4972025
2025-10-26 19:30:00,294.46896,98792.664,89175.67,-1.073024,-0.83145225,0.009337029,74.375,31.5,1.3574584
2025-10-26 20:30:00,293.91125,98774.164,91244.48,-0.89661694,-0.76145744,0.00928171,74.375,31.5,1.1763245
2025-10-26 21:30:00,293.57315,98755.586,97170.766,-0.7426323,-0.6707624,0.009215265,74.375,31.5,1.0007123
2025-10-26 22:30:00,293.17938,98762.625,98015.55,-0.5783175,-0.613446,0.009187104,74.375,31.5,0.8430701
2025-10-26 23:30:00,292.90933,98788.8,98042.34,-0.40833634,-0.54508567,0.009147716,74.375,31.5,0.68107045
2025-10-27 00:30:00,292.55603,98824.67,98085.484,-0.22060788,-0.49539864,0.009154692,74.375,31.5,0.5422985
2025-10-27 01:30:00,292.24817,98886.02,98147.1,0.009007096,-0.48312712,0.009219543,74.375,31.5,0.48321107
2025-10-27 02:30:00,292.71872,98955.36,98210.97,0.25504607,-0.5151851,0.0103601115,74.375,31.5,0.57486016
2025-10-27 03:30:00,293.91913,99022.73,98284.78,0.4582766,-0.5257956,0.010329867,74.375,31.5,0.6974801
2025-10-27 04:30:00,295.7386,99067.88,97690.47,0.41282237,-0.32522798,0.011203482,74.375,31.5,0.5255431
2025-10-27 05:30:00,299.83386,99074.39,83969.87,-0.033366665,0.2072146,0.010990251,74.375,31.5,0.20988382
2025-10-27 06:30:00,302.09488,99043.086,80569.66,-0.6141426,0.31739748,0.010739208,74.375,31.5,0.691312
2025-10-27 07:30:00,302.6233,98971.74,79970.09,-1.0615047,0.43355787,0.010885659,74.375,31.5,1.146632
2025-10-27 08:30:00,302.70853,98893.1,80110.61,-1.4925435,0.5572431,0.011024649,74.375,31.5,1.5931748
2025-10-27 09:30:00,302.37494,98826.33,81115.484,-1.86676,0.54781526,0.0110307215,74.375,31.5,1.9454805
2025-10-27 10:30:00,301.76797,98781.2,83600.31,-1.8951572,0.38167262,0.011521548,74.375,31.5,1.9332085
2025-10-27 11:30:00,299.8919,98768.67,91650.64,-1.728801,0.16584873,0.01327495,74.375,31.5,1.736738
2025-10-27 12:30:00,297.45023,98792.16,93943.23,-1.7661245,-0.1279633,0.012433837,74.375,31.5,1.7707541
2025-10-27 13:30:00,296.72253,98857.555,94002.11,-1.6092849,-0.40129173,0.011456273,74.375,31.5,1.6585635
2025-10-27 14:30:00,296.35333,98907.234,93728.78,-1.3200142,-0.63593423,0.011052535,74.375,31.5,1.4652133
2025-10-27 15:30:00,295.9289,98949.164,93995.72,-1.0571277,-0.7691587,0.0107943,74.375,31.5,1.3073348
2025-10-27 16:30:00,295.55374,98962.555,94093.94,-0.8843879,-0.91904724,0.010591015,74.375,31.5,1.2754567
2025-10-27 17:30:00,295.04498,98952.08,94088.58,-0.7556815,-1.1364607,0.0104540195,74.375,31.5,1.3647702
2025-10-27 18:30:00,294.48016,98928.45,94067.875,-0.6819969,-1.3096393,0.010359105,74.375,31.5,1.4765754
2025-10-27 19:30:00,293.81412,98906.9,94047.24,-0.64997476,-1.3654563,0.010302862,74.375,31.5,1.5122626
2025-10-27 20:30:00,293.30698,98885.69,94030.695,-0.64016014,-1.3266141,0.010222196,74.375,31.5,1.4729936
2025-10-27 21:30:00,292.73828,98884.68,94028.45,-0.49714094,-1.3374405,0.01016375,74.375,31.5,1.4268484
2025-10-27 22:30:00,292.19846,98901.26,94048.11,-0.18594244,-1.3537078,0.01010948,74.375,31.5,1.3664185
2025-10-27 23:30:00,291.69406,98940.39,96146.42,0.1877799,-1.3073695,0.010047778,74.375,31.5,1.3207862
2025-10-28 00:30:00,291.19904,98986.52,98253.03,0.59378386,-1.2947087,0.009978589,74.375,31.5,1.4243771
2025-10-28 01:30:00,290.58887,99043.17,98292.53,0.99691015,-1.2575057,0.0099553475,74.375,31.5,1.6047275
2025-10-28 02:30:00,291.67596,99088.79,98347.16,1.1962929,-1.0497168,0.011141596,74.375,31.5,1.5915471
2025-10-28 03:30:00,293.46832,99125.45,98389.97,1.6519852,-1.1193132,0.010718338,74.375,31.5,1.9954741
2025-10-28 04:30:00,295.56824,99131.69,97192.72,1.3266777,-0.7286793,0.011447514,74.375,31.5,1.5136205
2025-10-28 05:30:00,299.43732,99106.86,86319.28,1.3281736,-0.1358,0.011509555,74.375,31.5,1.3350981
2025-10-28 06:30:00,301.18094,99047.234,83876.79,1.2322838,0.17693734,0.011414544,74.375,31.5,1.2449218
2025-10-28 07:30:00,301.81467,98965.5,82734.91,0.87212205,0.34029603,0.011362216,74.375,31.5,0.93616146
2025-10-28 08:30:00,302.06937,98885.48,81373.69,0.33694267,0.5231947,0.011234141,74.375,31.5,0.6223046
2025-10-28 09:30:00,302.02075,98834.234,81170.875,-0.23460966,0.6573671,0.01115358,74.375,31.5,0.69797796
2025-10-28 10:30:00,301.71902,98804.44,84017.1,-0.6505163,0.6834187,0.011347447,74.375,31.5,0.9435214
2025-10-28 11:30:00,300.3257,98802.07,93891.41,-0.8736466,0.5994632,0.0128497975,74.375,31.5,1.0595351
2025-10-28 12:30:00,298.4692,98824.16,98077.34,-1.1309981,0.38519454,0.01167805,74.375,31.5,1.1947936
2025-10-28 13:30:00,297.64026,98872.19,98128.875,-1.0732208,0.1192615,0.011036385,74.375,31.5,1.079827
2025-10-28 14:30:00,297.33817,98918.23,98173.0,-0.77665603,-0.118833184,0.010708171,74.375,31.5,0.78569454
2025-10-28 15:30:00,297.08234,98951.35,98215.28,-0.41517645,-0.31954557,0.010407127,74.375,31.5,0.5239092
2025-10-28 16:30:00,296.49295,98970.59,98220.11,-0.1627326,-0.5661391,0.0102772005,74.375,31.5,0.58906317
2025-10-28 17:30:00,295.6388,98970.38,98236.5,-0.053745747,-0.85193264,0.010193137,74.375,31.5,0.8536263
2025-10-28 18:30:00,294.5448,98953.12,98214.625,0.02485764,-1.0944872,0.01022399,74.375,31.5,1.0947694
2025-10-28 19:30:00,293.6071,98934.54,98195.56,0.217412,-1.1914003,0.010217164,74.375,31.5,1.2110751
2025-10-28 20:30:00,293.20206,98912.375,98167.8,0.50475776,-1.0184976,0.010095553,74.375,31.5,1.1367135
2025-10-28 21:30:00,292.91345,98906.69,98160.55,0.72692883,-0.62564266,0.009953928,74.375,31.5,0.95909035
2025-10-28 22:30:00,292.5481,98901.305,98166.84,0.70398974,-0.116503716,0.009827291,74.375,31.5,0.7135648
2025-10-28 23:30:00,292.24506,98912.74,98164.67,0.43233413,0.3613032,0.0096929595,74.375,31.5,0.5634295
2025-10-29 00:30:00,291.7336,98929.4,98186.13,0.051931858,0.6757647,0.009604478,74.375,31.5,0.6777572
2025-10-29 01:30:00,291.17114,98964.38,98217.26,-0.28027058,0.7719329,0.009596389,74.375,31.5,0.8212381
2025-10-29 02:30:00,291.96512,98998.07,98255.83,-0.5022669,0.7091299,0.010687211,74.375,31.5,0.86898637
2025-10-29 03:30:00,293.15103,99029.055,98287.97,-0.706082,0.7810167,0.010572656,74.375,31.5,1.0528717
2025-10-29 04:30:00,294.71924,99027.84,98284.7,-0.7135166,0.86880183,0.011282367,74.375,31.5,1.1242431
2025-10-29 05:30:00,297.90317,99006.46,91216.67,-1.3153951,1.4010439,0.011885751,74.375,31.5,1.921767
2025-10-29 06:30:00,300.32263,98952.87,86910.734,-2.1010396,1.6335975,0.011833838,74.375,31.5,2.6613922
2025-10-29 07:30:00,301.08136,98873.234,85547.87,-2.2878046,1.5042515,0.011969357,74.375,31.5,2.7380326
2025-10-29 08:30:00,301.33713,98780.65,84787.95,-2.3630931,1.3257544,0.011967448,74.375,31.5,2.7095819
2025-10-29 09:30:00,300.8354,98714.68,85549.016,-2.2343733,1.0916057,0.012083097,74.375,31.5,2.4867704
2025-10-29 10:30:00,300.2032,98684.45,86911.266,-1.824959,0.7978747,0.012557269,74.375,31.5,1.9917529
2025-10-29 11:30:00,298.4908,98662.32,96546.58,-1.4247559,0.55674744,0.014339356,74.375,31.5,1.5296723
2025-10-29 12:30:00,296.7846,98663.3,97915.86,-1.5113887,0.4461788,0.012527342,74.375,31.5,1.5758716
2025-10-29 13:30:00,296.0794,98683.18,97945.16,-1.4783902,0.34148586,0.011867156,74.375,31.5,1.5173168
2025-10-29 14:30:00,295.52408,98715.08,97970.09,-1.3737792,0.27510846,0.011618859,74.375,31.5,1.4010546
2025-10-29 15:30:00,295.0959,98745.02,98004.76,-1.291656,0.2249533,0.01140463,74.375,31.5,1.3110985
2025-10-29 16:30:00,294.55756,98763.55,98017.05,-1.2994888,0.20983422,0.011255318,74.375,31.5,1.3163213
2025-10-29 17:30:00,294.00586,98765.61,98023.53,-1.345048,0.25066614,0.0111275595,74.375,31.5,1.368206
2025-10-29 18:30:00,293.57306,98754.45,98005.516,-1.3256109,0.364362,0.010996666,74.375,31.5,1.3747741
2025-10-29 19:30:00,293.01062,98734.55,97992.4,-1.308248,0.56492555,0.010892761,74.375,31.5,1.4250101
2025-10-29 20:30:00,292.33813,98715.875,97969.19,-1.3791326,0.8483935,0.010816331,74.375,31.5,1.6191907
2025-10-29 21:30:00,291.65564,98705.12,97972.81,-1.401041,1.1007782,0.010736852,74.375,31.5,1.7817488
2025-10-29 22:30:00,291.17786,98718.5,97975.25,-1.3490946,1.1645769,0.010637933,74.375,31.5,1.7822165
2025-10-29 23:30:00,290.86307,98746.234,97997.01,-1.2946646,1.0362328,0.010553768,74.375,31.5,1.6582929
2025-10-30 00:30:00,290.62808,98782.69,98045.64,-1.1728858,0.8200972,0.010500477,74.375,31.5,1.4311604
2025-10-30 01:30:00,290.64996,98839.76,98103.086,-0.94215953,0.63224626,0.010474354,74.375,31.5,1.1346365
2025-10-30 02:30:00,291.69565,98902.195,98153.734,-0.59709734,0.51786005,0.011261027,74.375,31.5,0.7903823
2025-10-30 03:30:00,293.3012,98948.39,98212.234,-0.5357938,0.7213913,0.011304391,74.375,31.5,0.89859915
2025-10-30 04:30:00,295.44858,98964.95,97243.39,-0.5896495,0.97484726,0.012080904,74.375,31.5,1.139304
2025-10-30 05:30:00,299.1944,98949.89,88801.42,-1.2077329,1.1285644,0.012116227,74.375,31.5,1.65296
2025-10-30 06:30:00,301.07745,98909.234,86060.2,-1.5276575,1.0529286,0.011994985,74.375,31.5,1.8553694
2025-10-30 07:30:00,301.81393,98837.65,84616.63,-1.6531217,1.1038476,0.011979934,74.375,31.5,1.9877855
2025-10-30 08:30:00,302.11057,98757.37,83789.766,-1.7712362,1.187206,0.011907741,74.375,31.5,2.1323075
2025-10-30 09:30:00,301.89557,98693.28,83681.75,-1.8210082,1.2134793,0.011862072,74.375,31.5,2.1882877
2025-10-30 10:30:00,301.3613,98647.234,85875.61,-1.6346515,1.0865886,0.012282,74.375,31.5,1.962845
2025-10-30 11:30:00,299.5778,98638.5,76542.08,-1.3943682,0.91349524,0.014112796,74.375,31.5,1.6669542
2025-10-30 12:30:00,297.45532,98638.56,75811.3,-1.4879798,0.9088746,0.012659048,74.375,31.5,1.7435988
2025-10-30 13:30:00,296.7811,98671.02,75826.36,-1.4038993,0.90898925,0.011777434,74.375,31.5,1.6724817
2025-10-30 14:30:00,296.30725,98698.69,75232.03,-1.2565615,1.0041692,0.011391819,74.375,31.5,1.6085094
2025-10-30 15:30:00,295.6857,98722.07,70684.78,-1.2024022,1.1511607,0.011130533,74.375,31.5,1.6646147
2025-10-30 16:30:00,294.99554,98726.22,70856.81,-1.2393645,1.2144294,0.010911563,74.375,31.5,1.7351838
2025-10-30 17:30:00,294.35666,98718.016,70855.78,-1.2983339,1.1511061,0.010700485,74.375,31.5,1.7351415
2025-10-30 18:30:00,293.80005,98708.72,70843.42,-1.3205438,1.0064639,0.010500994,74.375,31.5,1.6603631
2025-10-30 19:30:00,293.28418,98693.96,70270.59,-1.2694228,0.89338285,0.010331474,74.375,31.5,1.552278
2025-10-30 20:30:00,292.76947,98684.414,69924.42,-1.1790564,0.82403225,0.010200608,74.375,31.5,1.4384725
2025-10-30 21:30:00,292.31775,98662.07,73190.05,-1.1059179,0.6985419,0.010096959,74.375,31.5,1.3080578
2025-10-30 22:30:00,291.97516,98653.49,80871.65,-1.0144165,0.5669506,0.009997411,74.375,31.5,1.1620988
2025-10-30 23:30:00,291.6451,98667.16,82024.69,-0.9141922,0.5603562,0.009932719,74.375,31.5,1.0722623
2025-10-31 00:30:00,291.22156,98692.79,82838.69,-0.8369074,0.7223495,0.009891847,74.375,31.5,1.1055328
2025-10-31 01:30:00,290.7551,98737.12,82868.03,-0.79267144,1.0202794,0.009878819,74.375,31.5,1.2920132
2025-10-31 02:30:00,291.82333,98786.3,85416.99,-0.73834205,1.2262601,0.011049494,74.375,31.5,1.4313849
2025-10-31 03:30:00,293.659,98821.234,87956.56,-0.8782666,1.9338658,0.010668515,74.375,31.5,2.123956
2025-10-31 04:30:00,295.78644,98833.65,84346.25,-0.8128238,2.2175026,0.011490885,74.375,31.5,2.3617792
2025-10-31 05:30:00,299.52377,98828.2,88195.28,-1.3228288,2.9732332,0.011358722,74.375,31.5,3.2542267
2025-10-31 06:30:00,301.22952,98770.79,86270.57,-1.7988486,3.265716,0.01088132,74.375,31.5,3.728372
2025-10-31 07:30:00,301.83554,98687.06,84729.59,-2.2211146,3.1391256,0.01083518,74.375,31.5,3.8454466
2025-10-31 08:30:00,301.98785,98595.266,83998.16,-2.5052018,2.8231492,0.010808284,74.375,31.5,3.774415
2025-10-31 09:30:00,301.76343,98523.19,84461.56,-2.4792573,2.3659196,0.010858069,74.375,31.5,3.4269948
2025-10-31 10:30:00,301.11362,98488.766,85837.34,-1.9828151,1.7613211,0.011286413,74.375,31.5,2.6521327
2025-10-31 11:30:00,299.16028,98481.23,90334.14,-1.4352742,1.2457201,0.0133861415,74.375,31.5,1.9004817
2025-10-31 12:30:00,297.25943,98500.336,90984.44,-1.3539875,1.1011076,0.011466853,74.375,31.5,1.7451992
2025-10-31 13:30:00,296.7717,98551.125,91412.125,-1.1033043,0.9738414,0.010460288,74.375,31.5,1.4716139
2025-10-31 14:30:00,296.60675,98592.57,91817.86,-0.87009335,0.84250474,0.009915966,74.375,31.5,1.2111468
2025-10-31 15:30:00,296.43713,98617.3,91835.01,-0.8034351,0.74453497,0.0094868,74.375,31.5,1.0953722
2025-10-31 16:30:00,295.847,98631.766,91840.555,-0.86437,0.6407658,0.009283116,74.375,31.5,1.0759722
2025-10-31 17:30:00,295.11548,98634.15,91855.28,-0.9138619,0.53452194,0.0091712065,74.375,31.5,1.0587054
2025-10-31 18:30:00,294.48636,98631.59,91838.41,-0.92309,0.49777412,0.009036516,74.375,31.5,1.0487489
2025-10-31 19:30:00,293.9156,98616.16,96370.516,-0.8516036,0.52606785,0.0089090085,74.375,31.5,1.0009875
2025-10-31 20:30:00,293.37622,98611.78,97869.0,-0.70896745,0.6145907,0.008805032,74.375,31.5,0.9382732
2025-10-31 21:30:00,292.92548,98609.68,97867.2,-0.5960053,0.64146763,0.008705626,74.375,31.5,0.87561584
2025-10-31 22:30:00,292.64694,98611.78,97875.03,-0.544752,0.5595873,0.008607113,74.375,31.5,0.78095627
2025-10-31 23:30:00,292.26733,98632.61,97892.33,-0.4947226,0.47592914,0.0085551925,74.375,31.5,0.6864831
2025-11-01 00:30:00,291.8474,98661.99,97924.06,-0.41183078,0.44819766,0.008511683,74.375,31.5,0.60867536
2025-11-01 01:30:00,291.46396,98714.73,97976.33,-0.24673724,0.52086616,0.0084837945,74.375,31.5,0.5763513
2025-11-01 02:30:00,291.85458,98774.12,98037.58,-0.047599435,0.64128375,0.009511653,74.375,31.5,0.64304787
2025-11-01 03:30:00,293.25812,98832.63,98093.55,0.14679956,0.99950767,0.009711195,74.375,31.5,1.0102305
2025-11-01 04:30:00,294.90363,98869.32,98132.82,0.24200213,1.3172169,0.0101326,74.375,31.5,1.339263
2025-11-01 05:30:00,297.86734,98860.086,93769.94,0.069625616,1.8554621,0.010847864,74.375,31.5,1.856768
2025-11-01 06:30:00,301.2188,98805.55,86278.92,-0.63288045,2.904039,0.009769958,74.375,31.5,2.972201
2025-11-01 07:30:00,302.18518,98722.14,83927.8,-1.1358188,2.9764292,0.009386471,74.375,31.5,3.1857834
2025-11-01 08:30:00,302.37122,98646.47,82856.56,-1.5731093,2.7796926,0.009352672,74.375,31.5,3.1939576
2025-11-01 09:30:00,302.05762,98593.0,83308.91,-1.7868643,2.3435788,0.009719123,74.375,31.5,2.9470742
2025-11-01 10:30:00,301.2962,98571.95,86710.445,-1.8506655,1.9793861,0.009920745,74.375,31.5,2.7097845
2025-11-01 11:30:00,298.67984,98561.83,96790.18,-1.659428,1.3341098,0.0125031,74.375,31.5,2.1292136
2025-11-01 12:30:00,296.35114,98590.414,97846.805,-1.8778427,1.046644,0.010694872,74.375,31.5,2.149827
2025-11-01 13:30:00,295.80023,98643.6,97904.55,-1.748173,0.77289474,0.00987029,74.375,31.5,1.9114066
2025-11-01 14:30:00,295.5636,98689.66,97955.94,-1.4449036,0.57628644,0.009450832,74.375,31.5,1.5555875
2025-11-01 15:30:00,295.60886,98715.01,97968.28,-1.2364507,0.45083582,0.009000522,74.375,31.5,1.3160787
2025-11-01 16:30:00,295.19452,98708.37,97979.234,-1.1879383,0.33860826,0.008791464,74.375,31.5,1.2352542
2025-11-01 17:30:00,294.33508,98692.5,97954.234,-1.2243065,0.2606538,0.008751173,74.375,31.5,1.2517455
2025-11-01 18:30:00,293.80582,98675.12,95355.64,-1.3268136,0.28276873,0.008635232,74.375,31.5,1.3566107
2025-11-01 19:30:00,293.1742,98639.625,93578.95,-1.4011978,0.4333039,0.008580841,74.375,31.5,1.4666655
2025-11-01 20:30:00,292.40256,98604.9,93740.555,-1.3924052,0.745718,0.008572068,74.375,31.5,1.5795213
2025-11-01 21:30:00,291.73672,98582.5,93388.625,-1.1878926,1.0672843,0.008529476,74.375,31.5,1.5969298
2025-11-01 22:30:00,291.10788,98575.195,92180.21,-0.8228708,1.3390961,0.008464826,74.375,31.5,1.5717171
2025-11-01 23:30:00,290.33273,98588.98,92603.59,-0.38520342,1.5568091,0.008443045,74.375,31.5,1.6037569
2025-11-02 00:30:00,289.61688,98623.62,92828.11,0.10393311,1.7360331,0.00840676,74.375,31.5,1.7391415
2025-11-02 01:30:00,288.77954,98688.02,93097.31,0.5653124,1.8736867,0.008405676,74.375,31.5,1.95711
2025-11-02 02:30:00,289.80457,98766.93,93160.01,0.7548369,1.706112,0.009619343,74.375,31.5,1.8656359
2025-11-02 03:30:00,292.44446,98824.0,94835.5,0.9720094,2.3751123,0.009303553,74.375,31.5,2.5663128
2025-11-02 04:30:00,294.611,98851.77,96492.7,0.53528446,2.0978215,0.00994592,74.375,31.5,2.165037
2025-11-02 05:30:00,298.1164,98842.91,91127.516,0.094017684,2.448023,0.010558602,74.375,31.5,2.4498277
2025-11-02 06:30:00,301.1917,98788.09,85987.34,-0.688829,3.397687,0.009436398,74.375,31.5,3.4668086
2025-11-02 07:30:00,302.08344,98714.02,84332.2,-1.3294265,3.3110518,0.009184422,74.375,31.5,3.567974
2025-11-02 08:30:00,302.3366,98630.96,83529.62,-1.6698124,2.9516056,0.009174528,74.375,31.5,3.3912017
2025-11-02 09:30:00,302.04205,98588.42,84307.07,-1.7310929,2.3789508,0.009578567,74.375,31.5,2.9421234
2025-11-02 10:30:00,301.35486,98563.586,87817.2,-1.7475384,1.9474523,0.009471582,74.375,31.5,2.6165743
2025-11-02 11:30:00,298.67502,98548.14,97127.89,-1.5909181,1.1462835,0.012054923,74.375,31.5,1.9608637
2025-11-02 12:30:00,296.85452,98567.67,97831.35,-1.72169,0.6265615,0.010023217,74.375,31.5,1.8321561
2025-11-02 13:30:00,296.18423,98603.45,97862.91,-1.5692558,0.21430928,0.009374471,74.375,31.5,1.583822
2025-11-02 14:30:00,295.7926,98644.56,97911.625,-1.3481735,-0.07651436,0.009050915,74.375,31.5,1.350343
2025-11-02 15:30:00,295.54315,98669.98,97926.7,-1.0872791,-0.30664885,0.008747387,74.375,31.5,1.1296943
2025-11-02 16:30:00,295.14462,98676.61,97932.445,-0.8031377,-0.52890825,0.008581872,74.375,31.5,0.9616518
2025-11-02 17:30:00,294.6732,98649.42,97912.63,-0.53223073,-0.70957124,0.008466119,74.375,31.5,0.88699543
2025-11-02 18:30:00,294.24115,98609.32,97868.45,-0.22336476,-0.7440977,0.008373307,74.375,31.5,0.77689976
2025-11-02 19:30:00,293.81253,98562.99,97826.84,0.121292375,-0.5286659,0.008265398,74.375,31.5,0.54240155
2025-11-02 20:30:00,293.17566,98513.13,97770.836,0.445785,-0.0437181,0.0082187615,74.375,31.5,0.44792357
2025-11-02 21:30:00,292.36563,98475.99,97744.08,0.59513515,0.45238745,0.008191598,74.375,31.5,0.7475562
2025-11-02 22:30:00,291.2366,98455.445,97712.51,0.551119,0.83349764,0.008260432,74.375,31.5,0.99922496
2025-11-02 23:30:00,290.52985,98461.15,97717.61,0.45455468,1.1621605,0.008204031,74.375,31.5,1.2478931
2025-11-03 00:30:00,289.78778,98486.195,97744.414,0.35837078,1.3769234,0.008132652,74.375,31.5,1.4227958
2025-11-03 01:30:00,289.26297,98531.88,97789.8,0.3379091,1.5001148,0.008035362,74.375,31.5,1.5377018
2025-11-03 02:30:00,290.0052,98578.63,97841.914,0.3772003,1.4553577,0.008968975,74.375,31.5,1.5034447
2025-11-03 03:30:00,292.2999,98606.56,97857.195,0.4333075,1.7111325,0.009141955,74.375,31.5,1.765143
2025-11-03 04:30:00,293.9026,98598.67,97854.69,0.4184131,1.630335,0.009239516,74.375,31.5,1.6831701
2025-11-03 05:30:00,296.38074,98560.54,97318.02,0.44387287,1.4393734,0.010325855,74.375,31.5,1.5062599
2025-11-03 06:30:00,299.96814,98499.0,89916.54,0.2056919,2.6132777,0.009705895,74.375,31.5,2.6213603
2025-11-03 07:30:00,301.9205,98416.8,85807.45,-0.36862972,3.3563495,0.007942127,74.375,31.5,3.376532
2025-11-03 08:30:00,302.2051,98340.19,84504.59,-0.6173977,2.97169,0.007726051,74.375,31.5,3.0351477
2025-11-03 09:30:00,302.18634,98273.78,84282.21,-0.5704733,2.1567836,0.007948786,74.375,31.5,2.230954
2025-11-03 10:30:00,301.7826,98233.83,86307.305,-0.4769504,1.6307122,0.007254605,74.375,31.5,1.6990303
2025-11-03 11:30:00,300.36014,98217.164,92938.734,-0.5648216,0.6259048,0.008540123,74.375,31.5,0.84307784
2025-11-03 12:30:00,298.79868,98225.74,92650.95,-0.63963556,-0.42032194,0.007153586,74.375,31.5,0.7653784
2025-11-03 13:30:00,296.99255,98262.99,92624.43,-0.3551511,-1.2814014,0.0073176534,74.375,31.5,1.3297074
2025-11-03 14:30:00,295.0621,98303.33,91712.586,0.15104783,-1.943978,0.0076858783,74.375,31.5,1.9498373
2025-11-03 15:30:00,292.93768,98336.93,91956.5,0.7350424,-2.4135814,0.008064095,74.375,31.5,2.5230265
2025-11-03 16:30:00,291.09686,98352.91,92918.11,1.320921,-2.7212582,0.008269403,74.375,31.5,3.0249095
2025-11-03 17:30:00,289.96918,98353.516,92477.875,1.7999246,-2.8329432,0.008276639,74.375,31.5,3.3563814
2025-11-03 18:30:00,289.23895,98343.945,92683.34,2.1109223,-2.770408,0.008245842,74.375,31.5,3.4829805
2025-11-03 19:30:00,288.66998,98328.04,93130.14,2.277771,-2.6347618,0.008226718,74.375,31.5,3.4828453
2025-11-03 20:30:00,288.17383,98311.68,94202.984,2.3276055,-2.587245,0.008188865,74.375,31.5,3.48017
2025-11-03 21:30:00,287.70483,98287.88,94474.125,2.264415,-2.641054,0.008124106,74.375,31.5,3.4788995
2025-11-03 22:30:00,287.25842,98272.58,94451.94,2.1917198,-2.7305574,0.008034349,74.375,31.5,3.5013683
2025-11-03 23:30:00,286.90265,98277.16,94078.195,2.2355647,-2.7534106,0.007933725,74.375,31.5,3.5466914
2025-11-04 00:30:00,286.61325,98304.234,94051.89,2.4148834,-2.6564977,0.007822178,74.375,31.5,3.5900755
2025-11-04 01:30:00,286.37973,98358.01,94593.63,2.6560981,-2.4296658,0.0077092773,74.375,31.5,3.5997407
2025-11-04 02:30:00,288.1932,98428.6,97690.4,3.0882175,-2.3149846,0.00798617,74.375,31.5,3.8595648
2025-11-04 03:30:00,290.76447,98470.1,97728.766,3.7134838,-2.6526086,0.008112574,74.375,31.5,4.5635834
2025-11-04 04:30:00,293.2273,98480.41,97743.32,2.7826097,-2.470272,0.008922027,74.375,31.5,3.7209086
2025-11-04 05:30:00,296.39233,98454.13,97307.34,2.6484854,-2.44702,0.0101021025,74.375,31.5,3.6058817
2025-11-04 06:30:00,299.7695,98399.71,88868.766,4.220399,-1.7407453,0.009482275,74.375,31.5,4.5652995
2025-11-04 07:30:00,301.69128,98335.62,82113.5,4.863061,-1.0369699,0.0083742365,74.375,31.5,4.9723907
2025-11-04 08:30:00,302.18475,98264.73,78213.39,4.4478965,-1.00165,0.008266145,74.375,31.5,4.5592856
2025-11-04 09:30:00,301.8146,98214.79,73873.64,3.6366737,-1.1979167,0.008464132,74.375,31.5,3.82889
2025-11-04 10:30:00,300.53085,98185.78,83464.016,2.7382143,-1.6235418,0.009267749,74.375,31.5,3.1833482
2025-11-04 11:30:00,297.12967,98193.664,82557.56,1.8302925,-2.0615513,0.011356576,74.375,31.5,2.7568033
2025-11-04 12:30:00,294.37134,98222.086,76583.41,1.925712,-2.7037191,0.009752022,74.375,31.5,3.3194072
2025-11-04 13:30:00,293.5273,98281.77,74327.66,1.9118747,-2.7265286,0.0095971385,74.375,31.5,3.3300486
2025-11-04 14:30:00,292.94983,98343.3,74443.61,1.9432544,-2.4711316,0.009590092,74.375,31.5,3.1436808
2025-11-04 15:30:00,292.3739,98391.984,70591.92,2.005919,-2.1974325,0.009500047,74.375,31.5,2.9753017
2025-11-04 16:30:00,291.68695,98430.95,67374.87,1.9435699,-2.1484962,0.009307666,74.375,31.5,2.8971536
2025-11-04 17:30:00,290.7884,98449.92,71501.03,1.7546618,-2.318921,0.009122821,74.375,31.5,2.9079602
2025-11-04 18:30:00,289.88962,98449.25,75895.83,1.4696022,-2.5072083,0.009032859,74.375,31.5,2.9061701
2025-11-04 19:30:00,289.09073,98451.195,87945.53,1.1430594,-2.5827951,0.009046642,74.375,31.5,2.824432
2025-11-04 20:30:00,288.36786,98463.945,88755.74,0.86614186,-2.5754857,0.009101895,74.375,31.5,2.7172282
2025-11-04 21:30:00,287.74515,98475.625,97738.63,0.57883245,-2.5280676,0.009153238,74.375,31.5,2.5934865
2025-11-04 22:30:00,287.1698,98502.99,97774.65,0.29729187,-2.4511642,0.009235545,74.375,31.5,2.4691272
2025-11-04 23:30:00,286.63367,98549.625,97820.61,-0.0032487512,-2.3414903,0.009371769,74.375,31.5,2.3414927
2025-11-05 00:30:00,286.15952,98611.305,97869.22,-0.31849825,-2.218511,0.009500764,74.375,31.5,2.241257
2025-11-05 01:30:00,285.82553,98676.85,97939.59,-0.6108834,-2.0760617,0.009569113,74.375,31.5,2.1640728
2025-11-05 02:30:00,287.5686,98737.33,97994.34,-0.9504348,-1.8176963,0.009969575,74.375,31.5,2.0511818
2025-11-05 03:30:00,289.67,98798.38,98058.64,-1.6708221,-1.508301,0.010427448,74.375,31.5,2.250915
2025-11-05 04:30:00,292.47702,98823.15,97278.59,-2.029182,-0.44037896,0.010897379,74.375,31.5,2.0764184
2025-11-05 05:30:00,295.72473,98828.1,92846.89,-2.6401699,-0.039740622,0.010631321,74.375,31.5,2.6404688
2025-11-05 06:30:00,298.4588,98794.69,85685.37,-3.0002673,0.50875485,0.009965454,74.375,31.5,3.0430963
2025-11-05 07:30:00,299.58844,98732.21,82945.78,-3.0695791,1.3650637,0.009635056,74.375,31.5,3.3594217
2025-11-05 08:30:00,299.897,98686.74,81312.64,-3.193413,2.0005586,0.009296418,74.375,31.5,3.7683048
2025-11-05 09:30:00,299.57144,98649.94,81489.3,-3.2271485,2.2436678,0.008809364,74.375,31.5,3.9304621
2025-11-05 10:30:00,298.56805,98627.67,84049.625,-2.892919,2.0735955,0.008894771,74.375,31.5,3.5593228
2025-11-05 11:30:00,295.99747,98616.695,88972.64,-2.1047173,1.6512586,0.010395296,74.375,31.5,2.6751616
2025-11-05 12:30:00,292.20898,98623.336,89741.64,-2.3931396,2.0193965,0.009240414,74.375,31.5,3.1313064
2025-11-05 13:30:00,290.73715,98667.625,88826.305,-2.6103728,2.225089,0.008451203,74.375,31.5,3.4300244
2025-11-05 14:30:00,289.69275,98710.195,89050.33,-2.8078744,2.2868872,0.007915784,74.375,31.5,3.6213274
2025-11-05 15:30:00,288.7077,98740.35,89355.75,-3.0049648,2.2749844,0.007444655,74.375,31.5,3.769001
2025-11-05 16:30:00,287.80212,98760.195,89831.62,-3.1243508,2.2032757,0.0070764543,74.375,31.5,3.8230867
2025-11-05 17:30:00,286.89667,98753.86,92193.33,-3.1331418,2.1011887,0.006807549,74.375,31.5,3.7724755
2025-11-05 18:30:00,286.0442,98733.984,93961.266,-3.040913,2.0391343,0.0066131707,74.375,31.5,3.661314
2025-11-05 19:30:00,285.31665,98714.64,95988.92,-2.916489,2.1004155,0.0064494116,74.375,31.5,3.5941136
2025-11-05 20:30:00,284.6897,98701.53,97953.305,-2.768437,2.2529912,0.0062934957,74.375,31.5,3.5693433
2025-11-05 21:30:00,284.06662,98685.8,97949.56,-2.5681336,2.4019568,0.006143533,74.375,31.5,3.5163484
2025-11-05 22:30:00,283.40118,98675.55,97932.16,-2.369347,2.465512,0.0059975632,74.375,31.5,3.419438
2025-11-05 23:30:00,282.7546,98680.695,97941.21,-2.1801798,2.4761033,0.0058614407,74.375,31.5,3.2991319
2025-11-06 00:30:00,282.19183,98707.195,97963.59,-1.9594445,2.4599144,0.0057466137,74.375,31.5,3.1449327
2025-11-06 01:30:00,281.74268,98771.57,98024.5,-1.6920372,2.450377,0.0056568333,74.375,31.5,2.9778075
2025-11-06 02:30:00,284.10577,98849.82,98100.625,-1.3733748,2.4297404,0.00608236,74.375,31.5,2.7910206
2025-11-06 03:30:00,286.82657,98924.5,98184.125,-1.3431708,3.0010526,0.0059780143,74.375,31.5,3.287921
2025-11-06 04:30:00,289.7312,98972.73,98228.3,-0.75314415,2.451182,0.0067510777,74.375,31.5,2.5642774
2025-11-06 05:30:00,293.83975,98986.66,94571.52,-1.1827444,2.4816403,0.0073793386,74.375,31.5,2.7490768
2025-11-06 06:30:00,297.60742,98960.9,88429.16,-2.494415,2.9109616,0.006126008,74.375,31.5,3.8335106
2025-11-06 07:30:00,298.8537,98920.35,86396.47,-2.5768547,2.775821,0.0057383594,74.375,31.5,3.787527
2025-11-06 08:30:00,299.27625,98870.23,85893.03,-2.5919466,2.5684576,0.005660225,74.375,31.5,3.6489947
2025-11-06 09:30:00,298.9665,98837.46,86144.57,-2.4629202,2.3682175,0.0057627237,74.375,31.5,3.4167864
2025-11-06 10:30:00,298.1111,98803.37,87476.234,-2.0030074,1.970813,0.006220079,74.375,31.5,2.8100076
2025-11-06 11:30:00,295.39563,98786.48,96735.1,-1.4552608,1.5357192,0.008481678,74.375,31.5,2.1157072
2025-11-06 12:30:00,292.84775,98789.4,98053.516,-1.370028,1.5973649,0.0067089326,74.375,31.5,2.1044123
2025-11-06 13:30:00,292.1999,98835.66,98090.41,-1.1263739,1.6196285,0.0059670294,74.375,31.5,1.9727937
2025-11-06 14:30:00,291.642,98882.51,98151.56,-0.90866256,1.6717311,0.0056192195,74.375,31.5,1.9027224
2025-11-06 15:30:00,290.89728,98924.44,98180.53,-0.9068902,1.6922355,0.005386668,74.375,31.5,1.9199246
2025-11-06 16:30:00,289.92767,98943.97,98204.66,-1.0645757,1.7090417,0.0052572843,74.375,31.5,2.0134907
2025-11-06 17:30:00,288.79437,98946.266,98204.34,-1.2371576,1.7657695,0.0051910537,74.375,31.5,2.1560383
2025-11-06 18:30:00,287.6381,98925.55,98186.78,-1.3738683,1.8447924,0.0051533137,74.375,31.5,2.300168
2025-11-06 19:30:00,286.58124,98895.26,98150.97,-1.4740999,1.915174,0.005115953,74.375,31.5,2.4167876
2025-11-06 20:30:00,285.66495,98871.79,98124.5,-1.5494074,1.9667609,0.0050864248,74.375,31.5,2.5037594
2025-11-06 21:30:00,285.09772,98852.79,98110.2,-1.5941744,1.8685582,0.005040472,74.375,31.5,2.4561965
2025-11-06 22:30:00,284.83075,98846.09,98102.86,-1.5923657,1.6650844,0.0050015356,74.375,31.5,2.3039389
2025-11-06 23:30:00,284.61313,98858.875,98117.61,-1.534508,1.5082256,0.0049894885,74.375,31.5,2.1516178
2025-11-07 00:30:00,284.4658,98890.68,98147.19,-1.413954,1.3975854,0.004987125,74.375,31.5,1.9880923
2025-11-07 01:30:00,284.29474,98938.86,98206.6,-1.2063726,1.4074931,0.004998477,74.375,31.5,1.8537453
2025-11-07 02:30:00,285.4351,99003.766,98256.164,-0.89266634,1.3782412,0.006143266,74.375,31.5,1.6420724
2025-11-07 03:30:00,288.41095,99069.69,98329.75,-0.83628064,1.7961996,0.005989615,74.375,31.5,1.9813375
2025-11-07 04:30:00,290.8828,99101.65,98355.25,-0.40466928,1.6482167,0.0064884606,74.375,31.5,1.6971669
2025-11-07 05:30:00,294.82156,99105.87,92584.5,-0.55395716,2.0796409,0.0065735313,74.375,31.5,2.1521559
2025-11-07 06:30:00,297.9389,99073.47,87371.51,-1.1118929,2.650717,0.0051764552,74.375,31.5,2.874475
2025-11-07 07:30:00,299.00906,99022.59,85769.66,-1.0916523,2.4463081,0.005010489,74.375,31.5,2.6788297
2025-11-07 08:30:00,299.4408,98959.72,84880.3,-1.1265131,2.2165904,0.0050189598,74.375,31.5,2.486424
2025-11-07 09:30:00,299.13184,98906.15,84994.19,-1.1765007,2.1484458,0.0051577943,74.375,31.5,2.4494843
2025-11-07 10:30:00,298.279,98881.87,85804.92,-1.0643612,1.9062598,0.0055354643,74.375,31.5,2.1832752
2025-11-07 11:30:00,295.60028,98873.51,96634.91,-0.8685009,1.5423076,0.007883216,74.375,31.5,1.7700301
2025-11-07 12:30:00,293.3949,98893.71,98158.516,-0.8268355,1.5375721,0.0058917184,74.375,31.5,1.7457907
2025-11-07 13:30:00,292.5918,98953.58,98217.34,-0.6152035,1.4071668,0.005288678,74.375,31.5,1.5357715
2025-11-07 14:30:00,291.99252,99016.7,98267.66,-0.36722425,1.2661213,0.004960227,74.375,31.5,1.3183007
2025-11-07 15:30:00,291.74585,99046.15,98292.69,-0.20354876,1.0820527,0.0046239593,74.375,31.5,1.1010314
2025-11-07 16:30:00,291.69666,99037.41,98295.93,-0.103844,0.88720447,0.004296209,74.375,31.5,0.8932611
2025-11-07 17:30:00,291.21494,99013.75,98273.47,-0.01110208,0.8098846,0.0041324846,74.375,31.5,0.80996066
2025-11-07 18:30:00,290.31128,98984.62,98233.734,0.044383407,0.916585,0.004081595,74.375,31.5,0.917659
2025-11-07 19:30:00,289.58975,98941.24,98200.86,0.028689176,1.1528373,0.0039662863,74.375,31.5,1.1531942
2025-11-07 20:30:00,288.34576,98911.12,98168.66,-0.044948608,1.3988067,0.0040707523,74.375,31.5,1.3995286
2025-11-07 21:30:00,287.29724,98902.05,98155.21,-0.12484549,1.5200982,0.0040630572,74.375,31.5,1.5252163
2025-11-07 22:30:00,286.66956,98900.45,98167.56,-0.1561431,1.4957637,0.0039912206,74.375,31.5,1.5038915
2025-11-07 23:30:00,286.2509,98905.01,98172.42,-0.14538825,1.3924336,0.0039087115,74.375,31.5,1.4000033
2025-11-08 00:30:00,285.9675,98928.36,98187.766,-0.03326595,1.2495303,0.0038233497,74.375,31.5,1.249973
2025-11-08 01:30:00,285.48706,98969.98,98232.766,0.21934292,1.1850061,0.0037994199,74.375,31.5,1.2051352
2025-11-08 02:30:00,285.9728,99033.12,98296.14,0.5276625,1.2330244,0.004721267,74.375,31.5,1.3411849
2025-11-08 03:30:00,288.19812,99091.69,98351.9,0.8850539,1.6048102,0.004786383,74.375,31.5,1.8326856
2025-11-08 04:30:00,290.12262,99128.53,98392.664,1.0187677,1.7538819,0.004861388,74.375,31.5,2.0282972
2025-11-08 05:30:00,293.23947,99149.266,96458.445,0.75007397,1.9691228,0.0057534655,74.375,31.5,2.1071439
2025-11-08 06:30:00,297.2354,99118.29,89236.2,-0.3253187,3.0592365,0.0052826637,74.375,31.5,3.076485
2025-11-08 07:30:00,298.84863,99069.61,85599.56,-0.8825717,3.1645641,0.0051526665,74.375,31.5,3.2853308
2025-11-08 08:30:00,299.29044,99020.555,84382.0,-1.1745085,2.882008,0.005267113,74.375,31.5,3.112144
2025-11-08 09:30:00,299.0212,98981.11,84857.984,-1.2033737,2.4194357,0.005684073,74.375,31.5,2.7021801
2025-11-08 10:30:00,298.15152,98968.33,88302.58,-1.0886302,1.878836,0.0061681285,74.375,31.5,2.1714375
2025-11-08 11:30:00,295.62213,98970.21,97946.984,-1.0230796,1.2931175,0.007975725,74.375,31.5,1.648892
2025-11-08 12:30:00,294.0195,98987.09,98243.8,-1.0937451,0.98637784,0.0061344546,74.375,31.5,1.4728271
2025-11-08 13:30:00,293.58917,99031.68,98289.8,-1.037989,0.66703284,0.0056301192,74.375,31.5,1.2338371
2025-11-08 14:30:00,292.99493,99072.055,98324.72,-0.90254444,0.44474113,0.005467166,74.375,31.5,1.0061715
2025-11-08 15:30:00,292.47498,99091.87,98346.39,-0.81762743,0.43335652,0.0052852156,74.375,31.5,0.9253715
2025-11-08 16:30:00,292.0095,99090.125,98343.11,-0.8025583,0.5215411,0.0052007143,74.375,31.5,0.9571337
2025-11-08 17:30:00,291.3727,99072.22,98322.42,-0.8185371,0.5700296,0.00514119,74.375,31.5,0.9974652
2025-11-08 18:30:00,290.58453,99036.31,98301.55,-0.86364675,0.62834096,0.0051268255,74.375,31.5,1.0680346
2025-11-08 19:30:00,289.55875,98997.08,98258.734,-0.9311755,0.76483464,0.005121705,74.375,31.5,1.2050145
2025-11-08 20:30:00,288.73492,98974.06,98227.984,-1.0282134,1.0154546,0.0050789365,74.375,31.5,1.4451196
2025-11-08 21:30:00,287.75012,98940.14,98198.09,-1.1675913,1.1297832,0.0050845803,74.375,31.5,1.624709
2025-11-08 22:30:00,286.73642,98916.164,98183.97,-1.2767328,1.1131794,0.00507758,74.375,31.5,1.6938758
2025-11-08 23:30:00,286.01324,98905.81,98162.266,-1.2964818,1.2069073,0.0050344546,74.375,31.5,1.7712963
2025-11-09 00:30:00,285.53574,98911.55,98164.78,-1.1189673,1.3837404,0.0049707596,74.375,31.5,1.7795576
2025-11-09 01:30:00,285.01953,98945.32,98194.91,-0.8160389,1.6266147,0.0049227946,74.375,31.5,1.8198338
2025-11-09 02:30:00,285.60522,98989.09,98246.484,-0.49151218,1.7252026,0.005838535,74.375,31.5,1.7938529
2025-11-09 03:30:00,288.5221,99040.12,98290.34,-0.19971454,2.1835167,0.0057495586,74.375,31.5,2.1926312
2025-11-09 04:30:00,290.68832,99066.03,98322.55,0.20995283,2.0996761,0.005986537,74.375,31.5,2.110147
2025-11-09 05:30:00,294.37643,99051.08,92257.83,-0.019886255,2.3467536,0.0064205425,74.375,31.5,2.3468378
2025-11-09 06:30:00,297.7751,99005.555,85849.445,-1.0187613,2.7315183,0.005573485,74.375,31.5,2.9153159
2025-11-09 07:30:00,298.64417,98935.17,84655.055,-1.207041,2.5584302,0.005526,74.375,31.5,2.8288713
2025-11-09 08:30:00,298.8655,98873.9,83812.7,-1.3320593,2.4665756,0.005539876,74.375,31.5,2.8032799
2025-11-09 09:30:00,298.31772,98812.22,84417.234,-1.4318032,2.251751,0.005731678,74.375,31.5,2.6684158
2025-11-09 10:30:00,297.41486,98767.875,88192.03,-1.360903,1.8118548,0.006172303,74.375,31.5,2.2660263
2025-11-09 11:30:00,294.65048,98752.64,97362.375,-1.2551899,1.3983266,0.0081252055,74.375,31.5,1.8790474
2025-11-09 12:30:00,292.86606,98759.26,98024.22,-1.311636,1.2813873,0.0063452926,74.375,31.5,1.8336691
2025-11-09 13:30:00,292.28503,98799.914,98060.7,-1.132921,1.0758228,0.005826129,74.375,31.5,1.5623394
2025-11-09 14:30:00,292.16934,98851.375,98106.53,-0.8648276,0.8834243,0.005430916,74.375,31.5,1.2362707
2025-11-09 15:30:00,292.15576,98880.164,98138.766,-0.5612433,0.6678797,0.005103129,74.375,31.5,0.872386
2025-11-09 16:30:00,291.76465,98886.08,98146.836,-0.28451288,0.45856145,0.0049659642,74.375,31.5,0.5396538
2025-11-09 17:30:00,291.32358,98874.21,98127.47,-0.12934804,0.32109296,0.0048216116,74.375,31.5,0.34616703
2025-11-09 18:30:00,290.75146,98846.79,98101.39,-0.069512844,0.34978914,0.004741585,74.375,31.5,0.35662934
2025-11-09 19:30:00,290.07828,98825.414,98089.35,-0.07116032,0.55216503,0.004702233,74.375,31.5,0.5567316
2025-11-09 20:30:00,289.0483,98806.52,98057.664,-0.09864235,0.86353797,0.004737895,74.375,31.5,0.8691537
2025-11-09 21:30:00,288.24777,98781.516,98035.21,-0.19435275,1.1328776,0.0046937224,74.375,31.5,1.149428
2025-11-09 22:30:00,287.39697,98757.22,98019.266,-0.31123793,1.2830365,0.004647796,74.375,31.5,1.3202468
2025-11-09 23:30:00,286.69623,98757.695,98023.12,-0.36228967,1.3966101,0.0046024173,74.375,31.5,1.4428353
2025-11-10 00:30:00,286.05423,98789.89,98052.11,-0.32265472,1.4388592,0.0045673694,74.375,31.5,1.4745921
2025-11-10 01:30:00,285.42465,98828.36,98096.44,-0.19748694,1.4352193,0.0045359754,74.375,31.5,1.4487427
2025-11-10 02:30:00,285.8683,98888.14,96727.39,-0.019816399,1.4579964,0.0053156675,74.375,31.5,1.4581311
2025-11-10 03:30:00,288.32892,98948.25,96312.79,0.23486543,1.837488,0.005419005,74.375,31.5,1.8524374
2025-11-10 04:30:00,290.36868,98987.92,96353.68,0.44528055,1.8876284,0.0056259474,74.375,31.5,1.939437
2025-11-10 05:30:00,293.89197,99012.41,92694.84,0.1513015,2.163772,0.0061313384,74.375,31.5,2.1690555
2025-11-10 06:30:00,297.2749,98984.03,86502.72,-0.83605665,2.7872689,0.005265708,74.375,31.5,2.9099584
2025-11-10 07:30:00,298.16092,98935.15,84681.06,-1.21614,2.5359716,0.0052298615,74.375,31.5,2.8124988
2025-11-10 08:30:00,298.38254,98878.23,83895.08,-1.4428126,2.2516348,0.005273953,74.375,31.5,2.6742415
2025-11-10 09:30:00,297.9903,98837.81,84277.3,-1.4798414,1.7878424,0.0056388257,74.375,31.5,2.3208427
2025-11-10 10:30:00,297.02454,98810.37,91745.8,-1.3678132,1.2578313,0.0062956354,74.375,31.5,1.858239
2025-11-10 11:30:00,294.68842,98798.516,98050.23,-1.296581,0.69037837,0.0076905848,74.375,31.5,1.4689263
2025-11-10 12:30:00,293.50256,98813.21,98077.984,-1.1826131,0.37406158,0.0057875435,74.375,31.5,1.2403612
2025-11-10 13:30:00,293.0831,98860.82,98120.125,-0.87922996,0.096577734,0.0053108362,74.375,31.5,0.88451827
2025-11-10 14:30:00,292.64267,98909.27,98157.43,-0.5316952,-0.107919395,0.0050740945,74.375,31.5,0.542537
2025-11-10 15:30:00,292.22217,98942.7,98204.91,-0.30040026,-0.1771195,0.004956033,74.375,31.5,0.3487286
2025-11-10 16:30:00,291.7175,98968.81,98229.61,-0.2098267,-0.23545301,0.0049294736,74.375,31.5,0.3153813
2025-11-10 17:30:00,290.8888,98974.17,98241.875,-0.19408268,-0.3447144,0.004979187,74.375,31.5,0.39559588
2025-11-10 18:30:00,289.954,98959.87,98218.55,-0.23968405,-0.40847516,0.005052053,74.375,31.5,0.47360364
2025-11-10 19:30:00,289.3046,98945.445,98198.03,-0.31556937,-0.32104254,0.005074633,74.375,31.5,0.45016924
2025-11-10 20:30:00,288.54865,98941.94,98196.03,-0.4572068,-0.07669306,0.005086067,74.375,31.5,0.46359453
2025-11-10 21:30:00,287.83002,98933.64,98195.88,-0.5720628,0.13709128,0.00505222,74.375,31.5,0.58826005
2025-11-10 22:30:00,287.35275,98928.77,98185.09,-0.616124,0.30596364,0.005035897,74.375,31.5,0.6879117
2025-11-10 23:30:00,286.8426,98935.96,98196.09,-0.62733275,0.5057462,0.0050409106,74.375,31.5,0.8058074
2025-11-11 00:30:00,286.18906,98966.2,98223.875,-0.5532237,0.7023154,0.005055596,74.375,31.5,0.8940377
2025-11-11 01:30:00,285.72137,99012.56,98277.57,-0.40973485,0.8881911,0.005019189,74.375,31.5,0.97814417
2025-11-11 02:30:00,286.1598,99072.266,98324.266,-0.232918,1.0320691,0.0054219216,74.375,31.5,1.0580252
2025-11-11 03:30:00,288.0293,99132.66,98388.914,-0.1476098,1.2774415,0.005929704,74.375,31.5,1.2859415
2025-11-11 04:30:00,289.76288,99186.2,98444.43,-0.12723157,1.3537993,0.005953111,74.375,31.5,1.3597649
2025-11-11 05:30:00,292.3867,99185.95,96884.75,-0.26471862,1.2821337,0.0067232195,74.375,31.5,1.3091763
2025-11-11 06:30:00,296.67258,99145.67,87281.3,-1.3108941,2.0622969,0.0059300587,74.375,31.5,2.4436677
2025-11-11 07:30:00,298.03735,99076.016,85357.86,-1.8398745,2.0692759,0.0057276133,74.375,31.5,2.768942
2025-11-11 08:30:00,298.3228,99013.36,84510.22,-2.0166311,2.0108433,0.005791913,74.375,31.5,2.8478575
2025-11-11 09:30:00,297.88348,98963.06,85026.86,-1.9226708,1.8693373,0.006066367,74.375,31.5,2.68162
2025-11-11 10:30:00,296.8099,98933.48,91056.36,-1.5459291,1.563109,0.0067663547,74.375,31.5,2.1984553
2025-11-11 11:30:00,294.01392,98934.34,98194.82,-1.3259565,1.2903671,0.008343743,74.375,31.5,1.8501912
2025-11-11 12:30:00,292.41003,98966.23,98230.99,-1.2411776,1.3656704,0.006485658,74.375,31.5,1.8454207
2025-11-11 13:30:00,291.8729,99032.3,98281.805,-0.93451464,1.3734214,0.0060111545,74.375,31.5,1.6612055
2025-11-11 14:30:00,291.43814,99079.125,98340.12,-0.5969761,1.337999,0.0057429196,74.375,31.5,1.4651353
2025-11-11 15:30:00,291.07648,99096.54,98355.125,-0.37599364,1.2741117,0.005524423,74.375,31.5,1.3284322
2025-11-11 16:30:00,290.60657,99095.266,98355.44,-0.3055172,1.1546441,0.005377373,74.375,31.5,1.19438
2025-11-11 17:30:00,290.0766,99084.55,98345.62,-0.3419144,1.0292785,0.00523406,74.375,31.5,1.0845827
2025-11-11 18:30:00,289.46906,99055.766,98306.305,-0.45000982,1.0173088,0.005130233,74.375,31.5,1.1123965
2025-11-11 19:30:00,288.74597,99022.6,98278.195,-0.6012589,1.1862618,0.0050389264,74.375,31.5,1.3299358
2025-11-11 20:30:00,287.49603,98995.77,98247.75,-0.7579397,1.5229497,0.0050680595,74.375,31.5,1.7011315
2025-11-11 21:30:00,286.37933,98976.555,98239.66,-0.8352134,1.8631016,0.0050516804,74.375,31.5,2.0417466
2025-11-11 22:30:00,285.36093,98970.85,98227.516,-0.84635395,2.1106367,0.0050243237,74.375,31.5,2.274006
2025-11-11 23:30:00,284.4715,98980.21,98242.78,-0.8501262,2.2979827,0.004996785,74.375,31.5,2.4501915
2025-11-12 00:30:00,283.82645,99011.5,98274.086,-0.8423778,2.3787022,0.0049534873,74.375,31.5,2.523455
2025-11-12 01:30:00,283.4501,99054.7,98310.516,-0.78133506,2.3627589,0.0048991544,74.375,31.5,2.488597
2025-11-12 02:30:00,284.4069,99116.51,98373.08,-0.5980964,2.1711342,0.0056081996,74.375,31.5,2.2520087
2025-11-12 03:30:00,287.85254,99174.11,98438.05,-0.48027337,2.4907932,0.005598842,74.375,31.5,2.5366738
2025-11-12 04:30:00,290.03848,99203.45,98461.92,-0.15261483,2.304759,0.005754253,74.375,31.5,2.3098063
2025-11-12 05:30:00,293.21008,99204.31,95900.41,-0.05176997,2.2412872,0.0064655216,74.375,31.5,2.2418852
2025-11-12 06:30:00,297.08734,99166.1,87234.34,-1.1460232,3.2482648,0.0055894717,74.375,31.5,3.4445019
2025-11-12 07:30:00,298.26904,99104.73,85571.63,-1.3396181,3.1306596,0.0054253275,74.375,31.5,3.4052322
2025-11-12 08:30:00,298.62833,99050.77,84671.81,-1.4095268,2.9129162,0.005435852,74.375,31.5,3.2360232
2025-11-12 09:30:00,298.3457,99013.18,84818.59,-1.3678616,2.5142424,0.0057443017,74.375,31.5,2.8622475
2025-11-12 10:30:00,297.44064,98991.17,90417.375,-1.1082907,1.9216636,0.006375987,74.375,31.5,2.2183552
2025-11-12 11:30:00,294.75714,98984.57,98252.875,-0.94476056,1.4773848,0.008082188,74.375,31.5,1.7536358
2025-11-12 12:30:00,293.3392,99011.63,98267.66,-0.92025983,1.4475458,0.006119434,74.375,31.5,1.7153038
2025-11-12 13:30:00,292.71234,99062.03,98326.86,-0.79738367,1.3358506,0.0057662167,74.375,31.5,1.5557369
2025-11-12 14:30:00,292.11368,99110.914,98370.17,-0.72504985,1.2914389,0.005590493,74.375,31.5,1.4810508
2025-11-12 15:30:00,291.31177,99137.02,98394.44,-0.81286883,1.3333421,0.0054691415,74.375,31.5,1.5615878
2025-11-12 16:30:00,290.29578,99161.93,98409.16,-1.0596223,1.3727183,0.0054028565,74.375,31.5,1.734115
2025-11-12 17:30:00,289.3425,99165.61,98422.43,-1.3565853,1.35813,0.005350879,74.375,31.5,1.9195939
2025-11-12 18:30:00,288.29715,99150.56,98415.02,-1.5973003,1.330952,0.0053286287,74.375,31.5,2.0791347
2025-11-12 19:30:00,287.30423,99127.46,98381.87,-1.7024171,1.3664927,0.0053047664,74.375,31.5,2.1830087
2025-11-12 20:30:00,286.46887,99106.62,98363.59,-1.6578761,1.4902124,0.0052734455,74.375,31.5,2.2291896
2025-11-12 21:30:00,285.87708,99097.8,98358.93,-1.5047405,1.5995463,0.005218857,74.375,31.5,2.1960857
2025-11-12 22:30:00,285.4694,99090.945,98357.59,-1.3447423,1.6243383,0.005155,74.375,31.5,2.1087453
2025-11-12 23:30:00,285.124,99100.305,98356.2,-1.2203575,1.6109377,0.0051040347,74.375,31.5,2.0209882
2025-11-13 00:30:00,284.79837,99123.27,98384.0,-1.1041354,1.5849835,0.0050644544,74.375,31.5,1.9316541
2025-11-13 01:30:00,284.4608,99187.445,98436.06,-0.9945277,1.5846376,0.0050455187,74.375,31.5,1.8708719
2025-11-13 02:30:00,284.95062,99259.414,98513.62,-0.8243926,1.5826166,0.0056774775,74.375,31.5,1.7844602
2025-11-13 03:30:00,287.54837,99338.79,98591.94,-0.65380913,1.7312664,0.0061641186,74.375,31.5,1.8506079
2025-11-13 04:30:00,289.50644,99384.484,98643.05,-0.31238937,1.7859019,0.0060393615,74.375,31.5,1.8130175
2025-11-13 05:30:00,292.18777,99391.14,98648.09,0.021517277,1.6086696,0.0067844773,74.375,31.5,1.6088135
2025-11-13 06:30:00,296.25998,99347.945,89358.8,-0.75369954,2.2823694,0.0061418926,74.375,31.5,2.403596
2025-11-13 07:30:00,298.10767,99277.8,87376.17,-1.0664577,2.4584541,0.005531994,74.375,31.5,2.6798
2025-11-13 08:30:00,298.52414,99200.92,86825.83,-0.97242904,2.4248953,0.005548025,74.375,31.5,2.6126108
2025-11-13 09:30:00,298.22357,99148.61,87691.8,-0.76933706,2.3154612,0.0059364643,74.375,31.5,2.4399261
2025-11-13 10:30:00,296.93423,99116.21,91713.23,-0.5327062,2.087271,0.007200345,74.375,31.5,2.1541762
2025-11-13 11:30:00,293.78662,99123.9,93470.57,-0.45706785,2.114133,0.008246152,74.375,31.5,2.1629767
2025-11-13 12:30:00,291.887,99156.58,93512.64,-0.45202798,2.3015602,0.0063567013,74.375,31.5,2.3455296
2025-11-13 13:30:00,291.22006,99221.44,97249.484,-0.45310548,2.2001927,0.0059112087,74.375,31.5,2.2463644
2025-11-13 14:30:00,290.8993,99272.586,98519.31,-0.4768591,1.9259133,0.005538188,74.375,31.5,1.9840708
2025-11-13 15:30:00,290.77374,99293.03,98548.11,-0.605916,1.531068,0.0051958347,74.375,31.5,1.6466036
2025-11-13 16:30:00,290.54956,99285.05,98540.11,-0.82708836,1.0742489,0.004941343,74.375,31.5,1.3557602
2025-11-13 17:30:00,289.93353,99261.37,98515.75,-0.97102976,0.68112445,0.004832081,74.375,31.5,1.1860983
2025-11-13 18:30:00,289.16354,99222.29,98486.2,-0.94865006,0.50738394,0.004773088,74.375,31.5,1.0758138
2025-11-13 19:30:00,288.47614,99177.57,98431.86,-0.77536047,0.6206118,0.004705145,74.375,31.5,0.9931479
2025-11-13 20:30:00,287.77734,99135.47,98392.52,-0.53793097,0.9634795,0.004658385,74.375,31.5,1.1034775
2025-11-13 21:30:00,286.8636,99114.016,98363.484,-0.38650107,1.2878597,0.0046172375,74.375,31.5,1.3446062
2025-11-13 22:30:00,286.07205,99102.02,98351.85,-0.3679995,1.4883407,0.004566279,74.375,31.5,1.5331608
2025-11-13 23:30:00,285.26215,99109.55,98369.734,-0.41737658,1.6204984,0.004545678,74.375,31.5,1.6733853
2025-11-14 00:30:00,284.5004,99158.3,98404.99,-0.47032586,1.7308984,0.004521397,74.375,31.5,1.7936598
2025-11-14 01:30:00,283.9245,99226.5,98484.4,-0.50133497,1.8527243,0.0044990587,74.375,31.5,1.9193552
2025-11-14 02:30:00,284.20822,99295.5,98549.6,-0.5081251,1.8252053,0.005098362,74.375,31.5,1.8946148
2025-11-14 03:30:00,287.0812,99360.125,98617.33,-0.53244615,1.8885362,0.0053204424,74.375,31.5,1.962159
2025-11-14 04:30:00,289.1671,99386.65,98647.1,-0.36543718,1.5433213,0.0053636697,74.375,31.5,1.5859964
2025-11-14 05:30:00,292.1626,99379.74,96820.91,-0.26099658,1.1709636,0.0060709296,74.375,31.5,1.1996979
2025-11-14 06:30:00,296.32526,99327.17,88956.734,-1.0937083,2.0539675,0.0054046293,74.375,31.5,2.3270109
2025-11-14 07:30:00,297.8839,99254.23,87053.84,-1.3665324,2.1532655,0.00511876,74.375,31.5,2.550287
2025-11-14 08:30:00,298.34793,99181.195,86206.38,-1.4136124,1.9805995,0.0051490804,74.375,31.5,2.4333258
2025-11-14 09:30:00,298.05545,99128.15,86833.24,-1.3595108,1.7148769,0.005474768,74.375,31.5,2.188395
2025-11-14 10:30:00,296.96063,99101.086,93516.48,-1.1969017,1.3731661,0.0063192463,74.375,31.5,1.8215814
2025-11-14 11:30:00,294.4779,99094.83,98353.164,-1.2290957,0.93005353,0.007511152,74.375,31.5,1.5413228
2025-11-14 12:30:00,293.10217,99109.83,98375.41,-1.2480807,0.60963476,0.0056361267,74.375,31.5,1.389014
2025-11-14 13:30:00,292.68585,99154.766,98408.86,-1.0416179,0.25686032,0.0052202283,74.375,31.5,1.072821
2025-11-14 14:30:00,292.14093,99183.84,98442.87,-0.73846036,-0.08049387,0.0049990746,74.375,31.5,0.74283445
2025-11-14 15:30:00,291.58557,99206.266,98454.99,-0.5045256,-0.4042154,0.0048685446,74.375,31.5,0.6464798
2025-11-14 16:30:00,290.85367,99213.06,98469.734,-0.32763582,-0.63737625,0.004820499,74.375,31.5,0.71665454
2025-11-14 17:30:00,290.2012,99213.07,98472.625,-0.15837657,-0.69715905,0.004789795,74.375,31.5,0.7149223
2025-11-14 18:30:00,289.72046,99200.1,98456.95,-0.044931352,-0.5878475,0.0047269952,74.375,31.5,0.5895621
2025-11-14 19:30:00,289.2477,99191.625,98450.625,0.015318036,-0.3681706,0.004682322,74.375,31.5,0.36848912
2025-11-14 20:30:00,288.53256,99189.65,98443.625,0.065574944,-0.12024617,0.0046611517,74.375,31.5,0.13696429
2025-11-14 21:30:00,287.7589,99191.3,98452.7,0.13878834,0.035029344,0.004645532,74.375,31.5,0.14314069
2025-11-14 22:30:00,287.03036,99187.37,98449.484,0.25716543,0.10296973,0.0046389145,74.375,31.5,0.2770141
2025-11-14 23:30:00,286.42752,99202.18,98456.09,0.4600706,0.20790105,0.004611562,74.375,31.5,0.50486416
2025-11-15 00:30:00,285.59094,99228.03,98483.55,0.7610106,0.37204564,0.0046274588,74.375,31.5,0.8470862
2025-11-15 01:30:00,284.44275,99280.97,98544.83,1.1030611,0.58775747,0.0046857162,74.375,31.5,1.249881
2025-11-15 02:30:00,284.45105,99339.984,98587.44,1.3325899,0.78811806,0.0051739416,74.375,31.5,1.5482008
2025-11-15 03:30:00,287.11584,99397.1,98650.66,1.5851647,1.0127661,0.005571224,74.375,31.5,1.8810748
2025-11-15 04:30:00,289.28015,99433.84,98689.37,1.3552411,0.89039963,0.005686244,74.375,31.5,1.6215702
2025-11-15 05:30:00,292.5401,99437.875,96594.56,0.9850684,0.7650592,0.006282934,74.375,31.5,1.2472671
2025-11-15 06:30:00,296.299,99402.945,90151.34,0.62358725,1.7959113,0.005528479,74.375,31.5,1.9010941
2025-11-15 07:30:00,298.01706,99341.336,86220.33,-0.00018411875,2.2748673,0.0051117665,74.375,31.5,2.2748673
2025-11-15 08:30:00,298.54822,99285.484,84769.38,-0.5107275,2.2873247,0.005046934,74.375,31.5,2.3436503
2025-11-15 09:30:00,298.43274,99240.28,85091.63,-0.7613963,1.9285085,0.005356241,74.375,31.5,2.0733714
2025-11-15 10:30:00,297.41675,99213.37,93390.2,-0.8281555,1.3665771,0.0065028304,74.375,31.5,1.5979283
2025-11-15 11:30:00,295.27148,99202.21,98447.28,-1.1474969,0.7493461,0.0068791914,74.375,31.5,1.3704995
2025-11-15 12:30:00,293.4297,99214.875,98473.92,-1.3051815,0.1947006,0.0053306734,74.375,31.5,1.3196238
2025-11-15 13:30:00,292.46716,99267.89,98530.31,-1.2874265,-0.279136,0.0051546018,74.375,31.5,1.3173397
2025-11-15 14:30:00,291.6519,99321.91,98584.1,-1.2028437,-0.5944051,0.005076672,74.375,31.5,1.3416969
2025-11-15 15:30:00,290.83533,99365.38,98614.47,-1.1597867,-0.7320559,0.005003957,74.375,31.5,1.3714995
2025-11-15 16:30:00,289.9606,99383.86,98640.164,-1.1461848,-0.7717727,0.004982404,74.375,31.5,1.3818005
2025-11-15 17:30:00,289.1137,99407.375,98654.86,-1.1198506,-0.7718439,0.0049920967,74.375,31.5,1.3600767
2025-11-15 18:30:00,288.4021,99419.37,98676.055,-1.0464959,-0.7043459,0.004959385,74.375,31.5,1.2614503
2025-11-15 19:30:00,287.8336,99415.32,98679.59,-0.8742465,-0.5181227,0.004930144,74.375,31.5,1.016247
2025-11-15 20:30:00,287.51443,99419.46,98676.01,-0.5758575,-0.20289013,0.004864485,74.375,31.5,0.61055404
2025-11-15 21:30:00,286.9976,99415.445,98671.25,-0.115393996,0.110297434,0.0048337583,74.375,31.5,0.15962863
2025-11-15 22:30:00,286.45575,99423.13,98677.25,0.24314988,0.36295536,0.0048344824,74.375,31.5,0.4368735
2025-11-15 23:30:00,285.6826,99429.85,98681.02,0.4354043,0.4952697,0.004840967,74.375,31.5,0.659446
2025-11-16 00:30:00,285.07132,99448.54,98709.81,0.86422825,0.25234628,0.0048210463,74.375,31.5,0.9003161
2025-11-16 01:30:00,284.08627,99503.484,98755.95,1.4190698,-0.012546191,0.0048360215,74.375,31.5,1.4191252
2025-11-16 02:30:00,284.1568,99573.13,98821.5,1.6165247,-0.027080879,0.00526179,74.375,31.5,1.6167516
2025-11-16 03:30:00,286.84442,99649.305,98898.234,1.7458692,0.15775466,0.005607121,74.375,31.5,1.752982
2025-11-16 04:30:00,289.00305,99705.28,98951.33,1.2456315,0.5959343,0.005707236,74.375,31.5,1.3808459
2025-11-16 05:30:00,292.20544,99715.27,96665.66,0.5655645,1.088465,0.0063215895,74.375,31.5,1.2266293
2025-11-16 06:30:00,296.65808,99657.97,89235.91,-0.05133736,2.7186515,0.0054833796,74.375,31.5,2.7191362
2025-11-16 07:30:00,298.26685,99567.53,87046.31,-0.64499605,3.22092,0.0051952386,74.375,31.5,3.284866
2025-11-16 08:30:00,298.78918,99464.82,87042.8,-0.86845696,3.2250519,0.0052007353,74.375,31.5,3.3399367
2025-11-16 09:30:00,298.47507,99399.984,87843.45,-0.7824662,2.8359146,0.0055401614,74.375,31.5,2.9418812
2025-11-16 10:30:00,297.34302,99357.29,93507.75,-0.6769875,2.1832185,0.0064743017,74.375,31.5,2.2857723
2025-11-16 11:30:00,294.00928,99350.32,98596.27,-0.9426855,1.8749784,0.008000501,74.375,31.5,2.0986185
2025-11-16 12:30:00,292.00418,99368.71,98624.7,-1.3222294,1.8581251,0.0060904087,74.375,31.5,2.2805524
2025-11-16 13:30:00,291.26215,99426.05,98686.15,-1.4854927,1.5928903,0.005747687,74.375,31.5,2.1780698
2025-11-16 14:30:00,290.84924,99463.305,98719.17,-1.4632163,1.3115145,0.0054983287,74.375,31.5,1.964961
2025-11-16 15:30:00,290.40762,99487.484,98732.94,-1.3195053,1.2296329,0.0053465697,74.375,31.5,1.8036329
2025-11-16 16:30:00,289.98047,99480.41,98733.414,-1.0920426,1.1685075,0.0052119982,74.375,31.5,1.5993645
2025-11-16 17:30:00,289.95197,99452.0,98700.555,-0.7520536,0.98986095,0.0049971943,74.375,31.5,1.243145
2025-11-16 18:30:00,289.51068,99412.65,98666.79,-0.32278866,0.8018723,0.0048751063,74.375,31.5,0.86440253
2025-11-16 19:30:00,288.92386,99364.41,98617.06,0.087640524,0.81114006,0.004761416,74.375,31.5,0.8158609
2025-11-16 20:30:00,287.84485,99331.64,98589.7,0.25813955,1.0537248,0.0046989177,74.375,31.5,1.0848833
2025-11-16 21:30:00,286.97092,99305.945,98555.47,0.18166053,1.2656678,0.004661318,74.375,31.5,1.2786381
2025-11-16 22:30:00,286.13464,99312.46,98563.36,-0.103479266,1.4090389,0.004642803,74.375,31.5,1.4128336
2025-11-16 23:30:00,285.43353,99328.59,98586.61,-0.37023494,1.4641061,0.0045751166,74.375,31.5,1.5101923
2025-11-17 00:30:00,285.27087,99337.516,98586.984,-0.15147775,1.191774,0.0044620717,74.375,31.5,1.201362
2025-11-17 01:30:00,284.95892,99369.914,98626.875,0.2983724,0.9780149,0.004387641,74.375,31.5,1.0225161
2025-11-17 02:30:00,285.19144,99427.56,98690.85,0.58933026,1.0395842,0.0047830585,74.375,31.5,1.1950085
2025-11-17 03:30:00,287.43762,99479.05,98743.68,0.9855746,1.2369285,0.005253738,74.375,31.5,1.5815654
2025-11-17 04:30:00,289.5332,99509.484,98770.984,1.2413375,1.2811217,0.005276459,74.375,31.5,1.7838699
2025-11-17 05:30:00,292.629,99488.445,97093.734,1.253499,1.158423,0.0058775716,74.375,31.5,1.706811
2025-11-17 06:30:00,296.58942,99422.87,90374.63,0.55954516,2.4167173,0.005086861,74.375,31.5,2.4806478
2025-11-17 07:30:00,298.03687,99356.26,89374.81,0.036371782,2.6615345,0.004920009,74.375,31.5,2.661783
2025-11-17 08:30:00,298.55728,99289.65,88858.45,-0.21730776,2.4689295,0.0049802256,74.375,31.5,2.4784744
2025-11-17 09:30:00,298.3534,99245.47,89224.51,-0.3886208,1.9735048,0.0052968785,74.375,31.5,2.0114043
2025-11-17 10:30:00,297.14276,99210.28,96338.375,-0.49875093,1.2636344,0.0072835996,74.375,31.5,1.3585008
2025-11-17 11:30:00,295.56583,99199.52,98452.78,-0.7609695,0.6184232,0.0062629725,74.375,31.5,0.9805722
2025-11-17 12:30:00,294.20624,99234.875,98487.45,-0.84628546,-0.090714335,0.004979238,74.375,31.5,0.85113347
2025-11-17 13:30:00,293.19513,99301.49,98559.26,-0.7757882,-0.7792584,0.004843631,74.375,31.5,1.0995867
2025-11-17 14:30:00,291.69476,99355.04,98617.22,-0.6118332,-1.3461626,0.005072055,74.375,31.5,1.4786797
2025-11-17 15:30:00,290.18283,99389.0,98635.65,-0.28444028,-1.8807544,0.0052315756,74.375,31.5,1.9021417
2025-11-17 16:30:00,288.84485,99406.37,98660.75,0.22256935,-2.2531438,0.0053396584,74.375,31.5,2.26411
2025-11-17 17:30:00,287.657,99407.445,98668.17,0.8079388,-2.3689892,0.0053906594,74.375,31.5,2.5029733
2025-11-17 18:30:00,286.64474,99392.016,98646.86,1.3607109,-2.2310755,0.005359821,74.375,31.5,2.6132798
2025-11-17 19:30:00,285.93533,99375.44,98624.55,1.7249084,-1.9398035,0.0053158985,74.375,31.5,2.595794
2025-11-17 20:30:00,285.47046,99357.62,98614.516,1.8490512,-1.626692,0.0052493564,74.375,31.5,2.462746
2025-11-17 21:30:00,285.05844,99337.8,98595.09,1.7940593,-1.4576135,0.0051811654,74.375,31.5,2.311555
2025-11-17 22:30:00,284.63702,99324.914,98576.03,1.6682363,-1.3973396,0.0051325103,74.375,31.5,2.1761365
2025-11-17 23:30:00,284.33276,99332.75,98589.516,1.515594,-1.2875795,0.005084211,74.375,31.5,1.9886897
2025-11-18 00:30:00,284.08868,99361.47,98614.25,1.323798,-1.1800815,0.005028591,74.375,31.5,1.7734241
2025-11-18 01:30:00,283.82874,99408.72,98659.375,1.1091439,-1.0820644,0.004985291,74.375,31.5,1.5495365
2025-11-18 02:30:00,284.24762,99456.836,98714.13,0.89411074,-0.9132248,0.0052356226,74.375,31.5,1.2780507
2025-11-18 03:30:00,286.21088,99484.13,98747.875,0.7102456,-0.661659,0.00578923,74.375,31.5,0.9706912
2025-11-18 04:30:00,287.92972,99496.62,98744.484,0.36594513,-0.2542644,0.0056108283,74.375,31.5,0.4456077
2025-11-18 05:30:00,290.4682,99456.01,98716.72,-0.06757331,0.24810097,0.006174112,74.375,31.5,0.25713858
2025-11-18 06:30:00,293.79987,99372.63,95603.2,-0.54721403,1.0195687,0.0062540877,74.375,31.5,1.157136
2025-11-18 07:30:00,296.5078,99253.51,90573.3,-1.2204686,1.8886305,0.005681302,74.375,31.5,2.2486594
2025-11-18 08:30:00,297.5357,99152.08,89745.63,-1.7495373,2.2995963,0.005458761,74.375,31.5,2.8894677
2025-11-18 09:30:00,297.27145,99074.3,90762.89,-1.6784611,1.9953436,0.00582035,74.375,31.5,2.6074178
2025-11-18 10:30:00,295.70682,99025.26,97206.07,-1.2248635,1.2790273,0.00825505,74.375,31.5,1.7709324
2025-11-18 11:30:00,293.64728,99010.64,98275.266,-1.3044225,1.0567033,0.0071797823,74.375,31.5,1.6787317
2025-11-18 12:30:00,292.48267,99031.664,98291.27,-1.2671949,0.7435702,0.005792802,74.375,31.5,1.4692445
2025-11-18 13:30:00,292.1237,99067.32,98325.945,-1.1667383,0.36174846,0.0054606893,74.375,31.5,1.2215319
2025-11-18 14:30:00,291.511,99096.11,98350.53,-0.9278948,-0.023881555,0.0053033927,74.375,31.5,0.92820203
2025-11-18 15:30:00,291.0277,99114.3,98375.16,-0.6599334,-0.3722719,0.0051907194,74.375,31.5,0.7576928
2025-11-18 16:30:00,290.27066,99106.836,98365.41,-0.39193547,-0.59411705,0.0051500597,74.375,31.5,0.71175027
2025-11-18 17:30:00,289.6508,99084.0,98334.55,-0.14727664,-0.7303667,0.005082883,74.375,31.5,0.7450678
2025-11-18 18:30:00,289.12866,99052.43,98307.42,0.06863916,-0.7059444,0.0050339117,74.375,31.5,0.70927346
2025-11-18 19:30:00,288.46603,99036.13,98298.06,0.24267054,-0.5265836,0.005028523,74.375,31.5,0.5798097
2025-11-18 20:30:00,287.85767,99029.14,98293.98,0.37410188,-0.3539192,0.004997934,74.375,31.5,0.5149864
2025-11-18 21:30:00,287.30826,99021.94,98278.484,0.44223583,-0.14510942,0.004984314,74.375,31.5,0.4654345
2025-11-18 22:30:00,286.77438,99022.6,98284.09,0.50158334,0.012608707,0.0049941405,74.375,31.5,0.50174177
2025-11-18 23:30:00,286.2279,99054.93,98309.84,0.53857684,0.033135347,0.005011895,74.375,31.5,0.5395952
2025-11-19 00:30:00,285.75003,99112.94,98368.25,0.6220696,-0.104102924,0.0050453357,74.375,31.5,0.6307202
2025-11-19 01:30:00,284.99542,99201.25,98450.17,0.7930759,-0.38486475,0.005123221,74.375,31.5,0.88152725
2025-11-19 02:30:00,284.4679,99294.34,98549.164,1.0082378,-0.6574458,0.0054657054,74.375,31.5,1.2036521
2025-11-19 03:30:00,286.243,99373.4,98623.98,1.3459282,-0.8888968,0.006134244,74.375,31.5,1.6129663
2025-11-19 04:30:00,288.1474,99432.06,98691.16,1.4492921,-0.94035864,0.0062156813,74.375,31.5,1.7276347
2025-11-19 05:30:00,290.9698,99436.84,98075.86,1.3170099,-0.77563304,0.0066991225,74.375,31.5,1.5284377
2025-11-19 06:30:00,294.89505,99383.32,89197.03,1.345361,-0.0910331,0.0059025604,74.375,31.5,1.3484373
2025-11-19 07:30:00,297.17773,99300.11,85119.58,0.89360476,0.31142724,0.0052140104,74.375,31.5,0.94631726
2025-11-19 08:30:00,297.79077,99219.875,84732.79,0.4875337,0.22452259,0.005145536,74.375,31.5,0.536749
2025-11-19 09:30:00,297.60748,99176.34,85010.04,0.19682592,-0.0027055144,0.005357585,74.375,31.5,0.19684452
2025-11-19 10:30:00,296.8192,99146.266,89110.516,-0.049540043,-0.24828279,0.0061029294,74.375,31.5,0.25317693
2025-11-19 11:30:00,295.24106,99140.22,98392.7,-0.39248484,-0.4920628,0.0062050717,74.375,31.5,0.6294205
2025-11-19 12:30:00,293.5093,99161.45,98413.38,-0.6594203,-0.7017963,0.005340926,74.375,31.5,0.9629918
2025-11-19 13:30:00,292.36197,99209.34,98469.86,-0.7911221,-0.82166535,0.0053488757,74.375,31.5,1.1406174
2025-11-19 14:30:00,291.4973,99240.23,98488.25,-0.86295,-0.9717592,0.0053574536,74.375,31.5,1.2996148
2025-11-19 15:30:00,290.56854,99257.164,98507.6,-0.9832696,-1.1742578,0.0054318993,74.375,31.5,1.5315679
2025-11-19 16:30:00,289.58978,99257.12,98518.375,-1.1789815,-1.3985003,0.0055110613,74.375,31.5,1.829153
2025-11-19 17:30:00,288.37915,99245.98,98511.0,-1.3492305,-1.6270722,0.0056319847,74.375,31.5,2.113714
2025-11-19 18:30:00,287.3976,99223.45,98481.14,-1.4233118,-1.7670676,0.0057299393,74.375,31.5,2.2689965
2025-11-19 19:30:00,286.8677,99189.38,98448.19,-1.3540256,-1.7382193,0.0057775676,74.375,31.5,2.2033591
2025-11-19 20:30:00,286.8057,99171.57,98438.3,-1.1734425,-1.4783275,0.0057650674,74.375,31.5,1.8874372
2025-11-19 21:30:00,286.9414,99163.734,98422.94,-0.90323216,-1.0232933,0.0057016267,74.375,31.5,1.3649019
2025-11-19 22:30:00,287.01352,99149.39,98398.875,-0.5856219,-0.4899798,0.0056278156,74.375,31.5,0.76356614
2025-11-19 23:30:00,286.78003,99148.16,98405.55,-0.31353945,0.04344058,0.0055682734,74.375,31.5,0.31653446
2025-11-20 00:30:00,286.22748,99182.52,98429.9,-0.119820476,0.4290594,0.005537316,74.375,31.5,0.44547603
2025-11-20 01:30:00,285.64978,99240.17,98499.41,-0.0044288635,0.6366739,0.0055130934,74.375,31.5,0.6366893
2025-11-20 02:30:00,285.55908,99300.16,98553.16,0.030110002,0.66999775,0.0056883143,74.375,31.5,0.67067397
2025-11-20 03:30:00,286.984,99359.805,98614.39,-0.062425017,0.68837285,0.006172236,74.375,31.5,0.6911976
2025-11-20 04:30:00,288.6898,99395.24,98657.625,-0.18258888,0.5602682,0.006208255,74.375,31.5,0.58927006
2025-11-20 05:30:00,291.77057,99398.43,94504.81,-0.3778309,0.5822187,0.006593362,74.375,31.5,0.6940712
2025-11-20 06:30:00,295.91,99348.89,87886.375,-0.91412413,1.087643,0.006008437,74.375,31.5,1.420771
2025-11-20 07:30:00,297.1204,99266.95,86255.484,-0.93243957,0.9231466,0.0060331076,74.375,31.5,1.312114
2025-11-20 08:30:00,297.58514,99186.805,86339.766,-0.8295239,0.8705982,0.0061149397,74.375,31.5,1.2025187
2025-11-20 09:30:00,297.44766,99145.945,86397.484,-0.72691435,0.9188051,0.0062290016,74.375,31.5,1.1715833
2025-11-20 10:30:00,296.68817,99132.64,89934.59,-0.660557,0.85035014,0.0067757424,74.375,31.5,1.0767688
2025-11-20 11:30:00,294.68567,99129.22,98383.36,-0.76313794,0.6441395,0.007547592,74.375,31.5,0.99864674
2025-11-20 12:30:00,293.24066,99163.09,98411.41,-0.9354705,0.47563148,0.0063780346,74.375,31.5,1.0494429
2025-11-20 13:30:00,292.50262,99217.79,98479.65,-0.99838245,0.27835095,0.006226648,74.375,31.5,1.0364587
2025-11-20 14:30:00,292.01733,99265.01,98516.67,-1.0061218,0.06761277,0.006088925,74.375,31.5,1.008391
2025-11-20 15:30:00,291.53302,99291.91,98553.92,-0.9665415,-0.23793948,0.0059779007,74.375,31.5,0.9953983
2025-11-20 16:30:00,290.95444,99304.62,98561.92,-0.87163675,-0.65123785,0.005916589,74.375,31.5,1.088054
2025-11-20 17:30:00,290.1147,99290.625,98536.17,-0.7144343,-1.0588562,0.0058829975,74.375,31.5,1.2773383
2025-11-20 18:30:00,289.30927,99259.54,98512.39,-0.5263975,-1.3000376,0.005916562,74.375,31.5,1.4025663
2025-11-20 19:30:00,288.74835,99234.3,98482.984,-0.38745007,-1.3111284,0.0059340955,74.375,31.5,1.3671778
2025-11-20 20:30:00,288.43512,99231.95,98480.05,-0.34803945,-1.1088471,0.0059160325,74.375,31.5,1.1621847
2025-11-20 21:30:00,287.952,99237.06,98487.375,-0.40177777,-0.8254151,0.005914628,74.375,31.5,0.91800624
2025-11-20 22:30:00,287.36505,99246.47,98512.86,-0.45544878,-0.59915376,0.0059298463,74.375,31.5,0.752608
2025-11-20 23:30:00,286.81064,99268.984,98523.94,-0.44624957,-0.41961363,0.005940258,74.375,31.5,0.6125474
2025-11-21 00:30:00,286.38455,99311.76,98562.17,-0.33445686,-0.30453926,0.0059359046,74.375,31.5,0.45233345
2025-11-21 01:30:00,286.0485,99372.766,98624.32,-0.083064914,-0.24507716,0.0059401183,74.375,31.5,0.2587713
2025-11-21 02:30:00,286.12872,99439.34,98694.67,0.22053123,-0.19335431,0.006093588,74.375,31.5,0.2932915
2025-11-21 03:30:00,287.44244,99508.47,98764.445,0.41305077,-0.12042701,0.006610054,74.375,31.5,0.4302483
2025-11-21 04:30:00,289.14258,99562.5,98808.64,0.37851322,0.0005765557,0.0066973483,74.375,31.5,0.37851363
2025-11-21 05:30:00,292.13812,99578.336,93544.23,0.1086818,0.3049553,0.00711132,74.375,31.5,0.3237429
2025-11-21 06:30:00,295.98355,99538.47,84964.47,-0.49876368,1.0170883,0.006769414,74.375,31.5,1.1327991
2025-11-21 07:30:00,297.07068,99460.48,84000.11,-0.82687545,1.0782025,0.006811649,74.375,31.5,1.3587655
2025-11-21 08:30:00,297.42114,99390.695,83697.58,-1.0792155,1.0675025,0.006906273,74.375,31.5,1.5179814
2025-11-21 09:30:00,297.11752,99343.62,84660.445,-1.2917771,0.9312191,0.007100896,74.375,31.5,1.5924375
2025-11-21 10:30:00,296.18903,99311.04,91879.83,-1.217437,0.6669352,0.008036693,74.375,31.5,1.3881482
2025-11-21 11:30:00,293.90784,99300.73,98556.4,-1.3707616,0.6004697,0.00863748,74.375,31.5,1.496513
2025-11-21 12:30:00,292.28397,99315.71,98578.09,-1.5756204,0.72607434,0.007415667,74.375,31.5,1.7348671
2025-11-21 13:30:00,291.34225,99358.94,98619.97,-1.6332613,0.9232863,0.007239585,74.375,31.5,1.8761663
2025-11-21 14:30:00,290.43524,99393.88,98644.45,-1.668019,1.1801476,0.0071343747,74.375,31.5,2.0432904
2025-11-21 15:30:00,289.48627,99409.13,98667.484,-1.727492,1.4001436,0.007046159,74.375,31.5,2.2236526
2025-11-21 16:30:00,288.5295,99407.375,98655.56,-1.8676264,1.4851813,0.00695051,74.375,31.5,2.3861668
2025-11-21 17:30:00,287.59293,99391.37,98641.25,-2.0709667,1.4276495,0.0068417084,74.375,31.5,2.5153701
2025-11-21 18:30:00,286.6753,99361.984,98618.35,-2.2798219,1.3050348,0.0067365672,74.375,31.5,2.626919
2025-11-21 19:30:00,285.85168,99333.91,98594.195,-2.4538572,1.1381638,0.006635002,74.375,31.5,2.7049644
2025-11-21 20:30:00,285.22208,99306.52,98559.08,-2.5092807,1.004063,0.006544873,74.375,31.5,2.7027082
2025-11-21 21:30:00,284.92108,99282.62,98541.29,-2.3554695,0.9038569,0.0064568766,74.375,31.5,2.5229335
2025-11-21 22:30:00,284.9208,99246.09,98496.08,-2.0220375,0.8877157,0.0063647353,74.375,31.5,2.2083194
2025-11-21 23:30:00,284.9516,99213.31,98472.11,-1.5999737,1.0605218,0.006281645,74.375,31.5,1.919537
2025-11-22 00:30:00,284.75534,99207.29,98466.07,-1.1623868,1.3687022,0.0062017213,74.375,31.5,1.7956861
2025-11-22 01:30:00,284.23257,99224.08,98489.66,-0.7881239,1.7263157,0.006121064,74.375,31.5,1.8977106
2025-11-22 02:30:00,284.43085,99258.04,98513.586,-0.48828286,1.9136876,0.006422833,74.375,31.5,1.9749988
2025-11-22 03:30:00,287.26483,99300.76,98550.484,-0.46843177,2.5266511,0.0065439255,74.375,31.5,2.5697072
2025-11-22 04:30:00,289.3678,99333.14,98588.16,-0.2753538,2.3281784,0.00674751,74.375,31.5,2.344405
2025-11-22 05:30:00,292.80475,99338.0,93938.09,-0.3742098,2.4761481,0.007058635,74.375,31.5,2.5042648
2025-11-22 06:30:00,296.28796,99297.93,87414.06,-1.1590742,3.3648703,0.0064254156,74.375,31.5,3.5589051
2025-11-22 07:30:00,297.2355,99219.11,85811.19,-1.3466779,3.1066775,0.006353403,74.375,31.5,3.3859987
2025-11-22 08:30:00,297.51776,99149.5,85034.97,-1.4587932,2.7881072,0.0062618484,74.375,31.5,3.1466837
2025-11-22 09:30:00,296.96695,99100.94,86128.89,-1.433945,2.3449738,0.0064267037,74.375,31.5,2.7486544
2025-11-22 10:30:00,295.617,99076.98,95240.72,-1.1392717,1.6901139,0.0077191577,74.375,31.5,2.0382407
2025-11-22 11:30:00,292.70547,99073.86,98332.29,-1.2133217,1.6508236,0.008132773,74.375,31.5,2.048748
2025-11-22 12:30:00,290.9885,99098.94,98345.54,-1.3205025,1.7680005,0.006649138,74.375,31.5,2.2067063
2025-11-22 13:30:00,290.1791,99136.68,98399.516,-1.3127517,1.7820108,0.0063180113,74.375,31.5,2.2133412
2025-11-22 14:30:00,289.52203,99182.76,98432.65,-1.3268057,1.7499955,0.0060556126,74.375,31.5,2.1961098
2025-11-22 15:30:00,288.92258,99199.06,98464.375,-1.4035294,1.6318004,0.005828485,74.375,31.5,2.1523633
2025-11-22 16:30:00,288.29843,99199.42,98461.12,-1.527989,1.4333342,0.0056429207,74.375,31.5,2.095041
2025-11-22 17:30:00,287.72977,99193.51,98449.625,-1.6243514,1.1549549,0.0054876446,74.375,31.5,1.9930977
2025-11-22 18:30:00,287.24118,99171.23,98434.58,-1.5971205,0.9465418,0.0053499835,74.375,31.5,1.8565385
2025-11-22 19:30:00,286.82697,99155.516,98411.28,-1.40691,0.9049286,0.0052205804,74.375,31.5,1.6728095
2025-11-22 20:30:00,286.36914,99142.87,98394.734,-1.1142712,0.9917355,0.0051072226,74.375,31.5,1.4916902
2025-11-22 21:30:00,286.10892,99131.86,98388.11,-0.9206131,1.0094476,0.0050078044,74.375,31.5,1.3662039
2025-11-22 22:30:00,285.86322,99133.92,98389.375,-0.85012555,0.8659712,0.0049268934,74.375,31.5,1.2135154
2025-11-22 23:30:00,285.54565,99150.16,98410.25,-0.8570961,0.6020186,0.004861116,74.375,31.5,1.0473968
2025-11-23 00:30:00,285.09454,99200.64,98464.766,-0.85619545,0.26078683,0.0048412723,74.375,31.5,0.895031
2025-11-23 01:30:00,285.0327,99269.266,98520.16,-0.78196084,-0.03034243,0.0048068445,74.375,31.5,0.7825493
2025-11-23 02:30:00,285.3926,99331.836,98585.68,-0.60180974,-0.1879136,0.004938342,74.375,31.5,0.63046527
2025-11-23 03:30:00,286.82355,99384.78,98633.09,-0.32029885,-0.12268716,0.0055562053,74.375,31.5,0.34299198
2025-11-23 04:30:00,288.36472,99419.305,98662.2,-0.014888525,0.15882516,0.0054444317,74.375,31.5,0.15952146
2025-11-23 05:30:00,290.7267,99416.38,98662.36,0.110934645,0.5170405,0.0059880363,74.375,31.5,0.52880746
2025-11-23 06:30:00,294.33356,99361.59,89395.34,-0.42504826,1.6200502,0.005802695,74.375,31.5,1.6748817
2025-11-23 07:30:00,296.13992,99281.63,87201.44,-0.9574102,2.261084,0.005260702,74.375,31.5,2.4554298
2025-11-23 08:30:00,296.47678,99213.75,86632.47,-1.3001399,2.3251243,0.0051889853,74.375,31.5,2.6639383
2025-11-23 09:30:00,296.14313,99174.47,87204.875,-1.4841521,2.1676564,0.0053699045,74.375,31.5,2.6270595
2025-11-23 10:30:00,294.87262,99158.43,94159.71,-1.2607461,1.542386,0.0065263766,74.375,31.5,1.9920932
2025-11-23 11:30:00,292.01947,99160.62,98424.0,-1.377545,1.2534975,0.007224656,74.375,31.5,1.8624946
2025-11-23 12:30:00,290.57593,99181.875,98430.516,-1.5076337,1.0633857,0.0056929206,74.375,31.5,1.844925
2025-11-23 13:30:00,289.99664,99203.02,98456.375,-1.439911,0.82806575,0.005416333,74.375,31.5,1.6610348
2025-11-23 14:30:00,289.38263,99222.97,98472.89,-1.3090651,0.70490444,0.005252404,74.375,31.5,1.4867891
2025-11-23 15:30:00,288.73953,99239.63,98490.766,-1.281075,0.6425068,0.0051230453,74.375,31.5,1.4331672
2025-11-23 16:30:00,288.07028,99240.4,98489.76,-1.3592758,0.5761311,0.005038508,74.375,31.5,1.4763325
2025-11-23 17:30:00,287.5159,99221.82,98487.44,-1.3944249,0.54605,0.004963237,74.375,31.5,1.4975284
2025-11-23 18:30:00,287.26154,99207.62,98462.19,-1.3305638,0.61813074,0.0048649916,74.375,31.5,1.4671352
2025-11-23 19:30:00,286.93768,99194.54,98456.734,-1.1566585,0.815367,0.004793497,74.375,31.5,1.4151615
2025-11-23 20:30:00,286.41467,99194.54,98452.58,-0.91835314,1.0685236,0.00474923,74.375,31.5,1.4089411
2025-11-23 21:30:00,285.8593,99192.85,98443.2,-0.66416556,1.2608076,0.004706298,74.375,31.5,1.4250444
2025-11-23 22:30:00,285.33112,99186.54,98449.86,-0.41895586,1.319771,0.004665099,74.375,31.5,1.3846731
2025-11-23 23:30:00,284.8894,99202.92,98456.29,-0.19599378,1.2556195,0.004623642,74.375,31.5,1.2708241
2025-11-24 00:30:00,284.61578,99247.47,98502.89,0.036569536,1.1044168,0.004583459,74.375,31.5,1.1050221
2025-11-24 01:30:00,283.80676,99312.62,98561.03,0.30181193,0.9327768,0.004583268,74.375,31.5,0.98038924
2025-11-24 02:30:00,284.1023,99389.43,98646.34,0.60754025,0.86613256,0.0047954777,74.375,31.5,1.0579654
2025-11-24 03:30:00,286.08115,99466.86,98714.09,0.8882494,0.9402089,0.0053920145,74.375,31.5,1.2934372
2025-11-24 04:30:00,288.05466,99531.516,98775.984,0.9285003,0.999981,0.00535189,74.375,31.5,1.3645786
2025-11-24 05:30:00,291.22037,99548.13,95356.625,0.702263,1.2631688,0.005786677,74.375,31.5,1.4452573
2025-11-24 06:30:00,295.16083,99507.21,86807.875,0.12430143,2.4188747,0.005237373,74.375,31.5,2.4220665
2025-11-24 07:30:00,296.42426,99441.39,85063.35,-0.35782468,2.7093701,0.0050028698,74.375,31.5,2.7328968
2025-11-24 08:30:00,296.80548,99373.055,84020.016,-0.76551926,2.8474526,0.0049187336,74.375,31.5,2.94856
2025-11-24 09:30:00,296.49692,99328.54,84365.19,-1.0608894,2.714611,0.0050362647,74.375,31.5,2.9145496
2025-11-24 10:30:00,295.29077,99300.91,93516.16,-1.0721167,1.9135706,0.006254463,74.375,31.5,2.1934419
2025-11-24 11:30:00,292.07416,99291.375,98546.63,-1.4484763,1.5215731,0.007139198,74.375,31.5,2.1007779
2025-11-24 12:30:00,290.19876,99303.02,98559.67,-1.8413935,1.310579,0.005617597,74.375,31.5,2.2601652
2025-11-24 13:30:00,289.41193,99331.03,98596.89,-1.9818385,1.0357481,0.005363625,74.375,31.5,2.2361703
2025-11-24 14:30:00,288.89484,99368.48,98613.766,-1.9870052,0.8127176,0.0051718364,74.375,31.5,2.1467884
2025-11-24 15:30:00,288.37527,99389.04,98651.0,-1.9501677,0.65769947,0.0050156205,74.375,31.5,2.058087
2025-11-24 16:30:00,287.8343,99403.16,98653.12,-1.8707676,0.5102534,0.004895828,74.375,31.5,1.9391054
2025-11-24 17:30:00,287.31006,99413.77,98663.16,-1.6792915,0.36519527,0.0047959434,74.375,31.5,1.7185422
2025-11-24 18:30:00,287.02118,99414.15,98667.86,-1.4055679,0.27484894,0.0046952153,74.375,31.5,1.4321882
2025-11-24 19:30:00,286.59897,99409.65,98660.59,-1.091269,0.29789352,0.0046210783,74.375,31.5,1.1311978
2025-11-24 20:30:00,286.06635,99408.305,98663.41,-0.7579951,0.4955213,0.004573718,74.375,31.5,0.90559256
2025-11-24 21:30:00,285.60486,99397.93,98656.8,-0.43540812,0.7469127,0.0045448355,74.375,31.5,0.864557
2025-11-24 22:30:00,284.9749,99382.93,98643.28,-0.18162549,0.9723394,0.0045141676,74.375,31.5,0.9891571
2025-11-24 23:30:00,284.26965,99384.27,98633.92,-0.04883957,1.1961193,0.004481678,74.375,31.5,1.197116
2025-11-25 00:30:00,283.43365,99398.11,98648.47,-0.018970966,1.3613081,0.004464373,74.375,31.5,1.3614403
2025-11-25 01:30:00,282.83002,99443.1,98700.71,-0.030161679,1.4732332,0.0044375,74.375,31.5,1.473542
2025-11-25 02:30:00,282.9904,99486.6,98748.734,-0.04751867,1.5001678,0.004664816,74.375,31.5,1.5009203
2025-11-25 03:30:00,285.2695,99532.71,98782.99,-0.045514047,1.6486769,0.0051111,74.375,31.5,1.649305
2025-11-25 04:30:00,287.28455,99570.945,98821.44,0.073314905,1.7005575,0.0050671445,74.375,31.5,1.7021371
2025-11-25 05:30:00,290.34686,99552.75,96360.61,0.022877038,1.8463776,0.0055001,74.375,31.5,1.8465194
2025-11-25 06:30:00,294.61887,99487.98,88171.55,-1.0742841,2.9948003,0.0048991647,74.375,31.5,3.181653
2025-11-25 07:30:00,295.95416,99386.945,86480.66,-1.3373393,3.2317805,0.0047398955,74.375,31.5,3.4975536
2025-11-25 08:30:00,296.30905,99285.28,85991.09,-1.5303063,3.2008514,0.00470866,74.375,31.5,3.5478568
2025-11-25 09:30:00,295.99948,99214.9,86581.94,-1.602517,2.9594736,0.004813052,74.375,31.5,3.3654933
2025-11-25 10:30:00,294.81116,99169.93,92903.19,-1.2192451,2.1447606,0.0057454184,74.375,31.5,2.4670947
2025-11-25 11:30:00,291.46912,99155.664,98413.06,-0.9974948,1.8854282,0.006990654,74.375,31.5,2.1330342
2025-11-25 12:30:00,289.64893,99164.6,98418.67,-0.9250393,2.0672097,0.005466486,74.375,31.5,2.2647414
2025-11-25 13:30:00,288.87866,99182.125,98444.78,-0.8012762,2.110887,0.0052012517,74.375,31.5,2.2578502
2025-11-25 14:30:00,288.15387,99210.64,98472.8,-0.74460113,2.1529188,0.0050104773,74.375,31.5,2.2780452
2025-11-25 15:30:00,287.35126,99219.46,98476.31,-0.7437103,2.20756,0.004861674,74.375,31.5,2.3294692
2025-11-25 16:30:00,286.44012,99218.08,98469.805,-0.73909515,2.3048053,0.0047527943,74.375,31.5,2.420411
2025-11-25 17:30:00,285.50958,99199.02,98451.26,-0.72929865,2.3960972,0.004651669,74.375,31.5,2.5046272
2025-11-25 18:30:00,284.6864,99176.15,98427.03,-0.77492005,2.4106827,0.004548797,74.375,31.5,2.5321715
2025-11-25 19:30:00,283.97394,99146.32,98398.06,-0.87966454,2.345479,0.0044479477,74.375,31.5,2.5050113
2025-11-25 20:30:00,283.3926,99137.24,98395.305,-1.0240917,2.201181,0.004351137,74.375,31.5,2.4277482
2025-11-25 21:30:00,282.94287,99146.44,98408.484,-1.2212393,1.9506361,0.0042635268,74.375,31.5,2.3013923
2025-11-25 22:30:00,282.74158,99155.03,98418.3,-1.3640026,1.5688813,0.004171565,74.375,31.5,2.0789158
2025-11-25 23:30:00,282.7823,99180.375,98437.74,-1.3622202,1.1214926,0.004081574,74.375,31.5,1.76448
2025-11-26 00:30:00,282.87918,99236.234,98486.69,-1.2095209,0.65326744,0.0040107197,74.375,31.5,1.3746634
2025-11-26 01:30:00,283.06058,99303.04,98563.375,-0.93851703,0.26868916,0.003949421,74.375,31.5,0.9762213
2025-11-26 02:30:00,283.77435,99360.94,98616.414,-0.63546705,0.042313218,0.0040159137,74.375,31.5,0.6368742
2025-11-26 03:30:00,285.6283,99417.25,98679.23,-0.34803832,-0.05169177,0.0044791815,74.375,31.5,0.35185608
2025-11-26 04:30:00,287.59348,99469.61,98730.16,0.0041799843,-0.028360724,0.0045019602,74.375,31.5,0.028667105
2025-11-26 05:30:00,290.42615,99493.52,97752.41,0.2714958,0.162386,0.0050646085,74.375,31.5,0.31635293
2025-11-26 06:30:00,294.66534,99469.37,87457.51,0.029960357,1.1604489,0.004568787,74.375,31.5,1.1608356
2025-11-26 07:30:00,296.343,99422.02,86818.3,0.10724234,1.6359204,0.004250206,74.375,31.5,1.6394317
2025-11-26 08:30:00,296.8175,99376.016,86729.984,0.07225628,2.047741,0.004224776,74.375,31.5,2.0490153
2025-11-26 09:30:00,296.47763,99333.99,87583.55,-0.14080943,2.2288432,0.0044457894,74.375,31.5,2.2332866
2025-11-26 10:30:00,295.07416,99308.33,90168.55,-0.39824826,1.8262465,0.0057541514,74.375,31.5,1.8691651
2025-11-26 11:30:00,291.81018,99310.695,93058.67,-0.8484097,1.8139677,0.006391159,74.375,31.5,2.0025678
2025-11-26 12:30:00,289.8188,99341.16,93189.34,-1.3134805,1.7874722,0.0049357684,74.375,31.5,2.2181723
2025-11-26 13:30:00,288.83902,99385.89,93586.19,-1.6792271,1.5113785,0.0047315536,74.375,31.5,2.2592187
2025-11-26 14:30:00,288.04843,99426.93,93676.48,-1.9673986,1.0972036,0.004577011,74.375,31.5,2.2526681
2025-11-26 15:30:00,287.33716,99458.484,94103.08,-2.1437802,0.6408614,0.0044646524,74.375,31.5,2.2375202
2025-11-26 16:30:00,286.6971,99481.75,94122.32,-2.177852,0.22211331,0.0043945247,74.375,31.5,2.1891491
2025-11-26 17:30:00,286.16516,99491.664,94124.08,-2.087713,-0.123797715,0.004336059,74.375,31.5,2.0913804
2025-11-26 18:30:00,285.7121,99497.25,94131.016,-1.9197922,-0.32784063,0.0042891344,74.375,31.5,1.9475836
2025-11-26 19:30:00,285.31332,99475.34,94114.94,-1.7349424,-0.3630291,0.0042497227,74.375,31.5,1.7725167
2025-11-26 20:30:00,284.94983,99467.29,94102.08,-1.5763588,-0.2654717,0.0042178156,74.375,31.5,1.5985563
2025-11-26 21:30:00,284.5774,99464.14,94332.99,-1.436959,-0.15948692,0.0041840025,74.375,31.5,1.4457827
2025-11-26 22:30:00,283.9154,99454.23,94539.36,-1.2834446,-0.12594122,0.0041693626,74.375,31.5,1.289609
2025-11-26 23:30:00,283.40552,99458.22,94548.81,-1.1298181,-0.15475139,0.0041606957,74.375,31.5,1.140367
2025-11-27 00:30:00,283.21625,99489.05,94577.8,-0.9021087,-0.26390117,0.004140856,74.375,31.5,0.939917
2025-11-27 01:30:00,283.06046,99539.19,95147.016,-0.57648444,-0.40896678,0.004136076,74.375,31.5,0.7068155
2025-11-27 02:30:00,283.2155,99596.45,98856.266,-0.16550589,-0.519714,0.0042903405,74.375,31.5,0.5454309
2025-11-27 03:30:00,284.78604,99654.65,98898.48,0.19794345,-0.5938494,0.0047198404,74.375,31.5,0.62597024
2025-11-27 04:30:00,286.54553,99699.11,98942.5,0.26474386,-0.55558205,0.004914084,74.375,31.5,0.6154354
2025-11-27 05:30:00,289.67447,99694.93,95414.195,-0.084364474,-0.4505633,0.005363405,74.375,31.5,0.45839357
2025-11-27 06:30:00,294.1568,99645.695,87720.92,-1.1185316,-0.40538192,0.004615372,74.375,31.5,1.1897258
2025-11-27 07:30:00,295.36255,99557.31,86404.28,-1.4285994,-0.61312497,0.0045673293,74.375,31.5,1.5546119
2025-11-27 08:30:00,295.69827,99466.83,86289.8,-1.4846878,-0.68608475,0.004604885,74.375,31.5,1.6355457
2025-11-27 09:30:00,295.38467,99404.58,87119.58,-1.4586157,-0.6216997,0.0047166604,74.375,31.5,1.5855819
2025-11-27 10:30:00,294.38248,99366.72,92154.33,-1.1605201,-0.3392328,0.0055705537,74.375,31.5,1.2090847
2025-11-27 11:30:00,292.27997,99354.97,98604.21,-1.0564853,0.008458793,0.0060295523,74.375,31.5,1.0565192
2025-11-27 12:30:00,290.5979,99373.34,98630.95,-1.0482224,0.43212005,0.0049912673,74.375,31.5,1.133798
2025-11-27 13:30:00,289.50317,99410.75,98668.19,-1.044955,0.8343847,0.004904958,74.375,31.5,1.3372093
2025-11-27 14:30:00,288.82504,99456.25,98712.66,-1.1656358,1.0278832,0.004792135,74.375,31.5,1.5541077
2025-11-27 15:30:00,288.1148,99487.84,98732.73,-1.3536769,0.9789458,0.004702302,74.375,31.5,1.6705616
2025-11-27 16:30:00,287.35474,99508.766,98751.586,-1.5221376,0.7894258,0.004637259,74.375,31.5,1.7146709
2025-11-27 17:30:00,286.6062,99516.38,98780.375,-1.650344,0.51147383,0.0045836405,74.375,31.5,1.727785
2025-11-27 18:30:00,285.82874,99520.805,98770.43,-1.7318556,0.19793499,0.004560523,74.375,31.5,1.74313
2025-11-27 19:30:00,285.0876,99512.13,98763.266,-1.7462506,-0.06791067,0.00455457,74.375,31.5,1.7475706
2025-11-27 20:30:00,284.461,99500.01,98756.05,-1.70437,-0.213779,0.004550538,74.375,31.5,1.7177248
2025-11-27 21:30:00,283.96735,99467.41,98717.22,-1.602032,-0.23001972,0.0045445957,74.375,31.5,1.6184609
2025-11-27 22:30:00,283.5531,99433.47,97154.17,-1.444458,-0.12648356,0.0045271562,74.375,31.5,1.4499851
2025-11-27 23:30:00,283.2722,99404.5,92166.06,-1.2732407,0.102377474,0.0044902866,74.375,31.5,1.27735
2025-11-28 00:30:00,282.94104,99413.266,92548.06,-1.0870463,0.39668173,0.004441987,74.375,31.5,1.1571629
2025-11-28 01:30:00,282.73083,99469.664,92602.69,-0.88863564,0.73747283,0.004376699,74.375,31.5,1.1547898
2025-11-28 02:30:00,282.9085,99530.78,92654.86,-0.7160707,1.0672908,0.004500335,74.375,31.5,1.2852497
2025-11-28 03:30:00,285.0056,99575.21,92706.76,-0.6930246,1.3226705,0.005034257,74.375,31.5,1.4932314
2025-11-28 04:30:00,287.05545,99606.29,92898.516,-0.6376548,1.2864698,0.0048875483,74.375,31.5,1.4358302
2025-11-28 05:30:00,290.04938,99580.53,92370.805,-0.5764332,1.0189252,0.0052866754,74.375,31.5,1.1706766
2025-11-28 06:30:00,293.65915,99503.03,87961.266,-0.7374092,0.90330845,0.005037076,74.375,31.5,1.1660782
2025-11-28 07:30:00,294.73935,99394.54,87136.2,-0.36501256,0.80745625,0.004989438,74.375,31.5,0.8861263
2025-11-28 08:30:00,295.12018,99287.13,86435.91,-0.07603021,1.0061967,0.0049532745,74.375,31.5,1.0090652
2025-11-28 09:30:00,295.00754,99229.1,86841.57,-0.038106337,1.2112349,0.0049190307,74.375,31.5,1.2118342
2025-11-28 10:30:00,294.25696,99207.4,88582.89,-0.15532163,1.2564937,0.0053692437,74.375,31.5,1.2660574
2025-11-28 11:30:00,291.9066,99216.164,88867.086,-0.37575823,1.2610396,0.006239089,74.375,31.5,1.3158325
2025-11-28 12:30:00,290.06635,99246.8,88887.83,-0.661164,1.4849442,0.0051729926,74.375,31.5,1.6254836
2025-11-28 13:30:00,289.0155,99292.6,88931.11,-0.8794641,1.6055387,0.0050642923,74.375,31.5,1.8306315
2025-11-28 14:30:00,288.19836,99323.92,88952.74,-1.0683236,1.648894,0.004965008,74.375,31.5,1.9647306
2025-11-28 15:30:00,287.63144,99325.586,88946.55,-1.1751692,1.5627077,0.0048332075,74.375,31.5,1.9552692
2025-11-28 16:30:00,287.2177,99299.64,89042.734,-1.1412715,1.4221461,0.0047033867,74.375,31.5,1.8234583
2025-11-28 17:30:00,286.74615,99270.35,89187.734,-0.9996863,1.324131,0.0045946273,74.375,31.5,1.659125
2025-11-28 18:30:00,286.13846,99247.055,89744.71,-0.85531956,1.3033413,0.0045067035,74.375,31.5,1.5589324
2025-11-28 19:30:00,285.38608,99224.13,89811.67,-0.8207526,1.3857238,0.004432009,74.375,31.5,1.6105481
2025-11-28 20:30:00,284.45636,99211.36,90006.86,-0.92124397,1.5572219,0.0043668295,74.375,31.5,1.8093177
2025-11-28 21:30:00,283.2049,99202.02,90028.734,-1.1348089,1.7683043,0.0043131993,74.375,31.5,2.1011167
2025-11-28 22:30:00,282.0455,99200.4,90020.85,-1.4191245,1.8831444,0.0042541153,74.375,31.5,2.3579965
2025-11-28 23:30:00,281.2467,99203.84,90029.54,-1.6944126,1.8060738,0.0041875355,74.375,31.5,2.4764767
2025-11-29 00:30:00,280.89,99242.62,90125.64,-1.8761861,1.5562655,0.0041248,74.375,31.5,2.4376292
2025-11-29 01:30:00,280.91968,99292.836,90647.016,-1.8776823,1.2485795,0.0040849033,74.375,31.5,2.254915
2025-11-29 02:30:00,281.84552,99334.94,90862.3,-1.6673472,0.9359061,0.004371269,74.375,31.5,1.9120584
2025-11-29 03:30:00,285.02692,99377.72,91546.64,-1.4094017,0.7095537,0.004835197,74.375,31.5,1.5779352
2025-11-29 04:30:00,287.315,99406.11,92226.49,-0.77549666,0.53080094,0.004786587,74.375,31.5,0.9397578
2025-11-29 05:30:00,290.64014,99400.664,93594.58,-0.34261167,0.49955192,0.0052754492,74.375,31.5,0.6057515
2025-11-29 06:30:00,294.88794,99332.79,82878.375,-0.86675787,0.27330774,0.004838498,74.375,31.5,0.9088269
2025-11-29 07:30:00,295.99512,99242.03,81423.766,-0.7711941,0.12528095,0.004636276,74.375,31.5,0.7813038
2025-11-29 08:30:00,296.29688,99156.47,80973.88,-0.6860955,0.27842897,0.0045676944,74.375,31.5,0.7404389
2025-11-29 09:30:00,296.01053,99099.484,81648.73,-0.5425345,0.6004667,0.004567737,74.375,31.5,0.8092614
2025-11-29 10:30:00,295.09558,99061.914,86145.06,-0.33716065,0.93030345,0.0049683303,74.375,31.5,0.98951596
2025-11-29 11:30:00,292.7448,99050.086,98304.38,-0.22946483,1.0192366,0.005843748,74.375,31.5,1.0447475
2025-11-29 12:30:00,290.7806,99072.6,98321.2,-0.15526491,1.1738831,0.0047925874,74.375,31.5,1.1841067
2025-11-29 13:30:00,289.80957,99122.42,98371.66,-0.19444296,1.2709936,0.0046473113,74.375,31.5,1.285781
2025-11-29 14:30:00,288.99353,99156.055,98413.7,-0.3474015,1.3103845,0.0045536384,74.375,31.5,1.3556532
2025-11-29 15:30:00,288.3683,99170.23,95976.82,-0.5648539,1.3077842,0.0044773174,74.375,31.5,1.4245559
2025-11-29 16:30:00,287.58624,99166.41,94405.99,-0.75574696,1.3469248,0.004424128,74.375,31.5,1.544461
2025-11-29 17:30:00,286.7699,99142.516,94616.984,-0.8492211,1.4624714,0.004395925,74.375,31.5,1.6911532
2025-11-29 18:30:00,285.82944,99113.77,94810.17,-0.8357247,1.6751618,0.004382085,74.375,31.5,1.8720585
2025-11-29 19:30:00,284.71826,99077.72,95217.586,-0.79368985,1.9542195,0.004374088,74.375,31.5,2.1092458
2025-11-29 20:30:00,283.55615,99051.516,97915.3,-0.8136728,2.2405438,0.004354729,74.375,31.5,2.3837156
2025-11-29 21:30:00,282.5932,99035.734,98297.53,-0.9057853,2.4160895,0.0042992663,74.375,31.5,2.5802975
2025-11-29 22:30:00,281.82074,99039.43,94901.62,-1.0909314,2.4571505,0.004215393,74.375,31.5,2.688442
2025-11-29 23:30:00,281.19928,99041.63,92868.41,-1.3324966,2.3788326,0.0041338666,74.375,31.5,2.726608
2025-11-30 00:30:00,280.81873,99077.97,91064.78,-1.4624945,2.204031,0.0040680715,74.375,31.5,2.6451168
2025-11-30 01:30:00,280.64276,99134.54,90508.95,-1.4182161,2.031619,0.0040208963,74.375,31.5,2.4776628
2025-11-30 02:30:00,281.38538,99190.125,89727.83,-1.2066171,1.8380747,0.004362762,74.375,31.5,2.198737
2025-11-30 03:30:00,284.9187,99246.695,87136.22,-1.1187955,1.9717733,0.0045964844,74.375,31.5,2.2670672
2025-11-30 04:30:00,287.33276,99278.945,87517.5,-0.7972666,1.8283246,0.0046565067,74.375,31.5,1.9945939
2025-11-30 05:30:00,291.0006,99278.04,86978.234,-0.6947453,1.8141679,0.004901118,74.375,31.5,1.9426466
2025-11-30 06:30:00,294.68198,99217.04,83716.91,-1.1932802,2.014423,0.004327222,74.375,31.5,2.3413281
2025-11-30 07:30:00,295.54166,99125.13,82789.055,-1.1061492,1.7196596,0.004409719,74.375,31.5,2.0446992
2025-11-30 08:30:00,295.63977,99043.836,82734.96,-0.9371218,1.8152127,0.0044435556,74.375,31.5,2.0428398
2025-11-30 09:30:00,295.0028,98977.21,84029.44,-0.92134345,1.8602158,0.004652733,74.375,31.5,2.0758798
2025-11-30 10:30:00,293.86462,98935.76,92885.08,-0.67717135,1.5768058,0.0056496086,74.375,31.5,1.7160646
2025-11-30 11:30:00,291.55835,98922.24,98172.914,-0.42140877,1.5698276,0.00676648,74.375,31.5,1.6254058
2025-11-30 12:30:00,290.49506,98935.8,98195.38,-0.24771416,1.6347214,0.005400333,74.375,31.5,1.6533834
2025-11-30 13:30:00,290.057,98965.75,98221.2,-0.009214997,1.5759194,0.0051024435,74.375,31.5,1.5759463
2025-11-30 14:30:00,289.5576,98989.59,98252.516,0.1379801,1.5166211,0.0049062055,74.375,31.5,1.5228848
2025-11-30 15:30:00,289.0409,98998.63,98251.59,0.07243657,1.4637177,0.0047460296,74.375,31.5,1.4655089
2025-11-30 16:30:00,288.53622,98996.26,98251.89,-0.108435154,1.4012325,0.00468902,74.375,31.5,1.4054219
2025-11-30 17:30:00,288.1096,98989.445,98253.79,-0.2312249,1.4133065,0.0046332516,74.375,31.5,1.4320965
2025-11-30 18:30:00,287.48407,98980.68,98232.2,-0.29398894,1.4923975,0.004615486,74.375,31.5,1.5210786
2025-11-30 19:30:00,286.8205,98954.805,98222.484,-0.40865952,1.5655534,0.004574295,74.375,31.5,1.6180112
2025-11-30 20:30:00,286.22165,98952.305,98205.125,-0.45828643,1.5926819,0.004463109,74.375,31.5,1.6573057
2025-11-30 21:30:00,285.82913,98942.414,98200.625,-0.390356,1.5239037,0.0043295138,74.375,31.5,1.5731053
2025-11-30 22:30:00,285.6375,98934.695,98190.47,-0.2203485,1.3500142,0.0041827625,74.375,31.5,1.3678786
2025-11-30 23:30:00,285.5083,98940.92,98196.516,0.034348965,1.109751,0.0040742513,74.375,31.5,1.1102824
2025-12-01 00:30:00,285.45825,98974.15,98242.5,0.36187148,0.8321916,0.003984673,74.375,31.5,0.90746564
2025-12-01 01:30:00,285.1822,99026.734,98281.14,0.7518234,0.5402846,0.0039446363,74.375,31.5,0.9258217
2025-12-01 02:30:00,284.8816,99083.58,98342.625,1.1657177,0.36483133,0.004267272,74.375,31.5,1.2214744
2025-12-01 03:30:00,286.10873,99131.414,98382.16,1.4346596,0.2950468,0.005198275,74.375,31.5,1.4646846
2025-12-01 04:30:00,287.68332,99167.84,98418.3,2.0082517,0.36086452,0.0042606243,74.375,31.5,2.0404162
2025-12-01 05:30:00,290.1434,99158.56,94771.94,1.636801,0.4099977,0.0045167,74.375,31.5,1.6873695
2025-12-01 06:30:00,294.0552,99097.67,84450.74,0.93128765,0.91385937,0.0038829055,74.375,31.5,1.3047742
2025-12-01 07:30:00,295.42825,99018.64,81507.984,0.3726772,0.9040458,0.0038413026,74.375,31.5,0.97784823
2025-12-01 08:30:00,295.78168,98944.74,80797.19,-0.0036796331,0.7177536,0.00388572,74.375,31.5,0.717763
2025-12-01 09:30:00,295.51385,98902.05,81040.2,-0.36187875,0.5940889,0.0039696256,74.375,31.5,0.6956277
2025-12-01 10:30:00,294.53055,98881.51,86410.33,-0.655452,0.3515948,0.004582818,74.375,31.5,0.74379855
2025-12-01 11:30:00,292.38788,98866.5,98123.08,-0.8816198,-0.12203646,0.005258109,74.375,31.5,0.89002603
2025-12-01 12:30:00,290.78314,98879.805,98142.86,-0.93004894,-0.56343603,0.0042280764,74.375,31.5,1.0874057
2025-12-01 13:30:00,289.90652,98911.74,98173.875,-0.6585624,-0.7836462,0.0041669537,74.375,31.5,1.023624
2025-12-01 14:30:00,289.2429,98945.98,98204.125,-0.20368123,-0.76280683,0.0040373756,74.375,31.5,0.7895317
2025-12-01 15:30:00,288.72418,98978.234,98231.17,0.36415076,-0.6983127,0.003934345,74.375,31.5,0.78755724
2025-12-01 16:30:00,287.51132,99004.6,98260.19,0.9540012,-0.6567122,0.004039314,74.375,31.5,1.1581836
2025-12-01 17:30:00,286.45062,99024.2,98277.92,1.4664595,-0.6169941,0.0040794136,74.375,31.5,1.5909699
2025-12-01 18:30:00,285.28394,99034.88,98291.59,1.7640556,-0.64704514,0.0041367617,74.375,31.5,1.8789784
2025-12-01 19:30:00,284.3271,99029.36,98284.22,1.8088455,-0.8415515,0.004152271,74.375,31.5,1.9950266
2025-12-01 20:30:00,283.5083,99026.984,98283.734,1.6882153,-1.1646448,0.004171699,74.375,31.5,2.0509677
2025-12-01 21:30:00,282.81677,99019.44,98268.65,1.455169,-1.477138,0.0042044446,74.375,31.5,2.0735123
2025-12-01 22:30:00,282.16943,99009.984,98272.11,1.2702864,-1.6644977,0.0042506354,74.375,31.5,2.0938435
2025-12-01 23:30:00,281.5738,99008.71,98270.58,1.2796348,-1.667288,0.0043139,74.375,31.5,2.1017408
2025-12-02 00:30:00,281.0427,99035.64,98297.625,1.4574271,-1.5274717,0.004369278,74.375,31.5,2.1112232
2025-12-02 01:30:00,280.55206,99082.04,98339.64,1.6970716,-1.3117447,0.0044075944,74.375,31.5,2.1449304
2025-12-02 02:30:00,280.80914,99151.766,98404.445,1.8124979,-1.004921,0.0046408116,74.375,31.5,2.0724416
2025-12-02 03:30:00,283.8365,99210.45,98460.25,1.9844897,-0.8034781,0.004989159,74.375,31.5,2.1409755
2025-12-02 04:30:00,286.03467,99260.84,98512.39,1.6031545,-0.66908807,0.0050094724,74.375,31.5,1.7371768
2025-12-02 05:30:00,289.5149,99259.88,92370.01,0.9722665,-0.3749835,0.005084082,74.375,31.5,1.0420723
2025-12-02 06:30:00,293.66882,99201.05,80751.95,0.44146892,0.2901014,0.004244223,74.375,31.5,0.5282553
2025-12-02 07:30:00,294.81464,99105.06,78860.03,-0.042018697,0.6793426,0.0041483194,74.375,31.5,0.6806409
2025-12-02 08:30:00,295.07578,99021.14,78801.36,-0.46437776,0.9857317,0.004124953,74.375,31.5,1.0896393
2025-12-02 09:30:00,294.6662,98980.7,79999.08,-0.89461553,1.1162698,0.0041573397,74.375,31.5,1.4305227
2025-12-02 10:30:00,293.54364,98961.28,88941.77,-1.0413529,0.85918105,0.0052882307,74.375,31.5,1.35004
2025-12-02 11:30:00,290.99457,98961.48,98222.06,-1.4395643,0.56198466,0.005740324,74.375,31.5,1.5453712
2025-12-02 12:30:00,289.28613,98986.74,98242.77,-1.7254565,0.24294221,0.0046686637,74.375,31.5,1.7424755
2025-12-02 13:30:00,288.51224,99035.99,98291.9,-1.7561262,-0.10779643,0.004528115,74.375,31.5,1.7594315
2025-12-02 14:30:00,287.997,99083.69,98332.59,-1.6384995,-0.4079106,0.004415876,74.375,31.5,1.6885117
2025-12-02 15:30:00,287.47595,99107.125,98373.125,-1.375281,-0.56927407,0.004326654,74.375,31.5,1.4884458
2025-12-02 16:30:00,287.00766,99131.73,98383.36,-1.0179183,-0.60288155,0.004262012,74.375,31.5,1.183057
2025-12-02 17:30:00,286.80124,99158.54,98409.47,-0.68809617,-0.5943719,0.004177785,74.375,31.5,0.90926033
2025-12-02 18:30:00,286.46243,99182.42,98440.555,-0.4311905,-0.52303576,0.0041491045,74.375,31.5,0.6778582
2025-12-02 19:30:00,285.9535,99204.72,98462.13,-0.24673343,-0.421708,0.0041434504,74.375,31.5,0.4885847
2025-12-02 20:30:00,285.37775,99222.87,98483.39,-0.090447426,-0.35328662,0.004124242,74.375,31.5,0.36468092
2025-12-02 21:30:00,284.84216,99231.58,98484.16,0.022410512,-0.28594542,0.0041205417,74.375,31.5,0.28682226
2025-12-02 22:30:00,284.3504,99230.79,98476.766,0.11463392,-0.18076563,0.004123043,74.375,31.5,0.2140494
2025-12-02 23:30:00,283.8519,99238.45,98490.71,0.22684813,-0.03614819,0.004108807,74.375,31.5,0.22971018
2025-12-03 00:30:00,283.38058,99289.336,98537.21,0.33614838,0.09837413,0.0040817233,74.375,31.5,0.35024735
2025-12-03 01:30:00,282.95755,99353.94,98618.42,0.4432007,0.21017098,0.0040530018,74.375,31.5,0.49050862
2025-12-03 02:30:00,282.86884,99430.414,98678.14,0.5419656,0.3685279,0.0041309646,74.375,31.5,0.65539265
2025-12-03 03:30:00,284.31607,99507.9,98754.55,0.6868755,0.5940176,0.0046155364,74.375,31.5,0.90810513
2025-12-03 04:30:00,286.1044,99585.34,98837.69,0.742031,0.71259683,0.0045663733,74.375,31.5,1.0287877
2025-12-03 05:30:00,289.1823,99617.47,93429.125,0.3065859,0.7686814,0.004904516,74.375,31.5,0.8275663
2025-12-03 06:30:00,292.83713,99585.875,84386.55,-0.758543,1.4657185,0.004784784,74.375,31.5,1.650369
2025-12-03 07:30:00,293.7573,99525.42,83328.71,-1.2056472,1.7278583,0.0047812243,74.375,31.5,2.1069124
2025-12-03 08:30:00,294.00568,99459.54,83099.516,-1.5433125,1.8012054,0.00478338,74.375,31.5,2.3719516
2025-12-03 09:30:00,293.77283,99424.92,83627.336,-1.6616503,1.7826254,0.0047857165,74.375,31.5,2.4369726
2025-12-03 10:30:00,292.78683,99409.45,90099.61,-1.336303,1.4003882,0.0054452526,74.375,31.5,1.9356633
2025-12-03 11:30:00,290.22168,99403.21,98665.75,-1.2255585,1.0130248,0.00615587,74.375,31.5,1.5900356
2025-12-03 12:30:00,289.0448,99411.06,98675.87,-1.1568494,0.7248867,0.0049974206,74.375,31.5,1.3651963
2025-12-03 13:30:00,288.85333,99445.47,98704.52,-0.8657141,0.39534438,0.0047673513,74.375,31.5,0.9517132
2025-12-03 14:30:00,288.77875,99477.14,98725.64,-0.47114995,0.11876565,0.0046137986,74.375,31.5,0.48588842
2025-12-03 15:30:00,288.29736,99503.53,98751.76,-0.17798734,0.05162978,0.004536331,74.375,31.5,0.18532439
2025-12-03 16:30:00,287.60916,99510.7,98754.5,-0.09230779,0.29364645,0.004459241,74.375,31.5,0.30781323
2025-12-03 17:30:00,286.84842,99501.36,98745.42,-0.20913188,0.5856113,0.0044081174,74.375,31.5,0.6218334
2025-12-03 18:30:00,285.61102,99483.28,98740.7,-0.44416994,0.9153808,0.004447793,74.375,31.5,1.0174522
2025-12-03 19:30:00,284.57605,99458.92,98712.37,-0.8036985,1.1940639,0.004469082,74.375,31.5,1.439347
2025-12-03 20:30:00,283.87015,99443.89,98702.05,-1.1235824,1.212179,0.004483499,74.375,31.5,1.6528203
2025-12-03 21:30:00,283.14487,99438.77,98699.53,-1.3284106,1.1193601,0.0044742133,74.375,31.5,1.7371361
2025-12-03 22:30:00,282.68607,99426.46,98678.95,-1.5091159,0.8232564,0.004466158,74.375,31.5,1.7190644
2025-12-03 23:30:00,282.45465,99409.16,98665.484,-1.3933982,0.5725001,0.0043884986,74.375,31.5,1.5064245
2025-12-04 00:30:00,282.83032,99412.1,98670.96,-1.0360101,0.18723965,0.004392297,74.375,31.5,1.0527942
2025-12-04 01:30:00,283.31293,99432.23,98695.22,-0.37429464,0.2085954,0.004337999,74.375,31.5,0.42849562
2025-12-04 02:30:00,283.10626,99494.18,98745.16,0.25837314,0.83501375,0.00449748,74.375,31.5,0.87407357
2025-12-04 03:30:00,284.52466,99545.96,98798.67,0.7360082,1.5588139,0.0049019633,74.375,31.5,1.7238356
2025-12-04 04:30:00,286.67493,99594.53,98850.484,1.047293,2.1253538,0.004651496,74.375,31.5,2.3693779
2025-12-04 05:30:00,290.31354,99588.375,93645.74,0.55830365,2.3298366,0.0047907853,74.375,31.5,2.3957965
2025-12-04 06:30:00,293.6807,99527.81,87862.766,-0.5975132,2.7091668,0.0045091454,74.375,31.5,2.7742758
2025-12-04 07:30:00,294.7093,99442.2,86445.71,-0.8688613,2.1779773,0.004502183,74.375,31.5,2.3448892
2025-12-04 08:30:00,295.09717,99365.17,85821.78,-0.870299,1.7155988,0.004469192,74.375,31.5,1.9237202
2025-12-04 09:30:00,294.8379,99316.336,86540.84,-0.75959826,1.2628157,0.004447836,74.375,31.5,1.4736665
2025-12-04 10:30:00,293.95996,99276.586,91350.58,-0.5064461,0.7787328,0.0051170224,74.375,31.5,0.9289308
2025-12-04 11:30:00,292.23874,99262.81,98520.15,-0.22102064,0.57230264,0.005189814,74.375,31.5,0.6134985
2025-12-04 12:30:00,290.77216,99281.32,98529.41,0.072565675,0.6973155,0.0043418007,74.375,31.5,0.7010811
2025-12-04 13:30:00,289.73587,99338.43,98595.69,0.16824943,0.8856157,0.004294104,74.375,31.5,0.90145606
2025-12-04 14:30:00,289.15015,99391.27,98644.16,-0.012135267,0.9306404,0.0042374157,74.375,31.5,0.9307195
2025-12-04 15:30:00,288.51953,99425.38,98685.875,-0.21916294,0.8795567,0.0040825387,74.375,31.5,0.90645045
2025-12-04 16:30:00,288.06448,99434.18,98692.016,-0.30123937,0.76007205,0.0039298944,74.375,31.5,0.8175908
2025-12-04 17:30:00,287.635,99448.79,98695.14,-0.27177274,0.5654353,0.003831716,74.375,31.5,0.62735754
2025-12-04 18:30:00,287.13562,99452.016,98704.625,-0.14120889,0.42761913,0.0037505003,74.375,31.5,0.45033106
2025-12-04 19:30:00,286.53262,99444.21,98694.64,0.1785177,0.38116133,0.0036987157,74.375,31.5,0.42089492
2025-12-04 20:30:00,285.83783,99438.75,98701.97,0.5845643,0.38180125,0.003782196,74.375,31.5,0.69820315
2025-12-04 21:30:00,285.19827,99435.484,98693.62,0.8184913,0.35569322,0.0038820966,74.375,31.5,0.892438
2025-12-04 22:30:00,284.6905,99433.07,98676.984,0.83873576,0.32968464,0.003875337,74.375,31.5,0.9012046
2025-12-04 23:30:00,284.3694,99434.13,98684.93,0.7925528,0.31119424,0.0038388893,74.375,31.5,0.85145867
2025-12-05 00:30:00,284.18774,99460.2,98717.41,0.8172867,0.07648185,0.0037372217,74.375,31.5,0.82085747
2025-12-05 01:30:00,283.58124,99520.77,98778.36,0.86871004,-0.09834224,0.003627052,74.375,31.5,0.87425876
2025-12-05 02:30:00,283.22882,99597.82,98842.734,0.9700066,-0.13384658,0.0038074693,74.375,31.5,0.97919744
2025-12-05 03:30:00,284.9712,99676.98,98921.56,1.197921,0.00296247,0.0043919757,74.375,31.5,1.1979247
2025-12-05 04:30:00,286.9693,99748.36,98999.67,1.2783023,0.18631816,0.004207543,74.375,31.5,1.2918093
2025-12-05 05:30:00,290.12195,99782.984,94911.99,0.8912935,0.39446855,0.0045363894,74.375,31.5,0.97468436
2025-12-05 06:30:00,294.13907,99748.42,86399.56,0.21670693,0.7480707,0.00406031,74.375,31.5,0.77882713
2025-12-05 07:30:00,295.38837,99666.25,84617.03,-0.11451334,0.60460925,0.0040820977,74.375,31.5,0.6153581
2025-12-05 08:30:00,295.9345,99578.66,83748.6,-0.39730486,0.41969097,0.004050633,74.375,31.5,0.5779201
2025-12-05 09:30:00,295.40594,99523.48,87511.08,-0.620103,0.30197918,0.00426763,74.375,31.5,0.68972397
2025-12-05 10:30:00,294.1426,99494.55,97273.84,-0.739112,0.29157376,0.006070346,74.375,31.5,0.79454505
2025-12-05 11:30:00,292.26862,99494.37,98757.305,-0.98071265,0.5217533,0.0049897074,74.375,31.5,1.1108662
2025-12-05 12:30:00,290.695,99528.18,98778.125,-1.1980789,0.7181631,0.0044529685,74.375,31.5,1.3968362
2025-12-05 13:30:00,289.7734,99587.26,98844.48,-1.5249928,0.81069934,0.004433545,74.375,31.5,1.727089
2025-12-05 14:30:00,288.66245,99642.19,98894.98,-1.89545,0.92153656,0.00452272,74.375,31.5,2.107596
2025-12-05 15:30:00,287.5442,99674.766,98919.42,-2.1288137,1.0236378,0.004600586,74.375,31.5,2.3621352
2025-12-05 16:30:00,286.581,99677.336,98929.375,-2.2598052,1.0356905,0.004583219,74.375,31.5,2.4858348
2025-12-05 17:30:00,285.6764,99662.25,98907.89,-2.320766,1.0216613,0.00447611,74.375,31.5,2.5356946
2025-12-05 18:30:00,285.09552,99633.71,98887.375,-2.2953663,1.0365441,0.0044813124,74.375,31.5,2.518557
2025-12-05 19:30:00,284.15317,99594.23,96227.91,-2.3838613,1.0779495,0.004400894,74.375,31.5,2.616251
2025-12-05 20:30:00,283.30377,99573.7,92834.086,-2.3922486,1.3655308,0.0043893345,74.375,31.5,2.7545469
2025-12-05 21:30:00,282.457,99566.72,90862.266,-2.3340628,1.5894797,0.0042767976,74.375,31.5,2.8238795
2025-12-05 22:30:00,281.5806,99557.836,93121.48,-2.3651862,1.6398255,0.004164421,74.375,31.5,2.8780434
2025-12-05 23:30:00,280.79208,99540.55,96482.16,-2.4969592,1.5214167,0.0040673846,74.375,31.5,2.9239552
2025-12-06 00:30:00,280.32153,99548.53,98802.375,-2.524803,1.3422766,0.0039894846,74.375,31.5,2.8594294
2025-12-06 01:30:00,280.1506,99570.125,98815.52,-2.4004622,1.2051535,0.0038981563,74.375,31.5,2.6860032
2025-12-06 02:30:00,280.91174,99603.24,98854.92,-2.0484855,1.3001499,0.0041309516,74.375,31.5,2.4262486
2025-12-06 03:30:00,284.58203,99634.234,98892.08,-1.9450314,1.6115894,0.004367669,74.375,31.5,2.525939
2025-12-06 04:30:00,287.06332,99669.36,98915.47,-1.5601223,2.1152844,0.004126,74.375,31.5,2.6283853
2025-12-06 05:30:00,290.0765,99658.19,98905.16,-0.6843572,2.330133,0.0046760994,74.375,31.5,2.428552
2025-12-06 06:30:00,294.0384,99580.89,95243.84,-1.288808,3.1772475,0.004583424,74.375,31.5,3.4286919
2025-12-06 07:30:00,296.47958,99468.91,93612.05,-2.0158362,3.9721851,0.0039907717,74.375,31.5,4.454419
2025-12-06 08:30:00,296.75732,99394.14,93479.05,-1.7208539,4.4417458,0.004138027,74.375,31.5,4.7634487
2025-12-06 09:30:00,295.68958,99338.69,97064.125,-1.0542666,3.7580385,0.005012146,74.375,31.5,3.9031181
2025-12-06 10:30:00,293.34396,99308.37,98553.22,-0.3708912,2.6659992,0.0065063406,74.375,31.5,2.6916745
2025-12-06 11:30:00,290.4464,99285.984,98544.31,-0.2173531,3.024252,0.006171555,74.375,31.5,3.0320525
2025-12-06 12:30:00,288.28354,99296.25,98549.67,-0.18217647,3.3460531,0.0055165747,74.375,31.5,3.3510087
2025-12-06 13:30:00,287.24866,99342.81,98595.64,-0.21826673,3.3788288,0.0051810923,74.375,31.5,3.3858714
2025-12-06 14:30:00,286.43588,99379.875,98643.336,-0.4462881,3.2337675,0.005002284,74.375,31.5,3.2644181
2025-12-06 15:30:00,285.28467,99405.83,98669.516,-0.75589323,3.1241965,0.0047837934,74.375,31.5,3.2143395
2025-12-06 16:30:00,283.99606,99407.92,98667.44,-1.0132132,3.0093644,0.0045375037,74.375,31.5,3.1753542
2025-12-06 17:30:00,283.2476,99405.664,98667.03,-1.0678096,2.8415208,0.00442099,74.375,31.5,3.0355327
2025-12-06 18:30:00,282.81146,99386.64,98644.16,-0.95321333,2.7001,0.004359278,74.375,31.5,2.863417
2025-12-06 19:30:00,282.47977,99370.305,98619.69,-0.6805792,2.6406183,0.004316844,74.375,31.5,2.7269127
2025-12-06 20:30:00,282.0501,99365.53,98622.164,-0.39028335,2.6508377,0.0042902194,74.375,31.5,2.6794143
2025-12-06 21:30:00,281.54727,99359.42,98623.64,-0.3953817,2.6430414,0.004297896,74.375,31.5,2.672451
2025-12-06 22:30:00,281.22388,99360.28,98615.555,-0.6840619,2.4753714,0.0043263333,74.375,31.5,2.568152
2025-12-06 23:30:00,281.25745,99344.13,98606.3,-1.0129671,2.0450983,0.004353369,74.375,31.5,2.2822204
2025-12-07 00:30:00,281.51227,99362.33,98622.69,-1.2371966,1.4393785,0.0043855254,74.375,31.5,1.8980163
2025-12-07 01:30:00,281.61395,99403.734,98656.09,-1.273111,0.9300014,0.0044558127,74.375,31.5,1.5766147
2025-12-07 02:30:00,282.14047,99445.77,98696.734,-1.0957282,0.59050584,0.004703979,74.375,31.5,1.2447158
2025-12-07 03:30:00,284.35284,99491.81,98746.34,-0.758481,0.48854983,0.0050373343,74.375,31.5,0.9022053
2025-12-07 04:30:00,286.4446,99544.05,98800.93,-0.09485078,0.5840055,0.0051915906,74.375,31.5,0.5916579
2025-12-07 05:30:00,289.63837,99557.49,98498.86,0.30674654,1.006789,0.005598158,74.375,31.5,1.0524817
2025-12-07 06:30:00,293.7704,99501.19,91434.71,-0.20886719,1.9971777,0.004949454,74.375,31.5,2.0080698
2025-12-07 07:30:00,295.92245,99416.945,88790.08,-0.59218204,2.528109,0.0045675524,74.375,31.5,2.596539
2025-12-07 08:30:00,296.48825,99346.27,87502.15,-0.8412374,2.667542,0.0046039484,74.375,31.5,2.797045
2025-12-07 09:30:00,296.248,99297.69,88039.97,-1.0534949,2.5118234,0.0048437403,74.375,31.5,2.723804
2025-12-07 10:30:00,294.85687,99264.66,96003.64,-0.86977625,1.6939416,0.006739928,74.375,31.5,1.9041924
2025-12-07 11:30:00,292.07425,99252.7,98505.96,-0.98112273,1.7524412,0.0065750447,74.375,31.5,2.0083954
2025-12-07 12:30:00,290.60712,99280.62,98539.516,-0.98573685,1.8542249,0.0053050998,74.375,31.5,2.099959
2025-12-07 13:30:00,289.88522,99337.38,98595.695,-0.9071791,1.9283998,0.005137484,74.375,31.5,2.1311264
2025-12-07 14:30:00,289.1907,99381.94,98625.36,-0.8263662,2.0160768,0.0050343256,74.375,31.5,2.1788635
2025-12-07 15:30:00,288.41098,99397.77,98663.19,-0.8292223,2.0943835,0.0049425755,74.375,31.5,2.2525656
2025-12-07 16:30:00,287.60696,99416.09,98666.734,-0.9312667,2.119164,0.004846986,74.375,31.5,2.31476
2025-12-07 17:30:00,286.89307,99408.31,98667.875,-1.1298811,2.017494,0.004741641,74.375,31.5,2.3123393
2025-12-07 18:30:00,286.194,99396.88,98656.51,-1.3828304,1.8039407,0.0046507735,74.375,31.5,2.2729764
2025-12-07 19:30:00,285.5107,99381.78,98636.586,-1.6059155,1.530293,0.004575639,74.375,31.5,2.218279
2025-12-07 20:30:00,284.84802,99381.05,98632.88,-1.765976,1.2751889,0.0045240554,74.375,31.5,2.178251
2025-12-07 21:30:00,284.26144,99373.78,98627.92,-1.8031027,1.0821097,0.0044966745,74.375,31.5,2.1028888
2025-12-07 22:30:00,283.72968,99362.31,98614.55,-1.7612022,0.9685896,0.0044756397,74.375,31.5,2.009975
2025-12-07 23:30:00,283.25604,99354.63,98600.72,-1.755195,0.98484385,0.0044566565,74.375,31.5,2.0126169
2025-12-08 00:30:00,282.7142,99387.31,98641.56,-1.7950964,1.0686245,0.0044517564,74.375,31.5,2.0890977
2025-12-08 01:30:00,282.35468,99444.77,98696.05,-1.7944735,1.077312,0.004430435,74.375,31.5,2.093021
2025-12-08 02:30:00,283.0065,99482.33,98746.13,-1.6030887,0.87910336,0.0045798495,74.375,31.5,1.8283097
2025-12-08 03:30:00,285.78357,99532.12,98776.375,-1.3278667,0.66527635,0.0054163537,74.375,31.5,1.4852011
2025-12-08 04:30:00,288.09998,99583.25,98835.875,-1.176511,0.85225,0.0049227714,74.375,31.5,1.4527589
2025-12-08 05:30:00,290.82465,99603.03,98860.44,-0.8808702,1.2339948,0.005432663,74.375,31.5,1.5161383
2025-12-08 06:30:00,295.0271,99562.08,90649.71,-1.8105435,2.120127,0.004921414,74.375,31.5,2.7880113
2025-12-08 07:30:00,297.1408,99464.336,88351.81,-2.202227,2.5754368,0.0043479446,74.375,31.5,3.3886101
2025-12-08 08:30:00,297.6084,99391.99,88057.22,-2.2287924,2.763202,0.0043410044,74.375,31.5,3.5500424
2025-12-08 09:30:00,297.20447,99352.16,88688.31,-2.317523,2.7141862,0.0045890766,74.375,31.5,3.5689943
2025-12-08 10:30:00,295.41943,99327.39,93492.17,-1.6901385,1.8497162,0.0063183736,74.375,31.5,2.5055974
2025-12-08 11:30:00,291.22797,99318.55,94417.19,-1.795167,1.9536864,0.0065752906,74.375,31.5,2.6532085
2025-12-08 12:30:00,288.67477,99337.086,95246.266,-1.9664567,2.1856508,0.0053523644,74.375,31.5,2.9400716
2025-12-08 13:30:00,287.64117,99387.195,98642.97,-1.9770616,2.2289252,0.0051195007,74.375,31.5,2.9794095
2025-12-08 14:30:00,286.647,99427.25,98675.09,-2.0480068,2.2315435,0.0049765045,74.375,31.5,3.0288806
2025-12-08 15:30:00,285.7605,99438.83,98694.9,-2.1360211,2.1726308,0.004854726,74.375,31.5,3.046787
2025-12-08 16:30:00,284.80817,99438.26,98690.05,-2.2867146,2.1434243,0.0047648097,74.375,31.5,3.1342194
2025-12-08 17:30:00,283.92087,99430.016,98686.53,-2.4535012,2.0975118,0.0046859947,74.375,31.5,3.2278821
2025-12-08 18:30:00,283.18692,99398.58,98653.664,-2.5518157,2.0350797,0.004616911,74.375,31.5,3.2639413
2025-12-08 19:30:00,282.549,99341.28,98598.22,-2.5509129,2.0573785,0.0045591136,74.375,31.5,3.2771883
2025-12-08 20:30:00,281.92252,99294.65,98550.0,-2.5415964,2.191744,0.004520738,74.375,31.5,3.356107
2025-12-08 21:30:00,281.42938,99255.78,98517.51,-2.4032028,2.303222,0.0044901664,74.375,31.5,3.3286958
2025-12-08 22:30:00,281.03723,99223.44,98480.734,-2.108579,2.3960936,0.0044461684,74.375,31.5,3.1917658
2025-12-08 23:30:00,280.6755,99212.3,98463.67,-1.7413268,2.5454786,0.004392451,74.375,31.5,3.0841012
2025-12-09 00:30:00,280.2023,99245.27,98503.91,-1.4294009,2.7437196,0.0043484066,74.375,31.5,3.093733
2025-12-09 01:30:00,279.75073,99317.766,98575.625,-1.169399,2.885653,0.0042932336,74.375,31.5,3.1135972
2025-12-09 02:30:00,280.60703,99395.91,98646.19,-0.80911773,2.7298284,0.004480207,74.375,31.5,2.8472152
2025-12-09 03:30:00,284.73132,99450.3,98694.516,-0.5594038,3.066472,0.0045435377,74.375,31.5,3.1170793
2025-12-09 04:30:00,287.25095,99490.086,98747.586,-0.15189165,2.5596228,0.00464553,74.375,31.5,2.5641255
2025-12-09 05:30:00,290.65787,99497.15,97648.875,-0.09490624,2.2851799,0.0051270104,74.375,31.5,2.2871497
2025-12-09 06:30:00,294.89514,99451.38,91479.06,-1.3309641,3.6297834,0.0045752777,74.375,31.5,3.8661082
2025-12-09 07:30:00,296.7843,99360.02,89395.586,-1.8342283,3.7203443,0.004303079,74.375,31.5,4.147934
2025-12-09 08:30:00,297.43243,99292.27,88828.61,-2.0090451,3.3114524,0.0043480815,74.375,31.5,3.873239
2025-12-09 09:30:00,297.2508,99252.414,89614.25,-1.7049036,2.7672648,0.004570949,74.375,31.5,3.2503002
2025-12-09 10:30:00,295.91113,99244.29,95549.55,-0.8071716,1.8695896,0.0061825253,74.375,31.5,2.0363917
2025-12-09 11:30:00,293.0202,99238.36,98501.22,-0.21730646,1.8029672,0.0063428394,74.375,31.5,1.8160156
2025-12-09 12:30:00,291.58554,99264.85,98519.34,0.24483284,1.8676347,0.005063472,74.375,31.5,1.8836142
2025-12-09 13:30:00,290.72418,99314.68,98575.375,0.48824,1.9201831,0.0049737794,74.375,31.5,1.9812827
2025-12-09 14:30:00,289.8959,99347.85,98597.54,0.61881113,1.8559645,0.004716762,74.375,31.5,1.9564078
2025-12-09 15:30:00,289.276,99351.92,98610.22,0.51948667,1.7821833,0.0045365803,74.375,31.5,1.8563522
2025-12-09 16:30:00,288.19397,99348.9,98599.734,0.06470412,2.028339,0.0044727135,74.375,31.5,2.0293705
2025-12-09 17:30:00,286.57864,99341.82,98603.46,-0.53906846,2.396729,0.0045130346,74.375,31.5,2.4566042
2025-12-09 18:30:00,285.14865,99312.85,98576.76,-0.9694087,2.596589,0.0044990554,74.375,31.5,2.7716472
2025-12-09 19:30:00,284.06943,99267.41,98532.11,-1.2147254,2.7038422,0.0044566654,74.375,31.5,2.9641726
2025-12-09 20:30:00,283.01114,99246.63,98508.305,-1.5293603,2.9004483,0.0044335118,74.375,31.5,3.2789545
2025-12-09 21:30:00,282.34344,99239.42,98486.11,-1.7615882,2.9103432,0.004425694,74.375,31.5,3.401954
2025-12-09 22:30:00,281.9475,99208.7,98468.49,-1.8368711,2.648851,0.004438913,74.375,31.5,3.2234309
2025-12-09 23:30:00,281.82513,99202.87,98454.01,-1.7971202,2.2980602,0.0044484027,74.375,31.5,2.917314
2025-12-10 00:30:00,282.04114,99225.35,98477.05,-1.5845526,1.9812454,0.0044235326,74.375,31.5,2.5369549
2025-12-10 01:30:00,282.55383,99270.88,98521.56,-1.1952426,1.6273123,0.0043857805,74.375,31.5,2.0190964
2025-12-10 02:30:00,283.43115,99301.336,98552.19,-0.67077947,1.2924876,0.00458753,74.375,31.5,1.4561832
2025-12-10 03:30:00,285.84045,99348.016,98600.19,0.021969438,1.3958462,0.005018464,74.375,31.5,1.3960191
2025-12-10 04:30:00,287.94205,99405.28,98665.69,0.7155184,1.7315693,0.0050591817,74.375,31.5,1.8735791
2025-12-10 05:30:00,291.23962,99433.43,97387.5,0.82403505,2.1348295,0.0054474906,74.375,31.5,2.2883468
2025-12-10 06:30:00,295.25488,99378.06,91936.234,0.17251837,3.3262267,0.0046969834,74.375,31.5,3.3306975
2025-12-10 07:30:00,296.8997,99283.19,89813.695,-0.17170504,3.214201,0.004445096,74.375,31.5,3.218784
2025-12-10 08:30:00,297.5238,99204.9,88923.3,-0.40577003,2.6928043,0.0044284775,74.375,31.5,2.7232049
2025-12-10 09:30:00,297.17206,99162.09,89332.05,-0.61394227,2.1978266,0.0046672714,74.375,31.5,2.2819655
2025-12-10 10:30:00,295.57135,99162.22,96897.49,-0.69189996,1.5273957,0.006881415,74.375,31.5,1.6768014
2025-12-10 11:30:00,293.28763,99175.445,98426.14,-0.8601621,1.4920353,0.00612199,74.375,31.5,1.7222219
2025-12-10 12:30:00,292.3211,99193.22,98456.34,-0.7646679,1.27053,0.0049801255,74.375,31.5,1.4828902
2025-12-10 13:30:00,292.35123,99226.91,98481.484,-0.5119759,0.9056234,0.004793872,74.375,31.5,1.0403235
2025-12-10 14:30:00,292.17108,99268.7,98524.984,-0.28078964,0.7127474,0.0045008445,74.375,31.5,0.76606244
2025-12-10 15:30:00,291.46704,99279.86,98528.1,0.15290561,0.73123974,0.00443635,74.375,31.5,0.7470553
2025-12-10 16:30:00,290.67395,99270.1,98527.195,0.648311,0.76338273,0.0043181903,74.375,31.5,1.001529
2025-12-10 17:30:00,289.86703,99283.766,98538.59,0.28550205,0.7697934,0.004262721,74.375,31.5,0.82103187
2025-12-10 18:30:00,289.20566,99303.27,98563.234,0.057364896,0.6710447,0.0042240173,74.375,31.5,0.6734922
2025-12-10 19:30:00,288.4255,99289.89,98541.92,0.24320225,0.6469438,0.0041682716,74.375,31.5,0.6911466
2025-12-10 20:30:00,287.76855,99273.484,98526.94,0.37494126,0.56582034,0.0040935716,74.375,31.5,0.6787736
2025-12-10 21:30:00,287.36215,99237.83,98489.86,0.5114329,0.3201747,0.0039617387,74.375,31.5,0.60338664
2025-12-10 22:30:00,286.86014,99201.21,98465.21,0.6559555,0.10703707,0.0038587868,74.375,31.5,0.6646311
2025-12-10 23:30:00,286.29407,99192.91,98451.56,0.63810444,0.051140785,0.0038131836,74.375,31.5,0.6401505
2025-12-11 00:30:00,285.7081,99217.42,98471.29,0.6661543,0.10101175,0.003789405,74.375,31.5,0.67376924
2025-12-11 01:30:00,284.8488,99262.4,98518.92,0.704622,0.45573568,0.0038169764,74.375,31.5,0.8391586
2025-12-11 02:30:00,284.38632,99299.11,98553.08,0.6731818,0.98876953,0.004040257,74.375,31.5,1.1961768
2025-12-11 03:30:00,286.07938,99349.85,98595.016,0.5582097,1.4506876,0.00494829,74.375,31.5,1.5543785
2025-12-11 04:30:00,288.37103,99391.3,98638.53,0.54523605,2.0450373,0.0042102956,74.375,31.5,2.1164734
2025-12-11 05:30:00,291.10272,99382.586,98306.42,0.3845492,1.8098316,0.004737023,74.375,31.5,1.8502347
2025-12-11 06:30:00,294.9236,99305.29,93586.28,-0.63841647,2.6939662,0.0047395458,74.375,31.5,2.7685788
2025-12-11 07:30:00,297.31616,99190.21,89679.55,-1.4834595,3.1277325,0.004634763,74.375,31.5,3.4616995
2025-12-11 08:30:00,298.17322,99087.58,89641.2,-1.4284953,2.947523,0.0048313043,74.375,31.5,3.2754376
2025-12-11 09:30:00,298.03613,99026.71,90183.75,-0.8803243,2.673515,0.00522649,74.375,31.5,2.8147209
2025-12-11 10:30:00,296.4953,98992.07,96721.55,-0.19895855,1.835412,0.0074990634,74.375,31.5,1.846164
2025-12-11 11:30:00,293.966,98986.84,98242.94,0.3433076,1.803535,0.006718844,74.375,31.5,1.835919
2025-12-11 12:30:00,292.53778,99025.25,98271.22,0.803185,1.641423,0.005452592,74.375,31.5,1.8273958
2025-12-11 13:30:00,291.94662,99077.664,98328.05,0.96652716,1.29493,0.0052227685,74.375,31.5,1.6158646
2025-12-11 14:30:00,291.89606,99106.44,98353.32,0.99895096,0.40436038,0.0049618944,74.375,31.5,1.0776875
2025-12-11 15:30:00,291.02347,99109.72,98375.54,0.9214144,-0.5489804,0.0049345107,74.375,31.5,1.0725595
2025-12-11 16:30:00,290.00925,99134.03,98395.12,0.9254163,-0.80870354,0.0049016704,74.375,31.5,1.228982
2025-12-11 17:30:00,288.9315,99140.88,98398.83,1.1186892,-0.7492059,0.004851618,74.375,31.5,1.3463933
2025-12-11 18:30:00,287.79462,99124.5,98379.664,1.3519744,-0.6073447,0.004805413,74.375,31.5,1.4821275
2025-12-11 19:30:00,287.1823,99085.21,98341.05,1.521419,-0.46826455,0.0047230823,74.375,31.5,1.5918504
2025-12-11 20:30:00,286.39066,99040.195,98304.91,1.6172606,-0.3878984,0.0046636467,74.375,31.5,1.6631286
2025-12-11 21:30:00,285.73373,99015.85,98269.22,1.6795337,-0.26331007,0.0045873174,74.375,31.5,1.7000487
2025-12-11 22:30:00,285.14606,98993.15,98244.9,1.6906211,-0.080498576,0.0045110886,74.375,31.5,1.6925365
2025-12-11 23:30:00,284.64465,98987.05,98255.08,1.6277535,0.15247488,0.0044252565,74.375,31.5,1.6348792
2025-12-12 00:30:00,284.18976,99011.03,98266.375,1.4083496,0.5927242,0.0043372945,74.375,31.5,1.5279956
2025-12-12 01:30:00,283.7534,99055.27,98310.66,1.1783149,0.9401332,0.004245085,74.375,31.5,1.5074072
2025-12-12 02:30:00,283.9369,99090.2,98340.26,0.982174,1.0247879,0.004398995,74.375,31.5,1.4194562
2025-12-12 03:30:00,286.27243,99150.08,98400.164,0.82699656,0.9725684,0.004919624,74.375,31.5,1.2766411
2025-12-12 04:30:00,288.39258,99212.76,98458.63,0.89452493,0.86227477,0.0046222196,74.375,31.5,1.2424543
2025-12-12 05:30:00,291.5636,99220.63,97007.31,0.84905946,0.9124292,0.005022342,74.375,31.5,1.2463663
2025-12-12 06:30:00,295.42172,99151.93,92247.41,0.16308954,1.8646662,0.004661081,74.375,31.5,1.8717848
2025-12-12 07:30:00,297.28928,99049.13,90207.64,-0.12319678,1.8359976,0.0046016756,74.375,31.5,1.8401263
2025-12-12 08:30:00,298.12225,98980.13,89027.68,-0.16014093,1.760395,0.0046186857,74.375,31.5,1.767664
2025-12-12 09:30:00,298.06836,98938.04,88878.7,0.027081802,1.015461,0.0048454995,74.375,31.5,1.015822
2025-12-12 10:30:00,297.00427,98921.53,95818.68,0.35978746,0.2440545,0.0061405064,74.375,31.5,0.43475235
2025-12-12 11:30:00,295.54758,98938.45,95089.29,0.71148777,-0.2352682,0.005490066,74.375,31.5,0.7493771
2025-12-12 12:30:00,293.9523,98999.44,95151.39,1.0518491,-0.52946085,0.0052192328,74.375,31.5,1.1775888
2025-12-12 13:30:00,292.85928,99087.6,95222.59,1.1935294,-0.77486986,0.0051735695,74.375,31.5,1.4230024
2025-12-12 14:30:00,291.56763,99147.46,97239.05,1.2612257,-1.1861463,0.00506899,74.375,31.5,1.7313675
2025-12-12 15:30:00,289.7796,99174.02,98426.41,1.4560361,-1.7100838,0.005224105,74.375,31.5,2.2459803
2025-12-12 16:30:00,287.84723,99178.19,98434.41,1.6469915,-2.1351607,0.0053180135,74.375,31.5,2.6965704
2025-12-12 17:30:00,286.63937,99164.4,98423.66,1.6823819,-2.4618866,0.0054838853,74.375,31.5,2.9818273
2025-12-12 18:30:00,286.1786,99143.98,98397.45,1.731081,-2.4432466,0.0055942335,74.375,31.5,2.9943438
2025-12-12 19:30:00,285.7849,99114.0,98375.95,1.8661934,-2.2124977,0.005613092,74.375,31.5,2.894447
2025-12-12 20:30:00,285.4569,99087.38,98350.26,2.048234,-1.8504444,0.005613024,74.375,31.5,2.7603273
2025-12-12 21:30:00,285.0468,99095.9,98351.81,2.268957,-1.0421036,0.0055232695,74.375,31.5,2.4968271
2025-12-12 22:30:00,284.54312,99094.51,98355.06,2.1192834,-0.49287963,0.00501417,74.375,31.5,2.175843
2025-12-12 23:30:00,284.78064,99076.06,98336.88,1.5974324,-0.79776657,0.0048694946,74.375,31.5,1.7855592
2025-12-13 00:30:00,284.4685,99105.055,98369.35,1.2379752,-1.3571055,0.0050184177,74.375,31.5,1.8369317
2025-12-13 01:30:00,283.72342,99163.78,98420.016,1.2566402,-1.7938049,0.005245389,74.375,31.5,2.1901782
2025-12-13 02:30:00,283.5672,99245.59,98502.19,1.4210086,-1.7540569,0.005374931,74.375,31.5,2.257428
2025-12-13 03:30:00,285.52112,99330.22,98591.34,1.9682093,-2.1257088,0.0052679908,74.375,31.5,2.8969786
2025-12-13 04:30:00,286.22787,99377.37,98629.336,2.0547023,-2.2798007,0.005252803,74.375,31.5,3.0690866
2025-12-13 05:30:00,286.82605,99398.836,98655.625,1.8842915,-2.0997584,0.0054223193,74.375,31.5,2.8212655
2025-12-13 06:30:00,287.42877,99341.05,98596.89,1.3427577,-2.286761,0.005702396,74.375,31.5,2.6518435
2025-12-13 07:30:00,288.0231,99290.61,98537.25,0.8563223,-2.4239726,0.006049459,74.375,31.5,2.570784
2025-12-13 08:30:00,288.51367,99251.11,98502.484,0.6459285,-2.4200232,0.006385279,74.375,31.5,2.5047426
2025-12-13 09:30:00,288.51996,99224.39,98475.2,0.40156972,-2.1244845,0.0067154346,74.375,31.5,2.1621037
2025-12-13 10:30:00,287.6457,99223.31,98486.85,0.123196185,-1.4210289,0.007394245,74.375,31.5,1.4263592
2025-12-13 11:30:00,286.27527,99250.695,98497.95,-0.022222996,-1.6634481,0.0070849448,74.375,31.5,1.6635965
2025-12-13 12:30:00,285.3941,99302.375,98554.98,-0.1946451,-1.9007039,0.006768222,74.375,31.5,1.9106444
2025-12-13 13:30:00,285.01892,99349.56,98600.25,-0.27487317,-2.0306761,0.0066370545,74.375,31.5,2.049195
2025-12-13 14:30:00,284.6714,99383.51,98638.34,-0.25925428,-2.1481311,0.0065185293,74.375,31.5,2.163719
2025-12-13 15:30:00,284.31854,99397.66,98647.7,-0.07752474,-2.2841823,0.0064193476,74.375,31.5,2.2854974
2025-12-13 16:30:00,284.05396,99399.73,98654.78,0.19244912,-2.3730512,0.006347809,74.375,31.5,2.380842
2025-12-13 17:30:00,283.81714,99383.82,98641.94,0.37148586,-2.4268878,0.006295847,74.375,31.5,2.4551551
2025-12-13 18:30:00,283.6053,99357.08,98612.53,0.43207932,-2.411031,0.006264564,74.375,31.5,2.4494414
2025-12-13 19:30:00,283.36203,99337.266,98594.234,0.35969517,-2.3798938,0.006250624,74.375,31.5,2.4069223
2025-12-13 20:30:00,283.029,99329.94,98576.01,0.20691769,-2.42339,0.0062387376,74.375,31.5,2.4322076
2025-12-13 21:30:00,282.72614,99308.414,98566.766,0.042207584,-2.4589236,0.0062211733,74.375,31.5,2.4592857
2025-12-13 22:30:00,282.49872,99290.84,98547.234,-0.08391869,-2.3844426,0.006188377,74.375,31.5,2.3859189
2025-12-13 23:30:00,282.47864,99291.22,98541.36,-0.06364766,-2.1744444,0.00612896,74.375,31.5,2.1753757
2025-12-14 00:30:00,282.76404,99349.65,98608.92,0.04876727,-1.6914707,0.0060258294,74.375,31.5,1.6921736
2025-12-14 01:30:00,282.66293,99428.27,98677.66,0.21981442,-1.1374499,0.005880735,74.375,31.5,1.158495
2025-12-14 02:30:00,282.75125,99491.18,98754.64,0.5476699,-0.67660964,0.005809968,74.375,31.5,0.8704843
2025-12-14 03:30:00,284.6048,99562.125,98819.09,1.020076,-0.32489347,0.006043035,74.375,31.5,1.0705657
2025-12-14 04:30:00,286.59933,99612.99,98864.29,1.1144713,-0.1399833,0.0061526983,74.375,31.5,1.1232282
2025-12-14 05:30:00,289.56958,99586.914,98136.11,0.9670893,-0.31058502,0.0063420003,74.375,31.5,1.0157386
2025-12-14 06:30:00,292.4923,99489.234,93241.47,0.8493738,-0.4581964,0.005605639,74.375,31.5,0.96508026
2025-12-14 07:30:00,293.9123,99373.42,92240.57,0.7274529,-0.44969177,0.005124166,74.375,31.5,0.8552253
2025-12-14 08:30:00,294.0967,99275.88,92147.22,0.62996584,-0.12191236,0.005220862,74.375,31.5,0.6416538
2025-12-14 09:30:00,293.93634,99249.86,92536.875,0.44468784,0.2245804,0.0055944626,74.375,31.5,0.49818033
2025-12-14 10:30:00,293.09448,99271.67,97693.55,0.0056351423,0.33936846,0.006412686,74.375,31.5,0.33941525
2025-12-14 11:30:00,291.58896,99311.82,98567.69,-0.62276447,0.44667804,0.005806206,74.375,31.5,0.7663921
2025-12-14 12:30:00,290.31528,99376.72,98634.555,-1.143022,0.43773627,0.005657501,74.375,31.5,1.223974
2025-12-14 13:30:00,289.13293,99465.04,98715.48,-1.6062733,0.46819985,0.0058672777,74.375,31.5,1.6731184
2025-12-14 14:30:00,287.96936,99526.52,98780.805,-1.9638464,0.36004174,0.00586353,74.375,31.5,1.9965777
2025-12-14 15:30:00,286.74493,99537.95,98800.84,-2.2156541,-0.0005761385,0.0055755083,74.375,31.5,2.2156544
2025-12-14 16:30:00,285.85492,99515.24,98772.72,-2.2794085,-0.5398097,0.0054361816,74.375,31.5,2.3424554
2025-12-14 17:30:00,285.44427,99469.36,98728.7,-2.245308,-0.95952964,0.0055964775,74.375,31.5,2.4417422
2025-12-14 18:30:00,285.1381,99421.79,98676.67,-2.2364938,-1.101039,0.0057147928,74.375,31.5,2.492828
2025-12-14 19:30:00,284.85947,99366.87,98615.65,-2.202959,-1.0498239,0.0057187583,74.375,31.5,2.4403195
2025-12-14 20:30:00,284.53482,99325.18,98578.76,-2.157538,-0.94349873,0.005646378,74.375,31.5,2.3548162
2025-12-14 21:30:00,284.27368,99286.67,98546.39,-2.0288184,-0.65204287,0.0055377334,74.375,31.5,2.1310241
2025-12-14 22:30:00,284.11884,99252.805,98503.41,-1.8239106,-0.15815818,0.0054195924,74.375,31.5,1.830755
2025-12-14 23:30:00,283.76257,99257.34,98507.76,-1.6280336,0.41473353,0.0053376113,74.375,31.5,1.680029
2025-12-15 00:30:00,283.1591,99309.09,98555.016,-1.5211486,0.86396945,0.0052900477,74.375,31.5,1.7493817
2025-12-15 01:30:00,282.36877,99376.375,98639.31,-1.4912307,1.1553926,0.005252173,74.375,31.5,1.8864521
2025-12-15 02:30:00,282.3135,99444.33,98697.945,-1.4692237,1.3012648,0.0053307586,74.375,31.5,1.9626279
2025-12-15 03:30:00,285.00638,99495.85,98746.3,-1.4862504,1.2902528,0.005741583,74.375,31.5,1.9681698
2025-12-15 04:30:00,287.22302,99551.45,98806.22,-1.3253173,1.2782578,0.0056508137,74.375,31.5,1.8413063
2025-12-15 05:30:00,290.1085,99531.13,97479.875,-0.74001336,1.3102046,0.0060197893,74.375,31.5,1.5047445
2025-12-15 06:30:00,294.1674,99435.21,92589.59,-1.3265164,2.1914866,0.005451397,74.375,31.5,2.5616908
2025-12-15 07:30:00,295.73752,99316.8,91294.16,-1.4413459,2.5459847,0.0052507482,74.375,31.5,2.9256651
2025-12-15 08:30:00,296.3504,99215.055,90600.055,-1.6147926,2.7393274,0.005206872,74.375,31.5,3.179854
2025-12-15 09:30:00,295.6872,99149.734,91147.766,-1.5509918,2.5874543,0.0054643005,74.375,31.5,3.0167027
2025-12-15 10:30:00,293.52838,99131.25,97561.97,-1.0653887,1.7904818,0.0073636253,74.375,31.5,2.0834775
2025-12-15 11:30:00,290.22736,99144.37,98393.91,-1.2091098,2.0820847,0.0066403165,74.375,31.5,2.4077008
2025-12-15 12:30:00,288.4423,99205.89,98463.44,-1.2181128,2.196272,0.005724563,74.375,31.5,2.5114555
2025-12-15 13:30:00,287.60135,99301.06,98546.56,-1.0951592,2.2111785,0.0055105644,74.375,31.5,2.467526
2025-12-15 14:30:00,286.8587,99362.83,98625.99,-0.8900451,2.2608051,0.0053196005,74.375,31.5,2.4296956
2025-12-15 15:30:00,286.0795,99396.78,98653.19,-0.75518227,2.3799767,0.005163072,74.375,31.5,2.496916
2025-12-15 16:30:00,285.20724,99412.17,98661.69,-0.75661343,2.5557916,0.005040931,74.375,31.5,2.6654334
2025-12-15 17:30:00,284.30225,99404.586,98660.85,-0.8743744,2.7019334,0.004941865,74.375,31.5,2.83989
2025-12-15 18:30:00,283.5775,99379.92,98636.95,-1.0674151,2.7041905,0.004882816,74.375,31.5,2.907236
2025-12-15 19:30:00,283.1171,99341.52,98604.37,-1.3194406,2.5217485,0.004879356,74.375,31.5,2.8460743
2025-12-15 20:30:00,282.79013,99316.08,98563.266,-1.5410436,2.2498288,0.004925034,74.375,31.5,2.727003
2025-12-15 21:30:00,282.4357,99283.984,98541.53,-1.7226669,1.9734224,0.005005003,74.375,31.5,2.6195376
2025-12-15 22:30:00,282.0288,99242.96,98498.42,-1.8868479,1.6796261,0.005136458,74.375,31.5,2.5261312
2025-12-15 23:30:00,281.59552,99229.32,98480.17,-2.0284672,1.4251276,0.0053080134,74.375,31.5,2.4790456
2025-12-16 00:30:00,281.19775,99245.97,98495.02,-2.0656753,1.3064578,0.0054758093,74.375,31.5,2.4441454
2025-12-16 01:30:00,280.68607,99293.87,98539.8,-2.0411549,1.4321015,0.0056090024,74.375,31.5,2.493437
2025-12-16 02:30:00,280.99695,99327.625,98585.27,-1.8384292,1.5857148,0.005744336,74.375,31.5,2.4278207
2025-12-16 03:30:00,284.09967,99373.61,98623.2,-1.7208601,1.9394776,0.0060554617,74.375,31.5,2.592862
2025-12-16 04:30:00,286.32904,99422.83,98675.09,-1.3929048,2.368835,0.006053705,74.375,31.5,2.7480106
2025-12-16 05:30:00,289.11682,99422.87,98677.8,-0.7903625,2.401966,0.006370057,74.375,31.5,2.5286586
2025-12-16 06:30:00,292.76825,99344.53,96144.9,-1.4149678,2.9805784,0.0060913777,74.375,31.5,3.2993913
2025-12-16 07:30:00,295.42352,99243.94,92407.805,-2.374592,3.1769166,0.00542743,74.375,31.5,3.9662938
2025-12-16 08:30:00,296.69687,99161.16,92041.53,-2.4516294,2.8855307,0.0051907944,74.375,31.5,3.7863932
2025-12-16 09:30:00,296.66327,99109.04,92025.0,-2.0073516,2.5971036,0.005432994,74.375,31.5,3.2824392
2025-12-16 10:30:00,294.89417,99090.63,97679.56,-1.0674255,1.7595387,0.007607484,74.375,31.5,2.0580022
2025-12-16 11:30:00,292.0103,99102.52,98351.61,-0.7880502,2.1207612,0.006926954,74.375,31.5,2.2624435
2025-12-16 12:30:00,290.44904,99144.68,98405.47,-0.42156175,2.379969,0.005878588,74.375,31.5,2.417016
2025-12-16 13:30:00,289.57068,99194.05,98452.44,-0.101538524,2.5133324,0.0057375203,74.375,31.5,2.5153828
2025-12-16 14:30:00,288.6954,99222.88,98473.27,0.08016846,2.631174,0.0056994413,74.375,31.5,2.632395
2025-12-16 15:30:00,287.90012,99237.18,98487.33,0.080011964,2.7713296,0.0057627433,74.375,31.5,2.7724843
2025-12-16 16:30:00,287.153,99247.1,98507.766,-0.11319181,2.908451,0.005805021,74.375,31.5,2.9106529
2025-12-16 17:30:00,286.4722,99244.625,98505.92,-0.5329064,2.986793,0.005831723,74.375,31.5,3.0339613
2025-12-16 18:30:00,286.0507,99229.836,98482.82,-1.0568721,2.9226665,0.00590257,74.375,31.5,3.1078866
2025-12-16 19:30:00,285.62,99198.65,98460.41,-1.5248436,2.7443728,0.005940892,74.375,31.5,3.139543
2025-12-16 20:30:00,284.65683,99172.34,98434.93,-1.8363668,2.596225,0.005835969,74.375,31.5,3.1800356
2025-12-16 21:30:00,284.04193,99160.72,98417.09,-1.8720001,2.5073395,0.005826285,74.375,31.5,3.129079
2025-12-16 22:30:00,283.4164,99159.88,98419.79,-1.8688622,2.5553243,0.0058317143,74.375,31.5,3.165806
2025-12-16 23:30:00,282.92694,99171.59,98420.58,-1.7820666,2.5980048,0.005812344,74.375,31.5,3.1504588
2025-12-17 00:30:00,282.53528,99214.02,98477.01,-1.6185964,2.642536,0.005770389,74.375,31.5,3.0988464
2025-12-17 01:30:00,282.25012,99275.57,98526.93,-1.4411639,2.6406212,0.0057075755,74.375,31.5,3.008294
2025-12-17 02:30:00,283.0337,99323.44,98579.625,-1.1761669,2.4483867,0.0058395145,74.375,31.5,2.7162411
2025-12-17 03:30:00,286.95273,99378.47,98635.516,-1.1437887,2.6807132,0.006101152,74.375,31.5,2.9145284
2025-12-17 04:30:00,289.43433,99441.81,98690.45,-0.73894477,2.3966422,0.0061854,74.375,31.5,2.507974
2025-12-17 05:30:00,292.68634,99450.49,97651.2,-0.5045285,2.3375711,0.0065480554,74.375,31.5,2.3913987
2025-12-17 06:30:00,296.49377,99406.83,90530.09,-1.5794721,4.0352945,0.0061517726,74.375,31.5,4.3333974
2025-12-17 07:30:00,298.01013,99330.195,88518.08,-1.9540129,4.1357756,0.0061870064,74.375,31.5,4.5741453
2025-12-17 08:30:00,298.52066,99263.14,87920.8,-2.001168,3.6282706,0.0062961145,74.375,31.5,4.143552
2025-12-17 09:30:00,298.3429,99220.33,88305.15,-1.771375,3.1716592,0.0065498333,74.375,31.5,3.632794
2025-12-17 10:30:00,296.72052,99194.08,97151.75,-1.0204008,2.0754225,0.008381304,74.375,31.5,2.3127034
2025-12-17 11:30:00,293.43887,99193.99,98444.53,-0.84360355,2.2009978,0.008067928,74.375,31.5,2.3571293
2025-12-17 12:30:00,292.0724,99225.85,98478.81,-0.6270311,2.2093654,0.006760799,74.375,31.5,2.29662
2025-12-17 13:30:00,291.89822,99264.46,98519.08,-0.32166398,1.9942882,0.0064683957,74.375,31.5,2.0200627
2025-12-17 14:30:00,291.53036,99283.21,98541.83,-0.038199782,1.8023641,0.006269521,74.375,31.5,1.8027688
2025-12-17 15:30:00,290.9621,99303.39,98567.38,0.05745244,1.7423104,0.006128401,74.375,31.5,1.7432573
2025-12-17 16:30:00,290.34885,99321.445,98584.86,-0.06882948,1.6867305,0.0059994454,74.375,31.5,1.6881343
2025-12-17 17:30:00,289.93048,99316.23,98570.26,-0.21889049,1.459436,0.0058242725,74.375,31.5,1.4757597
2025-12-17 18:30:00,289.467,99297.805,98544.84,-0.24797922,1.2725908,0.0056869583,74.375,31.5,1.2965264
2025-12-17 19:30:00,288.76245,99283.36,98543.8,-0.16129062,1.2839683,0.005618542,74.375,31.5,1.2940593
2025-12-17 20:30:00,287.8892,99276.56,98532.98,-0.0040994044,1.3775963,0.0055579785,74.375,31.5,1.3776023
2025-12-17 21:30:00,287.1928,99258.766,98512.08,0.17044933,1.4380499,0.0054370654,74.375,31.5,1.4481162
2025-12-17 22:30:00,286.79742,99231.97,98487.516,0.25335348,1.429467,0.0053650835,74.375,31.5,1.451745
2025-12-17 23:30:00,286.528,99233.23,98484.65,0.32435906,1.3450212,0.0052816095,74.375,31.5,1.383579
2025-12-18 00:30:00,286.3164,99277.74,98527.625,0.50085986,1.1508276,0.005156279,74.375,31.5,1.2550955
2025-12-18 01:30:00,285.7993,99353.99,98598.375,0.6301209,1.0902257,0.0050699487,74.375,31.5,1.2592237
2025-12-18 02:30:00,285.72168,99446.12,98692.96,0.40193304,1.1996788,0.005210223,74.375,31.5,1.2652191
2025-12-18 03:30:00,287.257,99528.41,98791.87,0.046738297,0.9634551,0.0059026447,74.375,31.5,0.96458805
2025-12-18 04:30:00,288.57886,99607.086,98870.516,-0.1360935,0.49442434,0.0052571734,74.375,31.5,0.5128127
2025-12-18 05:30:00,290.2188,99612.04,98800.66,0.0701215,-0.47605276,0.0056514223,74.375,31.5,0.48118943
2025-12-18 06:30:00,292.5577,99517.26,97225.484,0.24596563,-0.67434347,0.005738638,74.375,31.5,0.717801
2025-12-18 07:30:00,295.14832,99421.26,90413.016,0.1319855,0.39001605,0.005311042,74.375,31.5,0.41174346
2025-12-18 08:30:00,296.83942,99340.01,89150.81,-0.24541256,1.1483384,0.0049677743,74.375,31.5,1.1742693
2025-12-18 09:30:00,296.91855,99293.81,89616.05,-0.31378996,1.0029714,0.005091389,74.375,31.5,1.0509119
2025-12-18 10:30:00,296.08618,99264.28,95885.234,-0.190938,0.6116965,0.0064226384,74.375,31.5,0.6408041
2025-12-18 11:30:00,294.94492,99272.16,98524.484,0.011279643,0.38069922,0.005629318,74.375,31.5,0.3808663
2025-12-18 12:30:00,293.95563,99317.39,98572.3,0.283322,0.32228827,0.0049084346,74.375,31.5,0.42911664
2025-12-18 13:30:00,293.10443,99372.61,98625.16,0.50645036,0.4121412,0.0048627243,74.375,31.5,0.6529566
2025-12-18 14:30:00,292.17188,99401.234,98656.36,0.602033,0.58869773,0.0050154175,74.375,31.5,0.8420266
2025-12-18 15:30:00,291.55334,99406.4,98650.55,0.4388942,0.74379015,0.004916312,74.375,31.5,0.8636272
2025-12-18 16:30:00,291.03296,99385.62,98638.83,0.054804683,0.8357951,0.0047903163,74.375,31.5,0.83759
2025-12-18 17:30:00,290.25677,99357.414,98605.55,-0.3563946,0.82252157,0.0047422037,74.375,31.5,0.8964144
2025-12-18 18:30:00,289.38263,99301.875,98560.734,-0.6090718,0.73932946,0.0046631624,74.375,31.5,0.95790213
2025-12-18 19:30:00,288.537,99234.37,98494.82,-0.6833386,0.68757784,0.0045768227,74.375,31.5,0.96938896
2025-12-18 20:30:00,287.91403,99180.73,98434.05,-0.5595286,0.8583071,0.004515413,74.375,31.5,1.0245795
2025-12-18 21:30:00,287.43478,99142.71,98407.92,-0.29545105,1.1162066,0.0044883005,74.375,31.5,1.1546465
2025-12-18 22:30:00,286.9171,99108.04,98366.91,0.061138034,1.2988195,0.0045167604,74.375,31.5,1.3002577
2025-12-18 23:30:00,286.43542,99098.21,98356.38,0.47658968,1.4578037,0.0045644697,74.375,31.5,1.5337306
2025-12-19 00:30:00,285.4781,99135.484,98398.03,0.78664386,1.7544495,0.004638959,74.375,31.5,1.9227328
2025-12-19 01:30:00,284.554,99204.586,98460.55,0.8841289,2.0654347,0.0046544485,74.375,31.5,2.2467096
2025-12-19 02:30:00,284.46802,99259.18,98510.36,0.8317189,2.103749,0.0047959876,74.375,31.5,2.2621927
2025-12-19 03:30:00,286.52173,99294.28,98551.75,0.7519052,1.7590709,0.005431737,74.375,31.5,1.913032
2025-12-19 04:30:00,288.5385,99330.91,98591.69,1.0157046,1.8491061,0.004404324,74.375,31.5,2.1097035
2025-12-19 05:30:00,290.02182,99319.68,98578.625,0.85563964,1.1389256,0.004540388,74.375,31.5,1.4245247
2025-12-19 06:30:00,291.52478,99247.08,97969.39,0.5984211,0.7831719,0.0048423586,74.375,31.5,0.98562974
2025-12-19 07:30:00,292.4248,99139.96,97175.57,0.4667567,0.7005763,0.0050583435,74.375,31.5,0.84182477
2025-12-19 08:30:00,292.80917,99062.6,96986.45,0.6518721,0.45104718,0.005349755,74.375,31.5,0.7927047
2025-12-19 09:30:00,292.6834,99000.97,97536.58,0.79055303,0.24685085,0.0058606304,74.375,31.5,0.82819647
2025-12-19 10:30:00,291.9751,98954.98,98108.47,0.79939765,0.20173335,0.0070773107,74.375,31.5,0.8244592
2025-12-19 11:30:00,291.14438,98932.05,98191.06,0.8956056,0.39702094,0.005930688,74.375,31.5,0.9796607
2025-12-19 12:30:00,290.19443,98960.79,98225.78,0.76614255,0.7190589,0.0051381835,74.375,31.5,1.0507237
2025-12-19 13:30:00,290.02762,99000.96,98262.484,0.47555456,0.8017765,0.0050293184,74.375,31.5,0.9322005
2025-12-19 14:30:00,290.36996,99012.2,98278.19,0.21169484,0.60419583,0.0048020785,74.375,31.5,0.6402088
2025-12-19 15:30:00,290.19052,99001.195,98256.66,0.055023998,0.102164745,0.0046988567,74.375,31.5,0.11603997
2025-12-19 16:30:00,289.3783,98965.27,98218.3,0.15115577,-0.5443642,0.004664403,74.375,31.5,0.5649606
2025-12-19 17:30:00,288.151,98927.22,98187.266,0.27463934,-0.96929634,0.0047752415,74.375,31.5,1.0074533
2025-12-19 18:30:00,286.97256,98902.97,98155.02,0.45958114,-1.0721711,0.0049047847,74.375,31.5,1.1665186
2025-12-19 19:30:00,286.3814,98868.12,98132.47,0.6997964,-0.93318355,0.0049540573,74.375,31.5,1.1664248
2025-12-19 20:30:00,286.0266,98848.08,98107.67,0.8568898,-0.6398382,0.004932494,74.375,31.5,1.0694171
2025-12-19 21:30:00,285.63037,98827.13,98087.04,0.87908435,-0.52315974,0.0048993896,74.375,31.5,1.0229787
2025-12-19 22:30:00,285.37946,98822.484,98072.195,0.8416796,-0.48298955,0.0048703775,74.375,31.5,0.97041404
2025-12-19 23:30:00,285.0996,98844.63,98107.555,0.84802264,-0.32118535,0.004802261,74.375,31.5,0.9068089
2025-12-20 00:30:00,284.70255,98901.65,98150.51,0.92724335,-0.13855028,0.0047379807,74.375,31.5,0.93753743
2025-12-20 01:30:00,284.17975,98971.086,98228.75,0.9690005,-0.12809265,0.0046387776,74.375,31.5,0.97743016
2025-12-20 02:30:00,284.13995,99032.83,98288.19,0.9989159,-0.46672022,0.0046799886,74.375,31.5,1.10257
2025-12-20 03:30:00,285.9599,99080.69,98346.91,1.1472383,-0.8959155,0.005323572,74.375,31.5,1.4556168
2025-12-20 04:30:00,287.88715,99133.7,98388.01,1.3869562,-1.2686319,0.005001828,74.375,31.5,1.8796474
2025-12-20 05:30:00,290.32007,99121.04,98198.28,1.2677233,-1.3423135,0.005450266,74.375,31.5,1.8463283
2025-12-20 06:30:00,293.3484,99041.17,95410.31,1.1411598,-1.2165737,0.0052102474,74.375,31.5,1.6680219
2025-12-20 07:30:00,295.20184,98934.92,92656.29,0.93330395,-0.6855968,0.00496335,74.375,31.5,1.1580584
2025-12-20 08:30:00,295.61716,98846.15,92274.8,0.99141455,-0.71956515,0.0049761245,74.375,31.5,1.2250211
2025-12-20 09:30:00,294.98642,98795.914,95410.0,0.84783566,-1.0172964,0.0055420664,74.375,31.5,1.3242799
2025-12-20 10:30:00,292.9915,98776.195,97997.914,0.743817,-1.4062195,0.0073498543,74.375,31.5,1.5908227
2025-12-20 11:30:00,291.0272,98791.37,98049.82,0.9666868,-1.8108239,0.0065007363,74.375,31.5,2.0526974
2025-12-20 12:30:00,289.9895,98866.04,98124.8,1.1807797,-1.8226064,0.005938,74.375,31.5,2.1716664
2025-12-20 13:30:00,289.34888,98939.15,98191.625,1.200299,-1.900209,0.0057700877,74.375,31.5,2.247557
2025-12-20 14:30:00,288.3554,98974.695,98230.0,1.0750642,-2.323581,0.005710158,74.375,31.5,2.5602329
2025-12-20 15:30:00,287.34192,98995.96,98246.66,0.9408831,-2.7791579,0.005697854,74.375,31.5,2.934106
2025-12-20 16:30:00,286.68298,99001.91,98251.055,0.8987687,-2.9942183,0.0055947616,74.375,31.5,3.1262004
2025-12-20 17:30:00,286.13422,99004.734,98266.945,0.97470105,-2.9494083,0.0055223294,74.375,31.5,3.106292
2025-12-20 18:30:00,285.35565,99002.13,98260.13,1.1053131,-2.8144705,0.0054578297,74.375,31.5,3.0237331
2025-12-20 19:30:00,284.64447,99003.06,98255.695,1.2125663,-2.6111336,0.0054139085,74.375,31.5,2.878947
2025-12-20 20:30:00,284.06824,99027.734,98283.59,1.3203363,-2.3885062,0.005362304,74.375,31.5,2.7291481
2025-12-20 21:30:00,283.61234,99026.05,98278.19,1.4038147,-2.337256,0.0052877506,74.375,31.5,2.7264373
2025-12-20 22:30:00,283.22937,99008.49,98257.75,1.5497524,-2.3785615,0.0052055055,74.375,31.5,2.8388884
2025-12-20 23:30:00,283.07947,99001.83,98265.25,1.6942195,-2.3799243,0.0051747854,74.375,31.5,2.921373
2025-12-21 00:30:00,283.01917,99039.79,98291.25,1.7899971,-2.335427,0.0051829265,74.375,31.5,2.9425004
2025-12-21 01:30:00,282.9323,99115.016,91398.95,1.7931404,-2.2739632,0.0052116713,74.375,31.5,2.895904
2025-12-21 02:30:00,283.6858,99189.17,90994.69,1.8277823,-2.3343356,0.0053272834,74.375,31.5,2.9647782
2025-12-21 03:30:00,285.71243,99263.17,91061.89,2.1896553,-2.8289568,0.005283358,74.375,31.5,3.5773714
2025-12-21 04:30:00,287.7671,99337.1,91129.27,1.6780697,-2.2750516,0.005468329,74.375,31.5,2.8269732
2025-12-21 05:30:00,290.73535,99348.97,91859.73,1.4025303,-1.8158972,0.0057750638,74.375,31.5,2.294466
2025-12-21 06:30:00,294.39252,99282.38,94052.83,2.1290193,-1.6316575,0.0050254622,74.375,31.5,2.6823552
2025-12-21 07:30:00,295.8084,99194.555,91910.46,1.9265712,-1.0986364,0.0049002497,74.375,31.5,2.2178094
2025-12-21 08:30:00,296.5468,99134.25,90279.34,1.6141707,-0.5958944,0.004864939,74.375,31.5,1.7206502
2025-12-21 09:30:00,296.53555,99105.22,89960.44,1.0847791,-0.45342267,0.0050161956,74.375,31.5,1.1757287
2025-12-21 10:30:00,295.80093,99092.79,92567.984,0.34991062,-0.58891547,0.00583452,74.375,31.5,0.68502474
2025-12-21 11:30:00,293.51288,99108.25,98368.68,-0.22354627,-1.1407427,0.0063336655,74.375,31.5,1.16244
2025-12-21 12:30:00,291.2981,99160.5,98410.34,-0.42923176,-1.7084165,0.0055969357,74.375,31.5,1.7615126
2025-12-21 13:30:00,290.13208,99206.43,98463.14,-0.46522474,-2.0452194,0.0057321857,74.375,31.5,2.0974643
2025-12-21 14:30:00,289.3484,99230.12,98487.09,-0.3561852,-2.1186152,0.00575895,74.375,31.5,2.1483476
2025-12-21 15:30:00,289.05933,99244.32,98507.234,-0.014180064,-1.9290247,0.0056615076,74.375,31.5,1.9290768
2025-12-21 16:30:00,288.69632,99246.78,90549.05,0.33678067,-1.6420922,0.0055432273,74.375,31.5,1.676272
2025-12-21 17:30:00,288.36542,99252.234,87014.45,0.51873565,-1.2812433,0.005543356,74.375,31.5,1.3822703
2025-12-21 18:30:00,288.15247,99252.09,77424.55,0.49505186,-1.021201,0.0055599706,74.375,31.5,1.1348691
2025-12-21 19:30:00,287.8858,99258.31,78305.44,0.31766582,-0.92002743,0.005533506,74.375,31.5,0.97332525
2025-12-21 20:30:00,287.27707,99275.75,80663.22,0.1007635,-0.97344226,0.0056595807,74.375,31.5,0.9786435
2025-12-21 21:30:00,286.78784,99278.24,82194.58,-0.10135228,-1.0727365,0.005798193,74.375,31.5,1.0775138
2025-12-21 22:30:00,286.40924,99274.836,84949.42,-0.17996469,-1.07128,0.0058050137,74.375,31.5,1.086291
2025-12-21 23:30:00,286.16217,99272.8,83573.11,-0.03790964,-1.0124161,0.005751356,74.375,31.5,1.0131257
2025-12-22 00:30:00,286.09943,99309.016,77525.14,0.2860909,-0.9149999,0.0057054665,74.375,31.5,0.9586829
2025-12-22 01:30:00,285.68616,99359.91,72279.01,0.7051021,-0.73222613,0.005755078,74.375,31.5,1.0165255
2025-12-22 02:30:00,285.62943,99411.734,70612.45,1.0838087,-0.52195513,0.0060622767,74.375,31.5,1.2029457
2025-12-22 03:30:00,287.08228,99464.695,70927.16,1.6485234,-0.8158866,0.006211246,74.375,31.5,1.8393751
2025-12-22 04:30:00,288.65588,99519.73,70968.81,1.6930221,-1.0184782,0.006253304,74.375,31.5,1.9757586
2025-12-22 05:30:00,291.5889,99509.42,89686.945,1.4812238,-1.1916134,0.006287628,74.375,31.5,1.9010435
2025-12-22 06:30:00,294.4221,99418.67,92371.68,1.1943873,-1.2014878,0.005881337,74.375,31.5,1.694147
2025-12-22 07:30:00,295.52875,99313.08,89824.66,0.8529043,-0.9588886,0.005917743,74.375,31.5,1.2833211
2025-12-22 08:30:00,296.07294,99225.33,87156.08,0.6131539,-0.3837725,0.006007722,74.375,31.5,0.7233526
2025-12-22 09:30:00,296.02795,99165.29,87839.98,0.17734677,0.225451,0.006221657,74.375,31.5,0.28684494
2025-12-22 10:30:00,295.24216,99124.01,84588.0,-0.43201947,0.40873176,0.0072367224,74.375,31.5,0.59472895
2025-12-22 11:30:00,293.37814,99103.77,72538.266,-1.1061937,0.3261683,0.007822794,74.375,31.5,1.153278
2025-12-22 12:30:00,291.61792,99122.48,73137.61,-1.7053928,0.16260266,0.007268387,74.375,31.5,1.7131271
2025-12-22 13:30:00,290.3871,99156.445,72779.67,-2.0798812,0.111257195,0.0072190915,74.375,31.5,2.0828547
2025-12-22 14:30:00,289.3166,99193.305,78520.39,-2.3776176,0.25925767,0.0070546917,74.375,31.5,2.3917105
2025-12-22 15:30:00,288.26135,99214.3,78662.516,-2.6197658,0.5043067,0.0068386137,74.375,31.5,2.6678638
2025-12-22 16:30:00,287.3626,99218.38,78126.66,-2.7818851,0.72642636,0.0067163347,74.375,31.5,2.8751662
2025-12-22 17:30:00,286.5697,99217.875,81164.54,-2.8911123,0.82887006,0.0066666543,74.375,31.5,3.007583
2025-12-22 18:30:00,285.92453,99198.734,83135.94,-2.968632,0.773211,0.006657131,74.375,31.5,3.067675
2025-12-22 19:30:00,285.34918,99176.62,84141.875,-3.0174367,0.65392816,0.0066723437,74.375,31.5,3.0874822
2025-12-22 20:30:00,284.81302,99163.54,82489.2,-3.0372937,0.56865287,0.0066990387,74.375,31.5,3.0900679
2025-12-22 21:30:00,284.39633,99144.03,82165.84,-3.0168452,0.53701115,0.006741143,74.375,31.5,3.0642676
2025-12-22 22:30:00,284.00217,99120.11,83213.96,-2.9756231,0.60439396,0.006779162,74.375,31.5,3.0363836
2025-12-22 23:30:00,283.646,99110.68,78307.445,-2.9349997,0.7175058,0.006813346,74.375,31.5,3.0214298
2025-12-23 00:30:00,283.3118,99134.54,78917.82,-2.930351,0.781683,0.0068533216,74.375,31.5,3.032818
2025-12-23 01:30:00,282.98294,99182.32,79792.17,-2.890009,0.89979994,0.006897148,74.375,31.5,3.0268452
2025-12-23 02:30:00,283.60318,99236.55,84603.58,-2.5818033,1.0414355,0.007027096,74.375,31.5,2.7839355
2025-12-23 03:30:00,286.66788,99311.47,87115.86,-3.1234677,1.6217916,0.007302231,74.375,31.5,3.5194116
2025-12-23 04:30:00,288.78928,99368.47,87860.34,-2.4276516,1.6183047,0.0075676464,74.375,31.5,2.9176023
2025-12-23 05:30:00,292.0648,99356.21,88263.06,-1.9355602,1.6732979,0.007765979,74.375,31.5,2.5585775
2025-12-23 06:30:00,295.66837,99284.06,83926.61,-1.7571518,2.0758545,0.006645695,74.375,31.5,2.7196975
2025-12-23 07:30:00,296.5751,99196.35,80822.0,-1.0944073,2.362844,0.0061779157,74.375,31.5,2.6039891
2025-12-23 08:30:00,296.6935,99118.79,79904.42,-0.8462442,2.32689,0.005866761,74.375,31.5,2.475994
2025-12-23 09:30:00,296.1211,99072.8,80589.55,-0.80067766,2.2304807,0.005704554,74.375,31.5,2.3698373
2025-12-23 10:30:00,294.78525,99056.56,84234.48,-0.64752954,1.844992,0.006620145,74.375,31.5,1.9553236
2025-12-23 11:30:00,291.165,99067.29,85657.586,-0.73648703,2.136869,0.007282109,74.375,31.5,2.260226
2025-12-23 12:30:00,288.7613,99106.87,85581.555,-0.9570184,2.5395918,0.006210139,74.375,31.5,2.713929
2025-12-23 13:30:00,287.68802,99158.01,85790.07,-1.0947986,2.6353161,0.0060404995,74.375,31.5,2.8536773
2025-12-23 14:30:00,286.8197,99187.984,86321.55,-1.149698,2.6861072,0.005920149,74.375,31.5,2.9218106
2025-12-23 15:30:00,286.09607,99199.66,86914.234,-1.2778525,2.6480043,0.0058224527,74.375,31.5,2.9402099
2025-12-23 16:30:00,285.41443,99186.0,87868.11,-1.5118959,2.5177474,0.0057534324,74.375,31.5,2.9368148
2025-12-23 17:30:00,284.82135,99136.57,88189.27,-1.7623628,2.2672508,0.0057169106,74.375,31.5,2.8716457
2025-12-23 18:30:00,284.2201,99069.086,89449.91,-1.910663,2.0600185,0.0057071745,74.375,31.5,2.8096814
2025-12-23 19:30:00,283.58542,99030.58,90881.8,-1.9397,2.0228453,0.005724194,74.375,31.5,2.8025594
2025-12-23 20:30:00,282.91742,99007.84,87633.38,-1.9170879,2.1662564,0.0057641477,74.375,31.5,2.8927312
2025-12-23 21:30:00,282.2698,98987.12,90920.11,-1.9099865,2.2833486,0.005809862,74.375,31.5,2.9768655
2025-12-23 22:30:00,281.66718,98947.055,90755.86,-1.9690447,2.307681,0.005836537,74.375,31.5,3.033567
2025-12-23 23:30:00,281.13034,98927.57,90737.27,-2.0302677,2.301158,0.0058098272,74.375,31.5,3.0687644
2025-12-24 00:30:00,280.62848,98957.96,91299.72,-2.015175,2.3029242,0.0057029338,74.375,31.5,3.0601292
2025-12-24 01:30:00,280.1456,98996.36,91340.85,-1.916137,2.342133,0.005513927,74.375,31.5,3.0260813
2025-12-24 02:30:00,280.89655,99055.29,91387.984,-1.6483637,2.326654,0.005384066,74.375,31.5,2.8513894
2025-12-24 03:30:00,284.03326,99124.945,91859.58,-1.8018783,3.4751716,0.0052391165,74.375,31.5,3.9145348
2025-12-24 04:30:00,286.69968,99192.57,92502.8,-0.84226537,3.308239,0.0053234464,74.375,31.5,3.4137745
2025-12-24 05:30:00,290.51694,99202.98,95249.37,-0.47694588,3.5923765,0.005281993,74.375,31.5,3.6238992
2025-12-24 06:30:00,294.25177,99148.53,85847.04,-1.3210754,4.010078,0.0049082874,74.375,31.5,4.2220807
2025-12-24 07:30:00,295.66104,99066.16,84457.56,-1.6621039,3.476962,0.004839416,74.375,31.5,3.8538105
2025-12-24 08:30:00,296.0393,99002.695,83468.33,-1.7892983,2.834478,0.004700088,74.375,31.5,3.3519924
2025-12-24 09:30:00,295.76617,98968.33,83867.445,-1.6985524,2.3703055,0.0046105254,74.375,31.5,2.9160638
2025-12-24 10:30:00,294.62228,98953.1,88162.54,-1.1351224,1.8595839,0.0051385765,74.375,31.5,2.178659
2025-12-24 11:30:00,291.39258,98964.14,97333.734,-0.58000284,1.6664889,0.0062253685,74.375,31.5,1.7645364
2025-12-24 12:30:00,289.58783,98989.81,98241.414,-0.3320197,1.8355403,0.0049396204,74.375,31.5,1.8653271
2025-12-24 13:30:00,288.54602,99036.48,98297.56,-0.18275529,1.9427159,0.0047583613,74.375,31.5,1.951293
2025-12-24 14:30:00,287.36404,99069.11,98330.664,-0.16639018,2.114846,0.004632487,74.375,31.5,2.1213815
2025-12-24 15:30:00,286.22263,99094.8,98350.53,-0.22587407,2.3018632,0.0044991174,74.375,31.5,2.3129187
2025-12-24 16:30:00,285.17575,99106.805,98370.48,-0.28051078,2.463553,0.0043561794,74.375,31.5,2.4794717
2025-12-24 17:30:00,284.62378,99095.74,98353.95,-0.3666823,2.3816693,0.004199541,74.375,31.5,2.4097311
2025-12-24 18:30:00,284.42822,99072.82,98320.58,-0.3993572,2.1544275,0.0040752753,74.375,31.5,2.1911285
2025-12-24 19:30:00,284.3296,99024.5,98288.984,-0.5149261,1.744061,0.0038691293,74.375,31.5,1.8184878
2025-12-24 20:30:00,284.2953,98984.74,98241.15,-0.57254124,1.2180998,0.003717468,74.375,31.5,1.345946
2025-12-24 21:30:00,284.0972,98968.51,98226.88,-0.3276039,1.0359536,0.0036278772,74.375,31.5,1.0865194
2025-12-24 22:30:00,283.14597,98960.02,98225.88,0.028426647,1.3973993,0.003614479,74.375,31.5,1.3976884
2025-12-24 23:30:00,281.83838,98972.51,98235.19,0.19922394,1.966261,0.0036230101,74.375,31.5,1.976328
2025-12-25 00:30:00,280.68872,99012.875,98268.61,0.029259175,2.3643756,0.003624189,74.375,31.5,2.3645566
2025-12-25 01:30:00,279.9622,99075.67,98330.61,-0.3314696,2.5166402,0.003596033,74.375,31.5,2.5383754
2025-12-25 02:30:00,280.33557,99152.79,98401.38,-0.7311571,2.3226626,0.0038260585,74.375,31.5,2.4350262
2025-12-25 03:30:00,284.11023,99253.04,98502.336,-0.99806076,2.3791413,0.0039730417,74.375,31.5,2.5800076
2025-12-25 04:30:00,286.5977,99328.03,98590.51,-0.5530874,1.9016242,0.0040128054,74.375,31.5,1.9804243
2025-12-25 05:30:00,290.63644,99334.13,92264.125,-0.5623582,2.1836164,0.0040237634,74.375,31.5,2.2548673
2025-12-25 06:30:00,294.006,99272.336,86322.61,-0.94149154,2.82953,0.00354562,74.375,31.5,2.982054
2025-12-25 07:30:00,295.02112,99156.71,85010.625,-0.9342098,1.989281,0.0035940786,74.375,31.5,2.1977232
2025-12-25 08:30:00,295.34317,99055.94,84453.27,-0.8591478,1.3007846,0.0036406855,74.375,31.5,1.558902
2025-12-25 09:30:00,295.11298,99027.15,85163.55,-0.5515387,1.44789,0.0037138814,74.375,31.5,1.5493807
2025-12-25 10:30:00,294.02948,99018.62,91609.05,-0.29823315,1.1554301,0.004942106,74.375,31.5,1.1932987
2025-12-25 11:30:00,292.02612,99022.63,98274.83,-0.25854796,1.0237113,0.0050380044,74.375,31.5,1.055856
2025-12-25 12:30:00,290.8386,99074.8,98331.664,0.06252277,1.0645287,0.0041629905,74.375,31.5,1.0663632
2025-12-25 13:30:00,290.6554,99126.555,98389.68,0.4112321,0.81172943,0.004033656,74.375,31.5,0.90995413
2025-12-25 14:30:00,290.17682,99160.97,98420.16,0.6131284,0.62350154,0.003932751,74.375,31.5,0.87446016
2025-12-25 15:30:00,289.80545,99172.16,98429.67,0.77141196,0.34074378,0.0037986452,74.375,31.5,0.8433165
2025-12-25 16:30:00,289.26874,99179.09,98427.0,0.81252563,0.24570495,0.0037406809,74.375,31.5,0.84886324
2025-12-25 17:30:00,288.7649,99154.54,98414.58,0.8673843,0.034168422,0.00362403,74.375,31.5,0.8680571
2025-12-25 18:30:00,287.80774,99136.47,98396.46,1.0628242,-0.009611428,0.0036729968,74.375,31.5,1.0628678
2025-12-25 19:30:00,286.92383,99114.42,98362.09,1.293086,0.09922111,0.0037622615,74.375,31.5,1.2968872
2025-12-25 20:30:00,285.97012,99120.57,98376.055,1.5866835,0.5167713,0.0039117318,74.375,31.5,1.6687173
2025-12-25 21:30:00,285.3746,99126.99,98386.8,1.6572014,0.6359251,0.0039978162,74.375,31.5,1.775026
2025-12-25 22:30:00,285.2246,99100.1,98359.625,1.5552297,0.069606185,0.003898725,74.375,31.5,1.5567865
2025-12-25 23:30:00,284.7788,99089.03,98346.625,1.4897645,-0.25939143,0.0039017843,74.375,31.5,1.5121778
2025-12-26 00:30:00,284.37366,99142.25,98407.67,1.4195684,-0.42673397,0.0039481386,74.375,31.5,1.4823213
2025-12-26 01:30:00,283.79987,99213.02,98462.055,1.4515839,-0.722853,0.0040555247,74.375,31.5,1.6216079
2025-12-26 02:30:00,283.4497,99283.24,98537.02,1.5731041,-0.7884065,0.0043228646,74.375,31.5,1.759614
2025-12-26 03:30:00,285.09198,99365.305,98615.914,1.8095384,-0.5326632,0.0046777083,74.375,31.5,1.8863083
2025-12-26 04:30:00,286.97284,99433.16,98676.625,2.3349078,-0.47144306,0.003922599,74.375,31.5,2.382027
2025-12-26 05:30:00,290.06076,99439.375,95240.4,1.8289838,0.09850788,0.003960819,74.375,31.5,1.8316346
2025-12-26 06:30:00,293.99683,99360.555,83974.016,0.86242956,0.84933794,0.0033603238,74.375,31.5,1.2104378
2025-12-26 07:30:00,295.445,99256.56,82058.984,-0.0446887,0.73972213,0.0032768385,74.375,31.5,0.74107075
2025-12-26 08:30:00,295.80655,99169.29,81070.61,-0.41579267,0.5238113,0.0033260477,74.375,31.5,0.66877633
2025-12-26 09:30:00,295.62698,99114.74,82483.875,-0.49410498,0.70419216,0.0033917003,74.375,31.5,0.86024785
2025-12-26 10:30:00,294.63684,99096.5,90127.57,-0.49004066,0.85820925,0.0044035614,74.375,31.5,0.9882626
2025-12-26 11:30:00,292.28934,99097.04,98355.22,-0.6577648,0.85001475,0.004794486,74.375,31.5,1.0747929
2025-12-26 12:30:00,290.88196,99130.414,98396.16,-0.917593,0.6485138,0.0037538703,74.375,31.5,1.1236311
2025-12-26 13:30:00,290.25592,99173.445,98431.69,-1.0889922,0.25024158,0.0035845677,74.375,31.5,1.1173742
2025-12-26 14:30:00,289.94073,99204.92,98465.47,-1.0103893,-0.10746294,0.0034659796,74.375,31.5,1.016088
2025-12-26 15:30:00,289.57388,99220.48,98481.914,-0.72974265,-0.2710889,0.0034095615,74.375,31.5,0.7784687
2025-12-26 16:30:00,288.9892,99224.734,98479.34,-0.5240569,-0.24176526,0.0033599287,74.375,31.5,0.5771361
2025-12-26 17:30:00,288.2885,99202.34,98462.93,-0.5352552,-0.0909403,0.0033446958,74.375,31.5,0.54292566
2025-12-26 18:30:00,287.4936,99178.47,98431.39,-0.72608364,0.078235835,0.003375308,74.375,31.5,0.7302864
2025-12-26 19:30:00,286.3274,99161.75,98415.78,-0.9752008,0.20659518,0.0034603046,74.375,31.5,0.99684405
2025-12-26 20:30:00,285.1221,99171.11,98430.984,-1.196189,0.36411563,0.0035338306,74.375,31.5,1.2503793
2025-12-26 21:30:00,284.3425,99166.4,98418.64,-1.2536676,0.5257946,0.0035166724,74.375,31.5,1.359464
2025-12-26 22:30:00,283.568,99140.37,98398.3,-1.1147928,0.68786615,0.0035185087,74.375,31.5,1.3099324
2025-12-26 23:30:00,282.92276,99123.73,98388.83,-0.83302605,0.9277259,0.0035089338,74.375,31.5,1.2468392
2025-12-27 00:30:00,282.34766,99148.055,98409.31,-0.3989544,1.2522818,0.00345359,74.375,31.5,1.3142961
2025-12-27 01:30:00,281.44122,99205.086,98462.36,0.047798038,1.5917516,0.0034239464,74.375,31.5,1.5924691
2025-12-27 02:30:00,281.05206,99259.76,98524.81,0.37166035,1.8287176,0.003647965,74.375,31.5,1.8661027
2025-12-27 03:30:00,283.90247,99332.0,98595.22,0.4124136,1.9455934,0.0039482894,74.375,31.5,1.9888234
2025-12-27 04:30:00,286.26352,99398.82,98643.766,0.2832117,1.6865048,0.0036630877,74.375,31.5,1.7101191
2025-12-27 05:30:00,289.26947,99386.05,96190.86,0.00848341,1.421358,0.0039825416,74.375,31.5,1.4213833
2025-12-27 06:30:00,293.3869,99307.336,89368.64,-1.0635625,2.6552677,0.0036020433,74.375,31.5,2.8603518
2025-12-27 07:30:00,294.7326,99205.08,88318.28,-1.0950196,2.8568013,0.0036822588,74.375,31.5,3.059474
2025-12-27 08:30:00,295.15756,99125.58,88562.73,-1.0757571,2.9203374,0.0037692324,74.375,31.5,3.1121736
2025-12-27 09:30:00,294.66296,99076.3,89450.484,-1.008579,2.8441844,0.0039735488,74.375,31.5,3.0177171
2025-12-27 10:30:00,292.98376,99057.27,97223.79,-0.6573842,1.892328,0.0056845197,74.375,31.5,2.0032623
2025-12-27 11:30:00,289.97668,99058.03,98320.11,-0.7468883,1.9839282,0.005838936,74.375,31.5,2.1198616
2025-12-27 12:30:00,288.77335,99104.35,98355.8,-0.7942775,1.8397762,0.004715446,74.375,31.5,2.0039093
2025-12-27 13:30:00,288.6631,99162.42,98415.51,-0.7375347,1.4347606,0.00435299,74.375,31.5,1.6132252
2025-12-27 14:30:00,288.1745,99218.99,98480.04,-0.60889834,1.0238814,0.004162142,74.375,31.5,1.1912558
2025-12-27 15:30:00,287.91513,99245.26,98507.66,-0.46722734,0.7793699,0.0039712614,74.375,31.5,0.9086907
2025-12-27 16:30:00,287.44144,99251.1,98500.95,-0.3098204,0.74854255,0.0038432758,74.375,31.5,0.8101263
2025-12-27 17:30:00,286.75726,99230.35,98488.41,-0.19845223,0.8355709,0.003753357,74.375,31.5,0.8588143
2025-12-27 18:30:00,286.07227,99200.12,98451.27,-0.17164683,0.9338303,0.0036604402,74.375,31.5,0.94947445
2025-12-27 19:30:00,285.4756,99176.09,98442.83,-0.17745662,0.9337477,0.0035770878,74.375,31.5,0.95046073
2025-12-27 20:30:00,284.9115,99189.23,98446.64,-0.026964784,0.8897677,0.003505274,74.375,31.5,0.89017624
2025-12-27 21:30:00,284.15643,99184.44,98444.78,0.20532513,0.8086101,0.0034604364,74.375,31.5,0.8342714
2025-12-27 22:30:00,283.3573,99159.086,98410.36,0.4294185,0.7021239,0.0034254421,74.375,31.5,0.8230299
2025-12-27 23:30:00,282.6001,99154.74,98411.45,0.6537226,0.6919873,0.0033734005,74.375,31.5,0.9519451
2025-12-28 00:30:00,281.94907,99195.02,98460.92,0.8321538,0.6664002,0.0033213692,74.375,31.5,1.0661
2025-12-28 01:30:00,281.4351,99251.24,98511.2,0.9022737,0.52577424,0.0032826446,74.375,31.5,1.0442876
2025-12-28 02:30:00,281.35477,99303.14,98561.61,0.9337235,0.40181625,0.0033906624,74.375,31.5,1.0165116
2025-12-28 03:30:00,282.91162,99383.414,98640.53,1.1723344,0.4177394,0.003872882,74.375,31.5,1.2445377
2025-12-28 04:30:00,285.0092,99480.234,98739.53,1.5984814,0.6304549,0.0035523716,74.375,31.5,1.7183179
2025-12-28 05:30:00,288.33725,99495.5,95001.67,1.4969786,1.0542979,0.0037286999,74.375,31.5,1.8309804
2025-12-28 06:30:00,291.7518,99411.9,90801.52,1.1428828,1.6649568,0.003564096,74.375,31.5,2.0194707
2025-12-28 07:30:00,292.7677,99308.78,90002.76,0.8386787,1.6022973,0.0036299683,74.375,31.5,1.8085183
2025-12-28 08:30:00,293.23456,99236.836,88981.125,0.6417585,1.3716438,0.0036590148,74.375,31.5,1.5143515
2025-12-28 09:30:00,293.0531,99215.16,88572.5,0.4196084,1.0940332,0.0037450579,74.375,31.5,1.1717422
2025-12-28 10:30:00,292.0898,99210.36,95618.27,0.20818837,0.59444815,0.004977953,74.375,31.5,0.62985
2025-12-28 11:30:00,290.97006,99211.62,98474.8,0.19720381,0.04859042,0.0043688356,74.375,31.5,0.20310189
2025-12-28 12:30:00,289.65338,99242.57,98498.22,0.26692724,-0.5009057,0.0039673443,74.375,31.5,0.56758845
2025-12-28 13:30:00,288.81482,99298.41,98544.33,0.37035716,-0.71929383,0.0040258644,74.375,31.5,0.80904144
2025-12-28 14:30:00,288.18048,99347.18,98594.42,0.41735044,-0.7517555,0.0039982214,74.375,31.5,0.85983586
2025-12-28 15:30:00,287.612,99367.5,98622.43,0.35848904,-0.84933,0.003976289,74.375,31.5,0.9218871
2025-12-28 16:30:00,287.04935,99371.586,98622.2,0.28899485,-0.94576263,0.0038341142,74.375,31.5,0.98893124
2025-12-28 17:30:00,286.41483,99359.945,98611.984,0.09676039,-1.0084296,0.0036994484,74.375,31.5,1.0130612
2025-12-28 18:30:00,285.57776,99332.68,98586.875,-0.27881104,-1.1216961,0.003693222,74.375,31.5,1.1558278
2025-12-28 19:30:00,284.7167,99311.336,98561.875,-0.5659126,-1.1894857,0.0037343826,74.375,31.5,1.3172445
2025-12-28 20:30:00,284.22736,99303.34,98556.555,-0.6110198,-1.0090761,0.0037252638,74.375,31.5,1.1796525
2025-12-28 21:30:00,284.07266,99271.24,98523.89,-0.45794195,-0.46303517,0.0036943147,74.375,31.5,0.6512391
2025-12-28 22:30:00,283.68192,99231.69,98485.05,-0.21019897,0.42315173,0.0036988475,74.375,31.5,0.47248387
2025-12-28 23:30:00,282.5974,99202.82,98468.016,-0.07636255,1.3526571,0.0037854374,74.375,31.5,1.3548108
2025-12-29 00:30:00,281.2615,99215.21,98465.62,-0.10623437,1.9831955,0.003780533,74.375,31.5,1.9860388
2025-12-29 01:30:00,280.38583,99248.53,98506.8,-0.20299827,2.3209925,0.003769712,74.375,31.5,2.3298528
2025-12-29 02:30:00,280.53436,99291.93,98543.56,-0.26558086,2.3215766,0.0039673205,74.375,31.5,2.336718
2025-12-29 03:30:00,283.53442,99354.46,98608.92,-0.2377985,2.4121733,0.004080007,74.375,31.5,2.4238663
2025-12-29 04:30:00,285.5003,99423.51,98677.2,0.023368984,2.2731404,0.003860725,74.375,31.5,2.2732604
2025-12-29 05:30:00,288.20428,99417.05,96875.33,0.24584222,1.7336341,0.0041512335,74.375,31.5,1.7509785
2025-12-29 06:30:00,291.99518,99329.33,91971.83,-0.7939243,2.15974,0.004031505,74.375,31.5,2.3010416
2025-12-29 07:30:00,293.18335,99213.33,90459.63,-0.77184474,2.0305066,0.0041048913,74.375,31.5,2.1722572
2025-12-29 08:30:00,293.63977,99141.75,90147.13,-0.66926646,2.0921552,0.0041520977,74.375,31.5,2.1965952
2025-12-29 09:30:00,293.54858,99090.48,90102.484,-0.70730996,2.0118303,0.0042354967,74.375,31.5,2.1325452
2025-12-29 10:30:00,292.42902,99070.805,95685.8,-0.70213497,1.3467872,0.0054136724,74.375,31.5,1.518825
2025-12-29 11:30:00,290.2645,99073.47,98327.6,-0.91663694,1.0174937,0.0055829817,74.375,31.5,1.369495
2025-12-29 12:30:00,289.37354,99108.41,98361.58,-0.8616631,0.7365984,0.0047453432,74.375,31.5,1.1335962
2025-12-29 13:30:00,289.1355,99159.836,98415.44,-0.5937971,0.55595154,0.004531525,74.375,31.5,0.8134354
2025-12-29 14:30:00,288.86807,99200.97,98454.97,-0.24389204,0.4539408,0.00426826,74.375,31.5,0.5153111
2025-12-29 15:30:00,288.30835,99206.14,98465.19,0.041029334,0.2763152,0.0041537145,74.375,31.5,0.27934477
2025-12-29 16:30:00,287.7716,99192.79,98455.65,0.19001722,-0.2129345,0.0040456476,74.375,31.5,0.28539035
2025-12-29 17:30:00,287.2918,99183.266,98436.07,0.3332327,-0.2896843,0.003994524,74.375,31.5,0.4415439
2025-12-29 18:30:00,286.6891,99189.66,98452.78,0.41841513,0.073169075,0.004033564,74.375,31.5,0.42476457
2025-12-29 19:30:00,286.38867,99170.414,98421.7,0.20913252,-0.04954096,0.004031441,74.375,31.5,0.21492027
2025-12-29 20:30:00,286.06595,99149.695,98400.14,0.17494059,-0.30723143,0.0040257415,74.375,31.5,0.35354683
2025-12-29 21:30:00,285.48315,99112.27,98359.766,0.088924706,-0.32383707,0.004060168,74.375,31.5,0.33582443
2025-12-29 22:30:00,284.85062,99061.11,98324.61,-0.41683102,-0.13373572,0.0040831883,74.375,31.5,0.43775943
2025-12-29 23:30:00,283.9594,99038.13,98287.86,-0.84244627,-0.0673002,0.00423219,74.375,31.5,0.8451302
2025-12-30 00:30:00,283.55493,99056.44,98312.81,-0.94922984,0.1090703,0.0042739753,74.375,31.5,0.95547557
2025-12-30 01:30:00,283.3219,99093.81,98354.91,-0.8150294,0.46508503,0.0042587626,74.375,31.5,0.9383906
2025-12-30 02:30:00,283.12665,99126.22,98383.78,-0.42172694,1.0248408,0.004463289,74.375,31.5,1.1082203
2025-12-30 03:30:00,283.76407,99191.95,98444.055,-0.03572005,1.3647248,0.004858639,74.375,31.5,1.365192
2025-12-30 04:30:00,284.99277,99245.67,98506.36,0.15309423,1.8058652,0.004292629,74.375,31.5,1.8123429
2025-12-30 05:30:00,286.45093,99225.98,97866.3,0.26466358,1.6580181,0.0041910154,74.375,31.5,1.679009
2025-12-30 06:30:00,289.6789,99124.25,93215.74,-0.02279833,1.7929648,0.0040762764,74.375,31.5,1.7931098
2025-12-30 07:30:00,292.8953,99003.414,88427.76,-0.6222613,2.2295446,0.003818296,74.375,31.5,2.3147523
2025-12-30 08:30:00,294.01825,98902.93,87005.72,-1.0859071,2.3301516,0.003765916,74.375,31.5,2.5707588
2025-12-30 09:30:00,293.91693,98840.89,87537.78,-1.4110171,2.1598632,0.0038314047,74.375,31.5,2.5799181
2025-12-30 10:30:00,292.70764,98809.34,92183.0,-1.2651708,1.2934077,0.0049645924,74.375,31.5,1.8092984
2025-12-30 11:30:00,289.86517,98798.4,96345.06,-1.5377054,0.71920234,0.0054740054,74.375,31.5,1.6975836
2025-12-30 12:30:00,288.34186,98834.75,98091.94,-1.5585396,0.11349827,0.004312312,74.375,31.5,1.5626668
2025-12-30 13:30:00,288.25348,98876.625,98132.39,-1.0616746,-0.5274965,0.004020496,74.375,31.5,1.185498
2025-12-30 14:30:00,287.83453,98892.766,98145.29,-0.21048725,-1.0026636,0.0039166217,74.375,31.5,1.024519
2025-12-30 15:30:00,286.46072,98883.555,98136.69,0.5415719,-1.1892354,0.0039656046,74.375,31.5,1.3067445
2025-12-30 16:30:00,285.69348,98859.93,98121.55,0.86934894,-1.1039479,0.003954542,74.375,31.5,1.4051578
2025-12-30 17:30:00,285.6563,98828.125,98091.17,0.823305,-0.860389,0.003947189,74.375,31.5,1.1908402
2025-12-30 18:30:00,285.36743,98767.47,98032.43,0.49613792,-0.8975042,0.0039473413,74.375,31.5,1.0255079
2025-12-30 19:30:00,284.69415,98750.09,98008.96,0.016926289,-0.2893979,0.003861606,74.375,31.5,0.28989246
2025-12-30 20:30:00,283.51117,98783.65,98042.11,-0.68567526,0.7747956,0.003861865,74.375,31.5,1.0346298
2025-12-30 21:30:00,282.5361,98763.38,98024.28,-1.1081178,0.9364486,0.003932626,74.375,31.5,1.4508139
2025-12-30 22:30:00,282.46518,98718.2,97984.87,-1.076343,0.72533894,0.0040396852,74.375,31.5,1.2979333
2025-12-30 23:30:00,282.68747,98688.86,97946.664,-0.84917104,0.39640048,0.004022851,74.375,31.5,0.9371365
2025-12-31 00:30:00,282.8087,98703.2,97956.195,-0.35087752,-0.061713487,0.0040134736,74.375,31.5,0.35626337
2025-12-31 01:30:00,282.37704,98736.5,97997.13,0.54625404,-0.50975883,0.0040289634,74.375,31.5,0.74715966
2025-12-31 02:30:00,281.6022,98758.23,98016.16,1.384229,-0.521224,0.0043117134,74.375,31.5,1.4791093
2025-12-31 03:30:00,283.17102,98796.77,98051.34,2.4612913,-0.111558914,0.0044383723,74.375,31.5,2.4638183
2025-12-31 04:30:00,284.69104,98851.58,98112.39,2.5264363,0.63511765,0.004395113,74.375,31.5,2.6050441
2025-12-31 05:30:00,287.22626,98857.266,96574.41,1.9243479,1.2805786,0.0044881743,74.375,31.5,2.3114922
2025-12-31 06:30:00,289.4978,98796.26,92899.95,1.6439945,1.7528532,0.0042891307,74.375,31.5,2.4031672
2025-12-31 07:30:00,290.42804,98713.336,91065.41,1.0468802,1.542183,0.004323062,74.375,31.5,1.8639439
2025-12-31 08:30:00,290.65338,98652.984,89742.79,0.32371807,0.7624459,0.0044601634,74.375,31.5,0.8283219
2025-12-31 09:30:00,290.39578,98634.625,89156.46,-0.43630838,-0.1619237,0.004665904,74.375,31.5,0.46538618
2025-12-31 10:30:00,289.40747,98627.76,94527.15,-0.78089464,-0.758126,0.0055448874,74.375,31.5,1.088371
2025-12-31 11:30:00,286.9866,98643.055,97898.01,-0.92840886,-1.4507775,0.0059127198,74.375,31.5,1.7224107
2025-12-31 12:30:00,285.01617,98688.68,97952.516,-0.936473,-2.0514872,0.0052277106,74.375,31.5,2.2551234
2025-12-31 13:30:00,284.14093,98767.33,98022.69,-0.7750766,-2.2871594,0.005093944,74.375,31.5,2.4149208
2025-12-31 14:30:00,283.5299,98829.8,98088.47,-0.72108054,-2.2811718,0.004975439,74.375,31.5,2.392426
2025-12-31 15:30:00,282.95502,98866.53,98127.77,-0.7308688,-2.2706668,0.004906595,74.375,31.5,2.3853924
2025-12-31 16:30:00,282.42096,98886.914,98141.32,-0.75151956,-2.278864,0.0048721884,74.375,31.5,2.3995838
2025-12-31 17:30:00,281.92554,98889.01,98157.25,-0.83519804,-2.2435076,0.004876382,74.375,31.5,2.3939261
2025-12-31 18:30:00,281.427,98865.83,98128.58,-0.9851067,-2.184445,0.004892375,74.375,31.5,2.396296
2025-12-31 19:30:00,280.97687,98851.59,98110.78,-1.1323593,-2.1741652,0.004927371,74.375,31.5,2.4513736
2025-12-31 20:30:00,280.65448,98853.52,98117.57,-1.216904,-2.2018616,0.004998704,74.375,31.5,2.5157604
2025-12-31 21:30:00,280.1964,98857.83,98117.805,-1.0883229,-2.2902231,0.005074057,74.375,31.5,2.5356596
2025-12-31 22:30:00,280.00027,98852.03,88834.45,-0.81240666,-2.3044856,0.0051764036,74.375,31.5,2.4434931
2025-12-31 23:30:00,279.6259,98858.125,85954.24,-0.60758436,-2.323529,0.0051868944,74.375,31.5,2.4016547
