time,BCCMASS,BCSMASS,BCEXTTAU,TOTEXTTAU,lon,lat
2025-09-01 00:30:00,1.2612863e-06,1.3133103e-09,0.013067655,0.17018029,74.375,31.5
2025-09-01 01:30:00,1.2145505e-06,1.2337296e-09,0.012288727,0.15883122,74.375,31.5
2025-09-01 02:30:00,1.1893825e-06,1.0900294e-09,0.01184633,0.15237148,74.375,31.5
2025-09-01 03:30:00,1.1951262e-06,7.7534423e-10,0.011841224,0.15407157,74.375,31.5
2025-09-01 04:30:00,1.2328878e-06,6.616574e-10,0.012304941,0.16509674,74.375,31.5
2025-09-01 05:30:00,1.2920406e-06,6.368738e-10,0.013126757,0.18275465,74.375,31.5
2025-09-01 06:30:00,1.2283357e-06,5.5410965e-10,0.012397329,0.119342804,74.375,31.5
2025-09-01 07:30:00,1.2183289e-06,5.113634e-10,0.012249996,0.119861074,74.375,31.5
2025-09-01 08:30:00,1.2091436e-06,4.7816684e-10,0.012088239,0.11952387,74.375,31.5
2025-09-01 09:30:00,1.2264585e-06,4.439471e-10,0.0124977315,0.25966722,74.375,31.5
2025-09-01 10:30:00,1.2316983e-06,4.5326942e-10,0.012598773,0.26219884,74.375,31.5
2025-09-01 11:30:00,1.2489937e-06,5.0567905e-10,0.012775853,0.25962222,74.375,31.5
2025-09-01 12:30:00,1.2840786e-06,6.018581e-10,0.013152533,0.26256987,74.375,31.5
2025-09-01 13:30:00,1.3360915e-06,8.1763574e-10,0.013699806,0.25943202,74.375,31.5
2025-09-01 14:30:00,1.389804e-06,1.0300027e-09,0.014191054,0.24659395,74.375,31.5
2025-09-01 15:30:00,1.4453641e-06,1.2032615e-09,0.014703796,0.23154457,74.375,31.5
2025-09-01 16:30:00,1.5101689e-06,1.3633326e-09,0.015378225,0.22015545,74.375,31.5
2025-09-01 17:30:00,1.5738824e-06,1.5352272e-09,0.016118225,0.21424578,74.375,31.5
2025-09-01 18:30:00,1.6105598e-06,1.7030288e-09,0.016557999,0.21240738,74.375,31.5
2025-09-01 19:30:00,1.6005521e-06,1.8117136e-09,0.016345758,0.20057145,74.375,31.5
2025-09-01 20:30:00,1.5715773e-06,1.8239918e-09,0.015864626,0.17719409,74.375,31.5
2025-09-01 21:30:00,1.5540519e-06,1.803528e-09,0.015619601,0.17522821,74.375,31.5
2025-09-01 22:30:00,1.5428259e-06,1.8058017e-09,0.015513023,0.17936875,74.375,31.5
2025-09-01 23:30:00,1.5293721e-06,1.841727e-09,0.015388265,0.17600831,74.375,31.5
2025-09-02 00:30:00,1.5131585e-06,1.906301e-09,0.015264659,0.18180151,74.375,31.5
2025-09-02 01:30:00,1.4944364e-06,1.9117579e-09,0.015096245,0.18285502,74.375,31.5
2025-09-02 02:30:00,1.4755205e-06,1.3492354e-09,0.014803002,0.17174345,74.375,31.5
2025-09-02 03:30:00,1.4709399e-06,8.967619e-10,0.014704505,0.16276857,74.375,31.5
2025-09-02 04:30:00,1.4763236e-06,7.2259376e-10,0.014788683,0.17272057,74.375,31.5
2025-09-02 05:30:00,1.5120003e-06,6.5938405e-10,0.015287423,0.19482578,74.375,31.5
2025-09-02 06:30:00,1.5579187e-06,6.427854e-10,0.015865978,0.22931841,74.375,31.5
2025-09-02 07:30:00,1.5964816e-06,6.4642347e-10,0.016270565,0.25141844,74.375,31.5
2025-09-02 08:30:00,1.6252857e-06,6.527902e-10,0.016583301,0.26393643,74.375,31.5
2025-09-02 09:30:00,1.6667192e-06,6.737082e-10,0.017090958,0.35902464,74.375,31.5
2025-09-02 10:30:00,1.6951703e-06,7.205474e-10,0.017317042,0.36562827,74.375,31.5
2025-09-02 11:30:00,1.7353253e-06,8.0649576e-10,0.017736118,0.3665012,74.375,31.5
2025-09-02 12:30:00,1.7829128e-06,9.431462e-10,0.01829617,0.40485585,74.375,31.5
2025-09-02 13:30:00,1.8329279e-06,1.1232267e-09,0.018930212,0.4346918,74.375,31.5
2025-09-02 14:30:00,1.8762402e-06,1.3146761e-09,0.019455707,0.4335247,74.375,31.5
2025-09-02 15:30:00,1.8880147e-06,1.4811121e-09,0.019532673,0.42516068,74.375,31.5
2025-09-02 16:30:00,1.8737338e-06,1.6329978e-09,0.019226808,0.39063713,74.375,31.5
2025-09-02 17:30:00,1.8566441e-06,1.7812517e-09,0.018946467,0.34791312,74.375,31.5
2025-09-02 18:30:00,1.838693e-06,1.917216e-09,0.01873189,0.31484386,74.375,31.5
2025-09-02 19:30:00,1.8242158e-06,2.0081685e-09,0.018552223,0.28735855,74.375,31.5
2025-09-02 20:30:00,1.8201323e-06,2.079109e-09,0.018493833,0.26647493,74.375,31.5
2025-09-02 21:30:00,1.8155307e-06,2.1318558e-09,0.01831345,0.24810079,74.375,31.5
2025-09-02 22:30:00,1.8045371e-06,2.1864262e-09,0.017990727,0.22142428,74.375,31.5
2025-09-02 23:30:00,1.783859e-06,2.2519118e-09,0.01757298,0.18467881,74.375,31.5
2025-09-03 00:30:00,1.7702467e-06,2.3246685e-09,0.017297374,0.16222534,74.375,31.5
2025-09-03 01:30:00,1.771662e-06,2.279195e-09,0.017209569,0.14729422,74.375,31.5
2025-09-03 02:30:00,1.7896938e-06,1.6489166e-09,0.017276304,0.13316974,74.375,31.5
2025-09-03 03:30:00,1.8327542e-06,1.2000783e-09,0.01762432,0.13488187,74.375,31.5
2025-09-03 04:30:00,1.8781997e-06,9.813449e-10,0.017989911,0.13565178,74.375,31.5
2025-09-03 05:30:00,1.9158126e-06,8.5651697e-10,0.018259903,0.125108,74.375,31.5
2025-09-03 06:30:00,1.8277366e-06,7.280505e-10,0.017486041,0.19084528,74.375,31.5
2025-09-03 07:30:00,1.8274319e-06,6.8394e-10,0.017432248,0.1759324,74.375,31.5
2025-09-03 08:30:00,1.8419456e-06,6.623395e-10,0.017614827,0.1737548,74.375,31.5
2025-09-03 09:30:00,1.7039551e-06,6.052687e-10,0.016554866,0.3374953,74.375,31.5
2025-09-03 10:30:00,1.6855361e-06,6.366464e-10,0.016393356,0.34628335,74.375,31.5
2025-09-03 11:30:00,1.6704292e-06,6.8371303e-10,0.016260987,0.3463676,74.375,31.5
2025-09-03 12:30:00,1.6482076e-06,7.230483e-10,0.01609239,0.35206896,74.375,31.5
2025-09-03 13:30:00,1.626205e-06,8.724328e-10,0.0159255,0.34972945,74.375,31.5
2025-09-03 14:30:00,1.6137802e-06,1.1013981e-09,0.01586295,0.34152478,74.375,31.5
2025-09-03 15:30:00,1.6128454e-06,1.3155842e-09,0.015881887,0.33126044,74.375,31.5
2025-09-03 16:30:00,1.6261827e-06,1.5338629e-09,0.016053317,0.32136974,74.375,31.5
2025-09-03 17:30:00,1.6442226e-06,1.7635111e-09,0.016262133,0.30806693,74.375,31.5
2025-09-03 18:30:00,1.6586821e-06,1.9963409e-09,0.016445126,0.29280004,74.375,31.5
2025-09-03 19:30:00,1.6667819e-06,2.2182578e-09,0.016544556,0.2749501,74.375,31.5
2025-09-03 20:30:00,1.6658712e-06,2.397429e-09,0.016549885,0.25565177,74.375,31.5
2025-09-03 21:30:00,1.658777e-06,2.5274858e-09,0.01644013,0.23574273,74.375,31.5
2025-09-03 22:30:00,1.6477279e-06,2.6129785e-09,0.016290016,0.21763027,74.375,31.5
2025-09-03 23:30:00,1.6301799e-06,2.642992e-09,0.01606313,0.19958207,74.375,31.5
2025-09-04 00:30:00,1.6119136e-06,2.6393536e-09,0.01584967,0.18672124,74.375,31.5
2025-09-04 01:30:00,1.5959574e-06,2.6166163e-09,0.015694028,0.18083218,74.375,31.5
2025-09-04 02:30:00,1.5761083e-06,1.8080756e-09,0.015430977,0.1755627,74.375,31.5
2025-09-04 03:30:00,1.5504272e-06,1.0577423e-09,0.015057321,0.13226637,74.375,31.5
2025-09-04 04:30:00,1.5353536e-06,8.137704e-10,0.014985466,0.14963867,74.375,31.5
2025-09-04 05:30:00,1.5121608e-06,7.0258466e-10,0.014860363,0.16683029,74.375,31.5
2025-09-04 06:30:00,1.4684329e-06,6.159553e-10,0.014558716,0.21033125,74.375,31.5
2025-09-04 07:30:00,1.4167292e-06,5.607035e-10,0.014057805,0.21342617,74.375,31.5
2025-09-04 08:30:00,1.3623956e-06,5.206857e-10,0.013485784,0.21304236,74.375,31.5
2025-09-04 09:30:00,1.3319187e-06,5.020411e-10,0.013177406,0.24105754,74.375,31.5
2025-09-04 10:30:00,1.2842902e-06,4.9863047e-10,0.012643773,0.23062529,74.375,31.5
2025-09-04 11:30:00,1.2423856e-06,5.1704774e-10,0.012143567,0.21688236,74.375,31.5
2025-09-04 12:30:00,1.2092106e-06,5.3955773e-10,0.011739794,0.20597376,74.375,31.5
2025-09-04 13:30:00,1.1894659e-06,6.677965e-10,0.011478887,0.19514832,74.375,31.5
2025-09-04 14:30:00,1.1780635e-06,8.7788976e-10,0.01131634,0.18664801,74.375,31.5
2025-09-04 15:30:00,1.1727972e-06,1.0659278e-09,0.011212746,0.18036076,74.375,31.5
2025-09-04 16:30:00,1.1739834e-06,1.2460077e-09,0.011198667,0.17644508,74.375,31.5
2025-09-04 17:30:00,1.1816132e-06,1.4347279e-09,0.01128194,0.17523469,74.375,31.5
2025-09-04 18:30:00,1.1901786e-06,1.634362e-09,0.011404326,0.17578796,74.375,31.5
2025-09-04 19:30:00,1.1941704e-06,1.8358151e-09,0.011504677,0.17707668,74.375,31.5
2025-09-04 20:30:00,1.1954899e-06,2.0345396e-09,0.011604173,0.17869143,74.375,31.5
2025-09-04 21:30:00,1.1983074e-06,2.2364475e-09,0.011721055,0.17908157,74.375,31.5
2025-09-04 22:30:00,1.2087928e-06,2.4592737e-09,0.011915744,0.17851993,74.375,31.5
2025-09-04 23:30:00,1.2328915e-06,2.7248461e-09,0.012248298,0.17919376,74.375,31.5
2025-09-05 00:30:00,1.271163e-06,3.0349838e-09,0.012722769,0.18144436,74.375,31.5
2025-09-05 01:30:00,1.3146635e-06,3.340574e-09,0.013249225,0.18443994,74.375,31.5
2025-09-05 02:30:00,1.3389543e-06,3.0586307e-09,0.013469079,0.18611045,74.375,31.5
2025-09-05 03:30:00,1.364304e-06,1.3251338e-09,0.013349911,0.18219423,74.375,31.5
2025-09-05 04:30:00,1.3865556e-06,9.408723e-10,0.013426518,0.18230645,74.375,31.5
2025-09-05 05:30:00,1.3936437e-06,7.228209e-10,0.013427675,0.18164565,74.375,31.5
2025-09-05 06:30:00,1.3543014e-06,6.202754e-10,0.013121959,0.14126116,74.375,31.5
2025-09-05 07:30:00,1.3481799e-06,5.8503247e-10,0.013127644,0.14549701,74.375,31.5
2025-09-05 08:30:00,1.3409996e-06,5.6797944e-10,0.01309541,0.14831112,74.375,31.5
2025-09-05 09:30:00,1.357398e-06,5.5911187e-10,0.01327483,0.1970729,74.375,31.5
2025-09-05 10:30:00,1.3576212e-06,5.7843863e-10,0.013235605,0.19658953,74.375,31.5
2025-09-05 11:30:00,1.3650796e-06,6.2141225e-10,0.013248859,0.19435607,74.375,31.5
2025-09-05 12:30:00,1.3817407e-06,6.596111e-10,0.013347945,0.19207199,74.375,31.5
2025-09-05 13:30:00,1.4062622e-06,8.406006e-10,0.013541586,0.1908735,74.375,31.5
2025-09-05 14:30:00,1.4308804e-06,1.1104935e-09,0.013733929,0.1895623,74.375,31.5
2025-09-05 15:30:00,1.4519252e-06,1.3692453e-09,0.013908501,0.18828125,74.375,31.5
2025-09-05 16:30:00,1.4676465e-06,1.6066234e-09,0.01406671,0.18777518,74.375,31.5
2025-09-05 17:30:00,1.4806959e-06,1.8226287e-09,0.014232081,0.18868868,74.375,31.5
2025-09-05 18:30:00,1.4966042e-06,2.0290827e-09,0.0144448,0.19076884,74.375,31.5
2025-09-05 19:30:00,1.5198848e-06,2.248271e-09,0.014755852,0.19383676,74.375,31.5
2025-09-05 20:30:00,1.5500954e-06,2.4847402e-09,0.015129594,0.19680054,74.375,31.5
2025-09-05 21:30:00,1.5777626e-06,2.730303e-09,0.015430894,0.19668424,74.375,31.5
2025-09-05 22:30:00,1.6044995e-06,3.000423e-09,0.015675835,0.19402722,74.375,31.5
2025-09-05 23:30:00,1.6390934e-06,3.3269323e-09,0.01597408,0.19022101,74.375,31.5
2025-09-06 00:30:00,1.6974811e-06,3.747118e-09,0.01651972,0.18881378,74.375,31.5
2025-09-06 01:30:00,1.783276e-06,4.2418833e-09,0.017362889,0.19096784,74.375,31.5
2025-09-06 02:30:00,1.8734074e-06,4.343748e-09,0.018301398,0.19604667,74.375,31.5
2025-09-06 03:30:00,1.9559648e-06,2.7657734e-09,0.019058958,0.20509791,74.375,31.5
2025-09-06 04:30:00,2.0461353e-06,1.4888428e-09,0.020263169,0.2226508,74.375,31.5
2025-09-06 05:30:00,2.0823609e-06,1.1982593e-09,0.021067409,0.23922314,74.375,31.5
2025-09-06 06:30:00,2.145169e-06,1.1150407e-09,0.022015613,0.32270423,74.375,31.5
2025-09-06 07:30:00,2.1056378e-06,1.0368243e-09,0.021732047,0.3226049,74.375,31.5
2025-09-06 08:30:00,2.0578968e-06,9.818002e-10,0.021266896,0.31769797,74.375,31.5
2025-09-06 09:30:00,2.0484972e-06,9.758878e-10,0.021028,0.31745562,74.375,31.5
2025-09-06 10:30:00,1.9806134e-06,9.595169e-10,0.02015963,0.29548693,74.375,31.5
2025-09-06 11:30:00,1.9341412e-06,9.836185e-10,0.019576993,0.27908465,74.375,31.5
2025-09-06 12:30:00,1.9229099e-06,1.0027179e-09,0.019434934,0.2736617,74.375,31.5
2025-09-06 13:30:00,1.9363224e-06,1.0913936e-09,0.019649137,0.27760473,74.375,31.5
2025-09-06 14:30:00,1.948995e-06,1.2832971e-09,0.019892314,0.27847564,74.375,31.5
2025-09-06 15:30:00,1.9423455e-06,1.4929357e-09,0.019790111,0.27598006,74.375,31.5
2025-09-06 16:30:00,1.909389e-06,1.6748346e-09,0.019361954,0.26855397,74.375,31.5
2025-09-06 17:30:00,1.8665008e-06,1.8321772e-09,0.01885347,0.26079786,74.375,31.5
2025-09-06 18:30:00,1.8265127e-06,1.9772415e-09,0.018448295,0.2564831,74.375,31.5
2025-09-06 19:30:00,1.7997477e-06,2.1173037e-09,0.018170005,0.2560641,74.375,31.5
2025-09-06 20:30:00,1.7870659e-06,2.2564564e-09,0.018097704,0.25963968,74.375,31.5
2025-09-06 21:30:00,1.780406e-06,2.391971e-09,0.018122517,0.2657113,74.375,31.5
2025-09-06 22:30:00,1.7860086e-06,2.5547706e-09,0.018312445,0.2752012,74.375,31.5
2025-09-06 23:30:00,1.8126141e-06,2.7812348e-09,0.018740535,0.28741214,74.375,31.5
2025-09-07 00:30:00,1.8597185e-06,3.0931915e-09,0.019383563,0.30109838,74.375,31.5
2025-09-07 01:30:00,1.924035e-06,3.4697223e-09,0.020278446,0.31608415,74.375,31.5
2025-09-07 02:30:00,1.9808592e-06,3.5897756e-09,0.021144567,0.32837597,74.375,31.5
2025-09-07 03:30:00,2.202006e-06,2.9558578e-09,0.023693264,0.58430743,74.375,31.5
2025-09-07 04:30:00,2.2299848e-06,2.1209416e-09,0.02408718,0.57469255,74.375,31.5
2025-09-07 05:30:00,2.2384738e-06,1.713488e-09,0.02441202,0.55983305,74.375,31.5
2025-09-07 06:30:00,2.224759e-06,1.5320438e-09,0.024550326,0.5430722,74.375,31.5
2025-09-07 07:30:00,2.1982228e-06,1.4342731e-09,0.024524035,0.5279999,74.375,31.5
2025-09-07 08:30:00,2.170647e-06,1.3787941e-09,0.024323728,0.50998795,74.375,31.5
2025-09-07 09:30:00,2.1408375e-06,1.3392312e-09,0.02410326,0.50115037,74.375,31.5
2025-09-07 10:30:00,2.1351314e-06,1.3551475e-09,0.02406361,0.4995759,74.375,31.5
2025-09-07 11:30:00,2.136959e-06,1.3142207e-09,0.024078092,0.49425083,74.375,31.5
2025-09-07 12:30:00,2.1445708e-06,1.3792487e-09,0.024268296,0.505158,74.375,31.5
2025-09-07 13:30:00,2.153854e-06,1.6038939e-09,0.024363628,0.5104771,74.375,31.5
2025-09-07 14:30:00,2.1638218e-06,1.8098947e-09,0.0244579,0.5084768,74.375,31.5
2025-09-07 15:30:00,2.1729188e-06,1.9799706e-09,0.024352005,0.4990359,74.375,31.5
2025-09-07 16:30:00,2.1799326e-06,2.1200333e-09,0.024236102,0.4877607,74.375,31.5
2025-09-07 17:30:00,2.1843884e-06,2.241907e-09,0.02425821,0.48141605,74.375,31.5
2025-09-07 18:30:00,2.1879187e-06,2.3646862e-09,0.024314415,0.47914022,74.375,31.5
2025-09-07 19:30:00,2.1924648e-06,2.503839e-09,0.024360547,0.4774678,74.375,31.5
2025-09-07 20:30:00,2.2030563e-06,2.6730058e-09,0.024382878,0.47382197,74.375,31.5
2025-09-07 21:30:00,2.2304603e-06,2.8849172e-09,0.024452347,0.47209823,74.375,31.5
2025-09-07 22:30:00,2.2727095e-06,3.1350282e-09,0.024802865,0.47593635,74.375,31.5
2025-09-07 23:30:00,2.3192588e-06,3.4042387e-09,0.025412757,0.4849035,74.375,31.5
2025-09-08 00:30:00,2.3541454e-06,3.6570782e-09,0.02605583,0.49693006,74.375,31.5
2025-09-08 01:30:00,2.3665477e-06,3.8598955e-09,0.026359811,0.50225,74.375,31.5
2025-09-08 02:30:00,2.3411023e-06,3.9090082e-09,0.026135493,0.49509963,74.375,31.5
2025-09-08 03:30:00,2.2804668e-06,3.075911e-09,0.025049746,0.46734425,74.375,31.5
2025-09-08 04:30:00,2.2172683e-06,2.1500455e-09,0.023944914,0.43974662,74.375,31.5
2025-09-08 05:30:00,2.1477272e-06,1.654371e-09,0.023064,0.41848972,74.375,31.5
2025-09-08 06:30:00,2.4596584e-06,1.7753337e-09,0.026430713,0.6235398,74.375,31.5
2025-09-08 07:30:00,2.352917e-06,1.5647856e-09,0.025422718,0.5949548,74.375,31.5
2025-09-08 08:30:00,2.2471509e-06,1.4333636e-09,0.024317313,0.55371183,74.375,31.5
2025-09-08 09:30:00,1.6466961e-06,8.82892e-10,0.01782158,0.37195733,74.375,31.5
2025-09-08 10:30:00,1.6178195e-06,8.9016794e-10,0.017306931,0.35012755,74.375,31.5
2025-09-08 11:30:00,1.5933095e-06,8.6401997e-10,0.016869247,0.32710806,74.375,31.5
2025-09-08 12:30:00,1.5730307e-06,8.8311936e-10,0.016560394,0.32653263,74.375,31.5
2025-09-08 13:30:00,1.561641e-06,1.0695658e-09,0.016154883,0.31939036,74.375,31.5
2025-09-08 14:30:00,1.5565654e-06,1.3037607e-09,0.015912969,0.30435163,74.375,31.5
2025-09-08 15:30:00,1.554477e-06,1.5256774e-09,0.015716285,0.28807858,74.375,31.5
2025-09-08 16:30:00,1.5511142e-06,1.7257662e-09,0.015530786,0.2710001,74.375,31.5
2025-09-08 17:30:00,1.5457529e-06,1.900844e-09,0.01539331,0.2563939,74.375,31.5
2025-09-08 18:30:00,1.5347628e-06,2.05182e-09,0.015240735,0.2431905,74.375,31.5
2025-09-08 19:30:00,1.5140122e-06,2.1791493e-09,0.015057129,0.23221214,74.375,31.5
2025-09-08 20:30:00,1.4962302e-06,2.301931e-09,0.015004162,0.22555298,74.375,31.5
2025-09-08 21:30:00,1.4912207e-06,2.4492692e-09,0.015051415,0.220748,74.375,31.5
2025-09-08 22:30:00,1.4993775e-06,2.656634e-09,0.015113744,0.21681592,74.375,31.5
2025-09-08 23:30:00,1.520058e-06,2.926754e-09,0.015263103,0.21368317,74.375,31.5
2025-09-09 00:30:00,1.5486845e-06,3.2305252e-09,0.015484218,0.21078658,74.375,31.5
2025-09-09 01:30:00,1.5810941e-06,3.526111e-09,0.015790366,0.20984797,74.375,31.5
2025-09-09 02:30:00,1.6031772e-06,3.3269316e-09,0.015957812,0.20955612,74.375,31.5
2025-09-09 03:30:00,1.4800386e-06,1.2723831e-09,0.014396642,0.14891446,74.375,31.5
2025-09-09 04:30:00,1.5158081e-06,9.144969e-10,0.014836621,0.15543482,74.375,31.5
2025-09-09 05:30:00,1.5292254e-06,7.789822e-10,0.015063829,0.16051042,74.375,31.5
2025-09-09 06:30:00,1.5391896e-06,6.989467e-10,0.015233581,0.17979844,74.375,31.5
2025-09-09 07:30:00,1.565974e-06,6.521077e-10,0.015557912,0.19349524,74.375,31.5
2025-09-09 08:30:00,1.6106154e-06,6.320988e-10,0.016013296,0.2075227,74.375,31.5
2025-09-09 09:30:00,1.6563196e-06,6.289156e-10,0.016533837,0.22871037,74.375,31.5
2025-09-09 10:30:00,1.6873275e-06,6.4892447e-10,0.016828274,0.24966446,74.375,31.5
2025-09-09 11:30:00,1.6999e-06,6.8621375e-10,0.016901907,0.2681152,74.375,31.5
2025-09-09 12:30:00,1.7083687e-06,7.225936e-10,0.017006353,0.2898558,74.375,31.5
2025-09-09 13:30:00,1.7223739e-06,9.331417e-10,0.017100537,0.3064017,74.375,31.5
2025-09-09 14:30:00,1.7432067e-06,1.1891645e-09,0.01730567,0.31770158,74.375,31.5
2025-09-09 15:30:00,1.7649711e-06,1.4333638e-09,0.017488524,0.3248534,74.375,31.5
2025-09-09 16:30:00,1.7846243e-06,1.6634659e-09,0.01761755,0.32834685,74.375,31.5
2025-09-09 17:30:00,1.8013501e-06,1.8835637e-09,0.017733002,0.3290559,74.375,31.5
2025-09-09 18:30:00,1.8175685e-06,2.1009328e-09,0.017841943,0.32649148,74.375,31.5
2025-09-09 19:30:00,1.8335139e-06,2.3319444e-09,0.017975368,0.32248166,74.375,31.5
2025-09-09 20:30:00,1.8535862e-06,2.5956979e-09,0.018178558,0.319562,74.375,31.5
2025-09-09 21:30:00,1.8782688e-06,2.8885552e-09,0.018449575,0.31871495,74.375,31.5
2025-09-09 22:30:00,1.9093293e-06,3.2114258e-09,0.018774236,0.3191753,74.375,31.5
2025-09-09 23:30:00,1.9491827e-06,3.5688572e-09,0.019196998,0.32072857,74.375,31.5
2025-09-10 00:30:00,1.9942759e-06,3.927198e-09,0.01968892,0.32312512,74.375,31.5
2025-09-10 01:30:00,2.0280138e-06,4.2073225e-09,0.020097371,0.32563633,74.375,31.5
2025-09-10 02:30:00,2.0184493e-06,4.0981836e-09,0.02003397,0.3253716,74.375,31.5
2025-09-10 03:30:00,1.958952e-06,2.7102942e-09,0.019133657,0.3180491,74.375,31.5
2025-09-10 04:30:00,1.8721379e-06,1.6839294e-09,0.018076025,0.31281808,74.375,31.5
2025-09-10 05:30:00,1.7654672e-06,1.119588e-09,0.016997112,0.30859992,74.375,31.5
2025-09-10 06:30:00,1.645656e-06,7.9057827e-10,0.015976239,0.30082852,74.375,31.5
2025-09-10 07:30:00,1.5181613e-06,6.054961e-10,0.014868315,0.28706247,74.375,31.5
2025-09-10 08:30:00,1.4243221e-06,5.165932e-10,0.013958718,0.26828176,74.375,31.5
2025-09-10 09:30:00,1.5339187e-06,5.477432e-10,0.015029566,0.38721937,74.375,31.5
2025-09-10 10:30:00,1.4727177e-06,5.097718e-10,0.014322897,0.35710543,74.375,31.5
2025-09-10 11:30:00,1.4389349e-06,5.018137e-10,0.013901951,0.32513943,74.375,31.5
2025-09-10 12:30:00,1.4252618e-06,5.8025773e-10,0.013692187,0.30601862,74.375,31.5
2025-09-10 13:30:00,1.4188636e-06,8.0672247e-10,0.01353054,0.285185,74.375,31.5
2025-09-10 14:30:00,1.4103241e-06,1.0090854e-09,0.013356824,0.26678345,74.375,31.5
2025-09-10 15:30:00,1.393652e-06,1.1773409e-09,0.013122776,0.25241265,74.375,31.5
2025-09-10 16:30:00,1.370531e-06,1.3210412e-09,0.0128458245,0.24120742,74.375,31.5
2025-09-10 17:30:00,1.3472488e-06,1.4633772e-09,0.012594605,0.23329605,74.375,31.5
2025-09-10 18:30:00,1.3317792e-06,1.6316335e-09,0.012432078,0.22805616,74.375,31.5
2025-09-10 19:30:00,1.3306832e-06,1.8476385e-09,0.012415236,0.22514047,74.375,31.5
2025-09-10 20:30:00,1.3463307e-06,2.1163942e-09,0.012575422,0.224983,74.375,31.5
2025-09-10 21:30:00,1.3682866e-06,2.3828761e-09,0.012846378,0.22794005,74.375,31.5
2025-09-10 22:30:00,1.3763902e-06,2.5447662e-09,0.013007595,0.23225145,74.375,31.5
2025-09-10 23:30:00,1.3612791e-06,2.5538613e-09,0.012926204,0.23560877,74.375,31.5
2025-09-11 00:30:00,1.3320697e-06,2.4510887e-09,0.012669951,0.237407,74.375,31.5
2025-09-11 01:30:00,1.3071156e-06,2.3392244e-09,0.012439742,0.23777297,74.375,31.5
2025-09-11 02:30:00,1.2982877e-06,2.2546482e-09,0.012361656,0.23756602,74.375,31.5
2025-09-11 03:30:00,1.2954653e-06,2.1254891e-09,0.012326517,0.23588891,74.375,31.5
2025-09-11 04:30:00,1.2986354e-06,1.2905738e-09,0.01218015,0.23166557,74.375,31.5
2025-09-11 05:30:00,1.3014775e-06,6.7098344e-10,0.012146716,0.23083381,74.375,31.5
2025-09-11 06:30:00,1.2426909e-06,5.0567905e-10,0.011651286,0.20394664,74.375,31.5
2025-09-11 07:30:00,1.252011e-06,4.772575e-10,0.01179566,0.20370448,74.375,31.5
2025-09-11 08:30:00,1.2481303e-06,4.679354e-10,0.011810795,0.20096664,74.375,31.5
2025-09-11 09:30:00,1.4769664e-06,5.2705235e-10,0.014065003,0.39597112,74.375,31.5
2025-09-11 10:30:00,1.4652147e-06,5.377397e-10,0.014023143,0.38395393,74.375,31.5
2025-09-11 11:30:00,1.4587441e-06,5.538837e-10,0.0139629515,0.370124,74.375,31.5
2025-09-11 12:30:00,1.4531056e-06,6.004939e-10,0.013947046,0.36067125,74.375,31.5
2025-09-11 13:30:00,1.4465066e-06,8.0467544e-10,0.013901756,0.35342818,74.375,31.5
2025-09-11 14:30:00,1.4370742e-06,1.0154508e-09,0.013809743,0.34450093,74.375,31.5
2025-09-11 15:30:00,1.430885e-06,1.1946214e-09,0.013718182,0.33376825,74.375,31.5
2025-09-11 16:30:00,1.4365244e-06,1.3565118e-09,0.0137365395,0.32292783,74.375,31.5
2025-09-11 17:30:00,1.4596768e-06,1.5284065e-09,0.013950599,0.31488934,74.375,31.5
2025-09-11 18:30:00,1.4888811e-06,1.7298601e-09,0.014249148,0.31101257,74.375,31.5
2025-09-11 19:30:00,1.5165076e-06,1.9717874e-09,0.014559724,0.3109059,74.375,31.5
2025-09-11 20:30:00,1.5422867e-06,2.251913e-09,0.014855277,0.31126916,74.375,31.5
2025-09-11 21:30:00,1.5678459e-06,2.5484046e-09,0.015114304,0.30989537,74.375,31.5
2025-09-11 22:30:00,1.5966489e-06,2.8421747e-09,0.015377575,0.30655035,74.375,31.5
2025-09-11 23:30:00,1.627862e-06,3.1368554e-09,0.015659163,0.30259246,74.375,31.5
2025-09-12 00:30:00,1.6637623e-06,3.4387995e-09,0.016009867,0.2992627,74.375,31.5
2025-09-12 01:30:00,1.7039582e-06,3.7307473e-09,0.01642789,0.2964616,74.375,31.5
2025-09-12 02:30:00,1.7328059e-06,3.845344e-09,0.016793063,0.29511046,74.375,31.5
2025-09-12 03:30:00,1.6665763e-06,2.8103386e-09,0.016042434,0.26875404,74.375,31.5
2025-09-12 04:30:00,1.669387e-06,1.2960306e-09,0.015834937,0.26413882,74.375,31.5
2025-09-12 05:30:00,1.6637828e-06,8.994926e-10,0.015889738,0.26400766,74.375,31.5
2025-09-12 06:30:00,1.6379381e-06,7.048584e-10,0.015828958,0.26526305,74.375,31.5
2025-09-12 07:30:00,1.5903931e-06,6.0958893e-10,0.015500289,0.26376992,74.375,31.5
2025-09-12 08:30:00,1.5346006e-06,5.507002e-10,0.015055314,0.2631679,74.375,31.5
2025-09-12 09:30:00,1.5908375e-06,5.75028e-10,0.01559773,0.323722,74.375,31.5
2025-09-12 10:30:00,1.5503526e-06,5.54337e-10,0.015080245,0.3210411,74.375,31.5
2025-09-12 11:30:00,1.5204632e-06,5.3319127e-10,0.014669332,0.30752686,74.375,31.5
2025-09-12 12:30:00,1.4982023e-06,5.927632e-10,0.014300246,0.29124877,74.375,31.5
2025-09-12 13:30:00,1.4855246e-06,8.0376605e-10,0.014046159,0.27667895,74.375,31.5
2025-09-12 14:30:00,1.4853155e-06,1.0068114e-09,0.013974592,0.26666754,74.375,31.5
2025-09-12 15:30:00,1.498764e-06,1.1928029e-09,0.01409284,0.26167345,74.375,31.5
2025-09-12 16:30:00,1.5252524e-06,1.3751573e-09,0.014385485,0.26084977,74.375,31.5
2025-09-12 17:30:00,1.5630603e-06,1.5697893e-09,0.014816374,0.26305267,74.375,31.5
2025-09-12 18:30:00,1.6031936e-06,1.7780621e-09,0.015280349,0.26536244,74.375,31.5
2025-09-12 19:30:00,1.6330698e-06,1.9845174e-09,0.015626391,0.26487824,74.375,31.5
2025-09-12 20:30:00,1.6494291e-06,2.1764208e-09,0.015825314,0.26185638,74.375,31.5
2025-09-12 21:30:00,1.6592003e-06,2.3537723e-09,0.01591593,0.2585069,74.375,31.5
2025-09-12 22:30:00,1.6682861e-06,2.5092959e-09,0.015985224,0.25744218,74.375,31.5
2025-09-12 23:30:00,1.6780624e-06,2.6375346e-09,0.016082272,0.25930604,74.375,31.5
2025-09-13 00:30:00,1.6931203e-06,2.7548595e-09,0.016263682,0.2635694,74.375,31.5
2025-09-13 01:30:00,1.7176786e-06,2.8840077e-09,0.016554525,0.27057716,74.375,31.5
2025-09-13 02:30:00,1.7420376e-06,2.9658624e-09,0.01689534,0.27956915,74.375,31.5
2025-09-13 03:30:00,1.748529e-06,2.6402631e-09,0.016991142,0.2865279,74.375,31.5
2025-09-13 04:30:00,1.7571931e-06,9.2995883e-10,0.016838638,0.2903353,74.375,31.5
2025-09-13 05:30:00,1.764614e-06,6.689341e-10,0.016994644,0.29610458,74.375,31.5
2025-09-13 06:30:00,1.4121471e-06,4.3155524e-10,0.013605664,0.20956437,74.375,31.5
2025-09-13 07:30:00,1.3917545e-06,4.203003e-10,0.013412394,0.2049701,74.375,31.5
2025-09-13 08:30:00,1.3782284e-06,4.1473006e-10,0.013272371,0.19965595,74.375,31.5
2025-09-13 09:30:00,1.840735e-06,5.8207666e-10,0.01779907,0.47501293,74.375,31.5
2025-09-13 10:30:00,1.8158061e-06,5.7752936e-10,0.017542005,0.46821764,74.375,31.5
2025-09-13 11:30:00,1.8127745e-06,5.8389726e-10,0.017476315,0.46174315,74.375,31.5
2025-09-13 12:30:00,1.8283023e-06,6.416486e-10,0.017579976,0.46136397,74.375,31.5
2025-09-13 13:30:00,1.8594202e-06,8.669773e-10,0.017801274,0.46384826,74.375,31.5
2025-09-13 14:30:00,1.9024799e-06,1.1073145e-09,0.018175798,0.4725733,74.375,31.5
2025-09-13 15:30:00,1.9496035e-06,1.337412e-09,0.018572604,0.48389408,74.375,31.5
2025-09-13 16:30:00,1.9880645e-06,1.5465957e-09,0.018901544,0.49114588,74.375,31.5
2025-09-13 17:30:00,2.0115585e-06,1.7262209e-09,0.019092867,0.4905722,74.375,31.5
2025-09-13 18:30:00,2.0243835e-06,1.8926585e-09,0.019184941,0.48498258,74.375,31.5
2025-09-13 19:30:00,2.038512e-06,2.068191e-09,0.019295458,0.47894454,74.375,31.5
2025-09-13 20:30:00,2.0542425e-06,2.2546374e-09,0.01947532,0.47117472,74.375,31.5
2025-09-13 21:30:00,2.0802463e-06,2.4629117e-09,0.019818546,0.46464366,74.375,31.5
2025-09-13 22:30:00,2.1213998e-06,2.6966518e-09,0.020399954,0.46265662,74.375,31.5
2025-09-13 23:30:00,2.1652638e-06,2.9203875e-09,0.021076415,0.46158212,74.375,31.5
2025-09-14 00:30:00,2.1894405e-06,3.0804586e-09,0.021516666,0.4565857,74.375,31.5
2025-09-14 01:30:00,2.1869862e-06,3.1668606e-09,0.021631978,0.44788402,74.375,31.5
2025-09-14 02:30:00,2.1679007e-06,3.1595846e-09,0.021543242,0.43870237,74.375,31.5
2025-09-14 03:30:00,1.230141e-06,7.2873263e-10,0.011944161,0.21939865,74.375,31.5
2025-09-14 04:30:00,1.1942119e-06,4.124559e-10,0.011450524,0.20737551,74.375,31.5
2025-09-14 05:30:00,1.1715246e-06,3.4606287e-10,0.01118191,0.19861133,74.375,31.5
2025-09-14 06:30:00,1.3547417e-06,4.1370646e-10,0.012908821,0.23902342,74.375,31.5
2025-09-14 07:30:00,1.3566387e-06,4.0745393e-10,0.012941207,0.23458557,74.375,31.5
2025-09-14 08:30:00,1.3688939e-06,4.1552645e-10,0.0130759515,0.23239592,74.375,31.5
2025-09-14 09:30:00,2.1459557e-06,7.9012497e-10,0.020577675,0.5231223,74.375,31.5
2025-09-14 10:30:00,2.0694429e-06,7.8125795e-10,0.019874396,0.52503717,74.375,31.5
2025-09-14 11:30:00,2.022794e-06,7.753472e-10,0.01944082,0.52841306,74.375,31.5
2025-09-14 12:30:00,2.0163548e-06,8.3969115e-10,0.019354573,0.5323389,74.375,31.5
2025-09-14 13:30:00,2.0418258e-06,1.0750234e-09,0.01946363,0.53464675,74.375,31.5
2025-09-14 14:30:00,2.0799314e-06,1.3146761e-09,0.019745199,0.5385094,74.375,31.5
2025-09-14 15:30:00,2.1304113e-06,1.5511453e-09,0.020186272,0.54288185,74.375,31.5
2025-09-14 16:30:00,2.1992303e-06,1.805804e-09,0.02087703,0.5487266,74.375,31.5
2025-09-14 17:30:00,2.2811676e-06,2.0954787e-09,0.021757714,0.5572708,74.375,31.5
2025-09-14 18:30:00,2.360793e-06,2.402885e-09,0.022691973,0.56875104,74.375,31.5
2025-09-14 19:30:00,2.4178146e-06,2.6921045e-09,0.023480056,0.5811245,74.375,31.5
2025-09-14 20:30:00,2.4377196e-06,2.9258458e-09,0.02397162,0.5928001,74.375,31.5
2025-09-14 21:30:00,2.4160183e-06,3.0568117e-09,0.02402197,0.59936774,74.375,31.5
2025-09-14 22:30:00,2.3698283e-06,3.0859155e-09,0.023690866,0.5944705,74.375,31.5
2025-09-14 23:30:00,2.3201312e-06,3.0622687e-09,0.023210175,0.581035,74.375,31.5
2025-09-15 00:30:00,2.279812e-06,3.0413503e-09,0.022799361,0.56880724,74.375,31.5
2025-09-15 01:30:00,2.2484692e-06,3.051355e-09,0.022511242,0.56022656,74.375,31.5
2025-09-15 02:30:00,2.2204613e-06,3.0595415e-09,0.022274818,0.55288386,74.375,31.5
2025-09-15 03:30:00,2.1832316e-06,2.924935e-09,0.021871764,0.5431206,74.375,31.5
2025-09-15 04:30:00,2.1591113e-06,1.893569e-09,0.021226581,0.52922344,74.375,31.5
2025-09-15 05:30:00,2.1673457e-06,1.2078123e-09,0.021141037,0.5243065,74.375,31.5
2025-09-15 06:30:00,1.8567491e-06,6.7757355e-10,0.018025849,0.418105,74.375,31.5
2025-09-15 07:30:00,1.7959492e-06,5.759375e-10,0.017464543,0.40213645,74.375,31.5
2025-09-15 08:30:00,1.7383248e-06,5.413768e-10,0.016923772,0.38763565,74.375,31.5
2025-09-15 09:30:00,1.6462661e-06,5.0840787e-10,0.01602493,0.36773267,74.375,31.5
2025-09-15 10:30:00,1.6241328e-06,5.100012e-10,0.01581164,0.35981226,74.375,31.5
2025-09-15 11:30:00,1.6199521e-06,5.095485e-10,0.015809366,0.35016784,74.375,31.5
2025-09-15 12:30:00,1.6323172e-06,5.8503546e-10,0.015952788,0.3506534,74.375,31.5
2025-09-15 13:30:00,1.6540406e-06,8.192339e-10,0.016135348,0.34687316,74.375,31.5
2025-09-15 14:30:00,1.6739327e-06,1.0586619e-09,0.016324395,0.34286115,74.375,31.5
2025-09-15 15:30:00,1.6843759e-06,1.2814891e-09,0.016423319,0.3443459,74.375,31.5
2025-09-15 16:30:00,1.6877775e-06,1.4943123e-09,0.016461818,0.3510336,74.375,31.5
2025-09-15 17:30:00,1.695329e-06,1.7166937e-09,0.016544575,0.35833728,74.375,31.5
2025-09-15 18:30:00,1.7146801e-06,1.9626898e-09,0.016725637,0.37151897,74.375,31.5
2025-09-15 19:30:00,1.7439323e-06,2.209164e-09,0.016985048,0.38569385,74.375,31.5
2025-09-15 20:30:00,1.7746256e-06,2.38834e-09,0.017339854,0.39438942,74.375,31.5
2025-09-15 21:30:00,1.7873548e-06,2.4392648e-09,0.017572217,0.41370553,74.375,31.5
2025-09-15 22:30:00,1.7698868e-06,2.3637767e-09,0.017451476,0.42082494,74.375,31.5
2025-09-15 23:30:00,1.7299737e-06,2.2182582e-09,0.017011272,0.41221207,74.375,31.5
2025-09-16 00:30:00,1.6834207e-06,2.059096e-09,0.01641796,0.40143922,74.375,31.5
2025-09-16 01:30:00,1.6388914e-06,1.9326762e-09,0.015817523,0.38916734,74.375,31.5
2025-09-16 02:30:00,1.602309e-06,1.8926585e-09,0.0153485015,0.38105968,74.375,31.5
2025-09-16 03:30:00,1.5650096e-06,1.873559e-09,0.014920037,0.37894815,74.375,31.5
2025-09-16 04:30:00,1.5289365e-06,1.739409e-09,0.014527584,0.38001186,74.375,31.5
2025-09-16 05:30:00,1.5112358e-06,7.8444046e-10,0.014253442,0.38280654,74.375,31.5
2025-09-16 06:30:00,1.4300607e-06,4.997699e-10,0.013488862,0.34586722,74.375,31.5
2025-09-16 07:30:00,1.4208806e-06,4.7043974e-10,0.013463669,0.3477805,74.375,31.5
2025-09-16 08:30:00,1.411371e-06,4.6953114e-10,0.013425578,0.3481323,74.375,31.5
2025-09-16 09:30:00,1.5566839e-06,5.477432e-10,0.014887524,0.81690836,74.375,31.5
2025-09-16 10:30:00,1.5425202e-06,5.43199e-10,0.014802254,0.81785846,74.375,31.5
2025-09-16 11:30:00,1.5265565e-06,5.4616545e-10,0.0146277975,0.8149301,74.375,31.5
2025-09-16 12:30:00,1.5136536e-06,6.3983363e-10,0.014406317,0.80758905,74.375,31.5
2025-09-16 13:30:00,1.5181827e-06,8.733524e-10,0.0143236555,0.79515415,74.375,31.5
2025-09-16 14:30:00,1.5397644e-06,1.0832254e-09,0.0144284405,0.7790552,74.375,31.5
2025-09-16 15:30:00,1.5716224e-06,1.2592045e-09,0.014675849,0.7602579,74.375,31.5
2025-09-16 16:30:00,1.6078321e-06,1.4156474e-09,0.015005418,0.7429578,74.375,31.5
2025-09-16 17:30:00,1.646801e-06,1.5711763e-09,0.015375756,0.7298431,74.375,31.5
2025-09-16 18:30:00,1.6824532e-06,1.7316779e-09,0.015728634,0.72051954,74.375,31.5
2025-09-16 19:30:00,1.7080424e-06,1.898116e-09,0.01599627,0.7125395,74.375,31.5
2025-09-16 20:30:00,1.7252331e-06,2.07456e-09,0.01619484,0.7051396,74.375,31.5
2025-09-16 21:30:00,1.7374049e-06,2.2655513e-09,0.016367527,0.699069,74.375,31.5
2025-09-16 22:30:00,1.7495395e-06,2.468369e-09,0.016578557,0.69289976,74.375,31.5
2025-09-16 23:30:00,1.7597894e-06,2.6702778e-09,0.016818667,0.6826241,74.375,31.5
2025-09-17 00:30:00,1.7659742e-06,2.8685463e-09,0.017043982,0.66837764,74.375,31.5
2025-09-17 01:30:00,1.7751132e-06,3.0649971e-09,0.017322855,0.6536959,74.375,31.5
2025-09-17 02:30:00,1.7924996e-06,3.2014216e-09,0.017691158,0.6404825,74.375,31.5
2025-09-17 03:30:00,1.5860419e-06,2.284651e-09,0.015708154,0.4818665,74.375,31.5
2025-09-17 04:30:00,1.5536461e-06,1.3828884e-09,0.015227082,0.45715725,74.375,31.5
2025-09-17 05:30:00,1.5167757e-06,6.509741e-10,0.014804673,0.4366234,74.375,31.5
2025-09-17 06:30:00,1.4769998e-06,5.5229066e-10,0.014443323,0.4167118,74.375,31.5
2025-09-17 07:30:00,1.4368546e-06,5.200036e-10,0.014032081,0.39448908,74.375,31.5
2025-09-17 08:30:00,1.4048301e-06,5.0818016e-10,0.013694643,0.37179565,74.375,31.5
2025-09-17 09:30:00,1.3690636e-06,4.9362825e-10,0.013264519,0.33634827,74.375,31.5
2025-09-17 10:30:00,1.4007181e-06,5.2045834e-10,0.01349402,0.32644728,74.375,31.5
2025-09-17 11:30:00,1.4379833e-06,5.4728844e-10,0.013793786,0.31647187,74.375,31.5
2025-09-17 12:30:00,1.4666763e-06,6.198207e-10,0.014011039,0.3072832,74.375,31.5
2025-09-17 13:30:00,1.4802504e-06,8.583357e-10,0.014048067,0.29638654,74.375,31.5
2025-09-17 14:30:00,1.4817839e-06,1.0968507e-09,0.013981366,0.28601533,74.375,31.5
2025-09-17 15:30:00,1.4752036e-06,1.3014871e-09,0.013865839,0.27586463,74.375,31.5
2025-09-17 16:30:00,1.4679766e-06,1.4783843e-09,0.013767242,0.2666548,74.375,31.5
2025-09-17 17:30:00,1.4694314e-06,1.646642e-09,0.013775122,0.25994614,74.375,31.5
2025-09-17 18:30:00,1.4809225e-06,1.825356e-09,0.013895475,0.25634435,74.375,31.5
2025-09-17 19:30:00,1.4993716e-06,2.0227182e-09,0.014103996,0.25511062,74.375,31.5
2025-09-17 20:30:00,1.5241415e-06,2.2364524e-09,0.0143720405,0.2555115,74.375,31.5
2025-09-17 21:30:00,1.5551719e-06,2.4620024e-09,0.014684102,0.25723648,74.375,31.5
2025-09-17 22:30:00,1.5848982e-06,2.6811915e-09,0.014949188,0.2598052,74.375,31.5
2025-09-17 23:30:00,1.6087201e-06,2.861275e-09,0.0151782725,0.26200244,74.375,31.5
2025-09-18 00:30:00,1.6196325e-06,2.962225e-09,0.015332854,0.26225698,74.375,31.5
2025-09-18 01:30:00,1.6183552e-06,2.961318e-09,0.0153711215,0.26091853,74.375,31.5
2025-09-18 02:30:00,1.6110006e-06,2.8630975e-09,0.015357513,0.25859725,74.375,31.5
2025-09-18 03:30:00,1.5967609e-06,2.6802809e-09,0.015248622,0.25531068,74.375,31.5
2025-09-18 04:30:00,1.5743572e-06,1.6375459e-09,0.014845666,0.2498882,74.375,31.5
2025-09-18 05:30:00,1.554662e-06,7.198702e-10,0.014593386,0.24771528,74.375,31.5
2025-09-18 06:30:00,1.5991474e-06,6.2823347e-10,0.015082346,0.3316559,74.375,31.5
2025-09-18 07:30:00,1.553661e-06,5.8594196e-10,0.01468592,0.3126226,74.375,31.5
2025-09-18 08:30:00,1.5218745e-06,5.632046e-10,0.01439583,0.29420274,74.375,31.5
2025-09-18 09:30:00,1.711673e-06,6.177743e-10,0.016168313,0.49290618,74.375,31.5
2025-09-18 10:30:00,1.7278866e-06,6.132268e-10,0.016313845,0.48367018,74.375,31.5
2025-09-18 11:30:00,1.7533636e-06,6.1641003e-10,0.016533332,0.47640896,74.375,31.5
2025-09-18 12:30:00,1.7672097e-06,6.677965e-10,0.016667483,0.47218606,74.375,31.5
2025-09-18 13:30:00,1.7735438e-06,8.842562e-10,0.01672981,0.4703382,74.375,31.5
2025-09-18 14:30:00,1.7906044e-06,1.106855e-09,0.016900852,0.472659,74.375,31.5
2025-09-18 15:30:00,1.8276113e-06,1.2951205e-09,0.017246412,0.4793765,74.375,31.5
2025-09-18 16:30:00,1.8704119e-06,1.4551915e-09,0.017644335,0.48780832,74.375,31.5
2025-09-18 17:30:00,1.9094373e-06,1.6084414e-09,0.01802245,0.49742818,74.375,31.5
2025-09-18 18:30:00,1.9449606e-06,1.7771526e-09,0.018391838,0.50769615,74.375,31.5
2025-09-18 19:30:00,1.9883921e-06,1.9754227e-09,0.018878995,0.5198771,74.375,31.5
2025-09-18 20:30:00,2.0295695e-06,2.1991584e-09,0.019417206,0.53550404,74.375,31.5
2025-09-18 21:30:00,2.0601562e-06,2.4338078e-09,0.019972553,0.5549927,74.375,31.5
2025-09-18 22:30:00,2.0775585e-06,2.6630005e-09,0.020387037,0.5710319,74.375,31.5
2025-09-18 23:30:00,2.0776547e-06,2.8749132e-09,0.02054132,0.57665193,74.375,31.5
2025-09-19 00:30:00,2.0675482e-06,3.0549927e-09,0.020526437,0.57929105,74.375,31.5
2025-09-19 01:30:00,2.057661e-06,3.1905076e-09,0.020435482,0.5749007,74.375,31.5
2025-09-19 02:30:00,2.0398995e-06,3.236892e-09,0.020220233,0.5614778,74.375,31.5
2025-09-19 03:30:00,1.6742913e-06,2.2328095e-09,0.01642733,0.4264569,74.375,31.5
2025-09-19 04:30:00,1.6134502e-06,1.45792e-09,0.015583207,0.3982562,74.375,31.5
2025-09-19 05:30:00,1.6088958e-06,9.385985e-10,0.015393139,0.38021785,74.375,31.5
2025-09-19 06:30:00,2.0439945e-06,9.708856e-10,0.019436168,0.4999765,74.375,31.5
2025-09-19 07:30:00,2.0287027e-06,8.421921e-10,0.019302405,0.48335525,74.375,31.5
2025-09-19 08:30:00,2.048817e-06,7.9080564e-10,0.01955566,0.4695493,74.375,31.5
2025-09-19 09:30:00,2.488672e-06,9.608813e-10,0.023736669,0.5873641,74.375,31.5
2025-09-19 10:30:00,2.4822148e-06,9.417819e-10,0.023654487,0.5710138,74.375,31.5
2025-09-19 11:30:00,2.4284059e-06,9.267752e-10,0.023057586,0.5495237,74.375,31.5
2025-09-19 12:30:00,2.3343068e-06,1.0136318e-09,0.022060376,0.52585447,74.375,31.5
2025-09-19 13:30:00,2.250206e-06,1.2519195e-09,0.021140894,0.50276524,74.375,31.5
2025-09-19 14:30:00,2.210606e-06,1.4820216e-09,0.0206831,0.487387,74.375,31.5
2025-09-19 15:30:00,2.1984872e-06,1.7021193e-09,0.020547336,0.47965348,74.375,31.5
2025-09-19 16:30:00,2.2114907e-06,1.9244908e-09,0.020666083,0.47964382,74.375,31.5
2025-09-19 17:30:00,2.2430463e-06,2.1591404e-09,0.021000512,0.48623407,74.375,31.5
2025-09-19 18:30:00,2.2949625e-06,2.4165274e-09,0.021549717,0.4979799,74.375,31.5
2025-09-19 19:30:00,2.3594769e-06,2.6866473e-09,0.022248982,0.51265436,74.375,31.5
2025-09-19 20:30:00,2.4164378e-06,2.945854e-09,0.02291763,0.527542,74.375,31.5
2025-09-19 21:30:00,2.45996e-06,3.1795935e-09,0.023447476,0.5380345,74.375,31.5
2025-09-19 22:30:00,2.497945e-06,3.3778633e-09,0.023900777,0.5424493,74.375,31.5
2025-09-19 23:30:00,2.5136994e-06,3.5252017e-09,0.024118878,0.53906006,74.375,31.5
2025-09-20 00:30:00,2.4939898e-06,3.6015992e-09,0.023923147,0.5273451,74.375,31.5
2025-09-20 01:30:00,2.4287635e-06,3.593414e-09,0.023233471,0.5073468,74.375,31.5
2025-09-20 02:30:00,2.3255423e-06,3.4815462e-09,0.022179732,0.48323837,74.375,31.5
2025-09-20 03:30:00,2.228999e-06,3.261448e-09,0.021239081,0.4614602,74.375,31.5
2025-09-20 04:30:00,2.160967e-06,2.1318558e-09,0.020444036,0.44554153,74.375,31.5
2025-09-20 05:30:00,2.137616e-06,1.1145865e-09,0.02015902,0.4398698,74.375,31.5
2025-09-20 06:30:00,1.9550994e-06,8.5879037e-10,0.0184868,0.38997775,74.375,31.5
2025-09-20 07:30:00,1.9868946e-06,8.4651236e-10,0.018860731,0.38804045,74.375,31.5
2025-09-20 08:30:00,2.016871e-06,8.6106466e-10,0.01920323,0.38329995,74.375,31.5
2025-09-20 09:30:00,2.1201638e-06,9.476937e-10,0.020149356,0.40529573,74.375,31.5
2025-09-20 10:30:00,2.0699158e-06,9.758885e-10,0.019561766,0.39162287,74.375,31.5
2025-09-20 11:30:00,2.0701934e-06,9.918056e-10,0.019440299,0.37636286,74.375,31.5
2025-09-20 12:30:00,1.961382e-06,1.0400072e-09,0.018332832,0.33550328,74.375,31.5
2025-09-20 13:30:00,1.9228016e-06,1.2873898e-09,0.017912926,0.3184146,74.375,31.5
2025-09-20 14:30:00,1.897792e-06,1.5024852e-09,0.017663533,0.30687064,74.375,31.5
2025-09-20 15:30:00,1.8919209e-06,1.6821106e-09,0.017596483,0.3024884,74.375,31.5
2025-09-20 16:30:00,1.9042596e-06,1.843546e-09,0.017714059,0.30563563,74.375,31.5
2025-09-20 17:30:00,1.9323463e-06,2.004527e-09,0.017990116,0.31405282,74.375,31.5
2025-09-20 18:30:00,1.969873e-06,2.1773312e-09,0.01834084,0.32419014,74.375,31.5
2025-09-20 19:30:00,2.013056e-06,2.3792401e-09,0.01874786,0.33274868,74.375,31.5
2025-09-20 20:30:00,2.0579967e-06,2.6266238e-09,0.01918589,0.33826992,74.375,31.5
2025-09-20 21:30:00,2.1048045e-06,2.921297e-09,0.01965457,0.34073853,74.375,31.5
2025-09-20 22:30:00,2.1507046e-06,3.2450784e-09,0.020138305,0.3402504,74.375,31.5
2025-09-20 23:30:00,2.190821e-06,3.5670416e-09,0.02056708,0.3364635,74.375,31.5
2025-09-21 00:30:00,2.2169947e-06,3.8617163e-09,0.020869201,0.33082518,74.375,31.5
2025-09-21 01:30:00,2.2222214e-06,4.100008e-09,0.020994002,0.32510996,74.375,31.5
2025-09-21 02:30:00,2.1992112e-06,4.1945984e-09,0.020892683,0.32064718,74.375,31.5
2025-09-21 03:30:00,2.2085005e-06,4.1891326e-09,0.02113906,0.3329896,74.375,31.5
2025-09-21 04:30:00,2.1164155e-06,2.2955646e-09,0.020083202,0.32272312,74.375,31.5
2025-09-21 05:30:00,2.074597e-06,1.1673364e-09,0.019633522,0.31990284,74.375,31.5
2025-09-21 06:30:00,1.9349504e-06,8.565167e-10,0.018333312,0.2960091,74.375,31.5
2025-09-21 07:30:00,1.8930734e-06,7.928523e-10,0.0179021,0.28971413,74.375,31.5
2025-09-21 08:30:00,1.8512669e-06,7.605656e-10,0.017444441,0.2800156,74.375,31.5
2025-09-21 09:30:00,2.4281023e-06,1.0791169e-09,0.02275644,0.40937302,74.375,31.5
2025-09-21 10:30:00,2.3130458e-06,1.0036296e-09,0.021595307,0.38384327,74.375,31.5
2025-09-21 11:30:00,2.1956673e-06,9.376924e-10,0.020470627,0.35684663,74.375,31.5
2025-09-21 12:30:00,2.0910015e-06,1.0309122e-09,0.019482216,0.33113953,74.375,31.5
2025-09-21 13:30:00,2.0111952e-06,1.2701094e-09,0.018733788,0.30794632,74.375,31.5
2025-09-21 14:30:00,1.9605316e-06,1.5056685e-09,0.018260457,0.29051566,74.375,31.5
2025-09-21 15:30:00,1.9359863e-06,1.7421372e-09,0.01803754,0.27981225,74.375,31.5
2025-09-21 16:30:00,1.9380861e-06,1.99907e-09,0.018067854,0.2747461,74.375,31.5
2025-09-21 17:30:00,1.9654317e-06,2.28738e-09,0.018349735,0.2743926,74.375,31.5
2025-09-21 18:30:00,2.013617e-06,2.6002454e-09,0.018801622,0.27695462,74.375,31.5
2025-09-21 19:30:00,2.0656275e-06,2.914021e-09,0.019278008,0.28061906,74.375,31.5
2025-09-21 20:30:00,2.110215e-06,3.2041498e-09,0.019673344,0.28422478,74.375,31.5
2025-09-21 21:30:00,2.1405035e-06,3.4560799e-09,0.019942697,0.28736612,74.375,31.5
2025-09-21 22:30:00,2.1557014e-06,3.6507117e-09,0.020063827,0.28941557,74.375,31.5
2025-09-21 23:30:00,2.1554556e-06,3.7762224e-09,0.020055994,0.28976464,74.375,31.5
2025-09-22 00:30:00,2.1429883e-06,3.8435246e-09,0.019936712,0.28888965,74.375,31.5
2025-09-22 01:30:00,2.12552e-06,3.881724e-09,0.019769927,0.28763914,74.375,31.5
2025-09-22 02:30:00,2.107941e-06,3.856258e-09,0.019621897,0.28724492,74.375,31.5
2025-09-22 03:30:00,2.032038e-06,3.5015546e-09,0.018938266,0.2786511,74.375,31.5
2025-09-22 04:30:00,1.9586932e-06,2.833076e-09,0.01826363,0.26784405,74.375,31.5
2025-09-22 05:30:00,1.921799e-06,1.4333638e-09,0.017882846,0.2598744,74.375,31.5
2025-09-22 06:30:00,1.8964145e-06,9.2495744e-10,0.017653652,0.2552334,74.375,31.5
2025-09-22 07:30:00,1.853397e-06,7.221406e-10,0.017270196,0.24925564,74.375,31.5
2025-09-22 08:30:00,1.8019533e-06,6.3096345e-10,0.016804604,0.24095787,74.375,31.5
2025-09-22 09:30:00,1.862387e-06,6.4665073e-10,0.01736386,0.26757511,74.375,31.5
2025-09-22 10:30:00,1.8416184e-06,6.220944e-10,0.017162245,0.26405436,74.375,31.5
2025-09-22 11:30:00,1.8198551e-06,6.079972e-10,0.016939662,0.25986102,74.375,31.5
2025-09-22 12:30:00,1.7941101e-06,7.4078343e-10,0.016692253,0.25584227,74.375,31.5
2025-09-22 13:30:00,1.7712164e-06,9.804353e-10,0.016468063,0.25384572,74.375,31.5
2025-09-22 14:30:00,1.7612541e-06,1.2173588e-09,0.016368313,0.255432,74.375,31.5
2025-09-22 15:30:00,1.7759398e-06,1.4829313e-09,0.016498009,0.26006284,74.375,31.5
2025-09-22 16:30:00,1.8235484e-06,1.8058022e-09,0.016945679,0.26719543,74.375,31.5
2025-09-22 17:30:00,1.8998227e-06,2.1782403e-09,0.017648395,0.27609223,74.375,31.5
2025-09-22 18:30:00,1.9903396e-06,2.5511329e-09,0.018497236,0.28627282,74.375,31.5
2025-09-22 19:30:00,2.070039e-06,2.8539953e-09,0.019239306,0.2968264,74.375,31.5
2025-09-22 20:30:00,2.1179799e-06,3.0568135e-09,0.019677809,0.30742794,74.375,31.5
2025-09-22 21:30:00,2.1219032e-06,3.159585e-09,0.019718103,0.31761542,74.375,31.5
2025-09-22 22:30:00,2.0873833e-06,3.168682e-09,0.019396255,0.32656643,74.375,31.5
2025-09-22 23:30:00,2.0334694e-06,3.108657e-09,0.018907188,0.33334017,74.375,31.5
2025-09-23 00:30:00,1.9824784e-06,3.030441e-09,0.01845878,0.33818582,74.375,31.5
2025-09-23 01:30:00,1.9417803e-06,2.9776905e-09,0.018095309,0.3419996,74.375,31.5
2025-09-23 02:30:00,1.9115428e-06,2.934038e-09,0.017825976,0.34572154,74.375,31.5
2025-09-23 03:30:00,1.8900565e-06,2.8230716e-09,0.017628066,0.34866264,74.375,31.5
2025-09-23 04:30:00,1.879094e-06,2.6211637e-09,0.017522419,0.3507128,74.375,31.5
2025-09-23 05:30:00,1.8985523e-06,1.3837962e-09,0.01766992,0.35260755,74.375,31.5
2025-09-23 06:30:00,1.4413265e-06,4.990853e-10,0.013400664,0.18827102,74.375,31.5
2025-09-23 07:30:00,1.4246738e-06,4.4235554e-10,0.013242452,0.18414725,74.375,31.5
2025-09-23 08:30:00,1.4015197e-06,4.271215e-10,0.013025109,0.17960235,74.375,31.5
2025-09-23 09:30:00,1.557629e-06,5.052243e-10,0.014475196,0.363989,74.375,31.5
2025-09-23 10:30:00,1.5320672e-06,5.0226845e-10,0.014238036,0.35513595,74.375,31.5
2025-09-23 11:30:00,1.5094373e-06,5.0954446e-10,0.014022247,0.34679568,74.375,31.5
2025-09-23 12:30:00,1.4953545e-06,6.398296e-10,0.013890885,0.34009883,74.375,31.5
2025-09-23 13:30:00,1.509772e-06,8.926692e-10,0.01402117,0.33551377,74.375,31.5
2025-09-23 14:30:00,1.5447313e-06,1.1386878e-09,0.014345489,0.33340237,74.375,31.5
2025-09-23 15:30:00,1.5792986e-06,1.3883437e-09,0.014665224,0.33193263,74.375,31.5
2025-09-23 16:30:00,1.6109533e-06,1.66574e-09,0.014958467,0.33027053,74.375,31.5
2025-09-23 17:30:00,1.6485357e-06,1.9954325e-09,0.015308308,0.32861194,74.375,31.5
2025-09-23 18:30:00,1.700916e-06,2.3728723e-09,0.01579007,0.32742342,74.375,31.5
2025-09-23 19:30:00,1.7691964e-06,2.7694131e-09,0.016428549,0.32742462,74.375,31.5
2025-09-23 20:30:00,1.846116e-06,3.135942e-09,0.017141046,0.3286837,74.375,31.5
2025-09-23 21:30:00,1.9087918e-06,3.4069672e-09,0.017723976,0.33083346,74.375,31.5
2025-09-23 22:30:00,1.9323072e-06,3.533387e-09,0.017948998,0.33273184,74.375,31.5
2025-09-23 23:30:00,1.9141576e-06,3.5270207e-09,0.017781794,0.33186513,74.375,31.5
2025-09-24 00:30:00,1.8706824e-06,3.423338e-09,0.017379653,0.32821584,74.375,31.5
2025-09-24 01:30:00,1.8284354e-06,3.2932803e-09,0.017010223,0.3235979,74.375,31.5
2025-09-24 02:30:00,1.8027096e-06,3.1632228e-09,0.016786491,0.3191101,74.375,31.5
2025-09-24 03:30:00,1.2709717e-06,1.7880671e-09,0.011842363,0.1756615,74.375,31.5
2025-09-24 04:30:00,1.2786743e-06,1.6038967e-09,0.011916392,0.17164294,74.375,31.5
2025-09-24 05:30:00,1.3096693e-06,9.3065433e-10,0.012180325,0.1693979,74.375,31.5
2025-09-24 06:30:00,1.3071578e-06,6.464238e-10,0.012157402,0.15936534,74.375,31.5
2025-09-24 07:30:00,1.3320613e-06,5.522924e-10,0.012409609,0.16033304,74.375,31.5
2025-09-24 08:30:00,1.3391652e-06,5.081924e-10,0.012483007,0.16129921,74.375,31.5
2025-09-24 09:30:00,1.8407961e-06,6.2188005e-10,0.01721148,0.38781205,74.375,31.5
2025-09-24 10:30:00,1.7279598e-06,6.030284e-10,0.016169494,0.37621257,74.375,31.5
2025-09-24 11:30:00,1.6376832e-06,6.028114e-10,0.015271617,0.36522138,74.375,31.5
2025-09-24 12:30:00,1.6046721e-06,7.23732e-10,0.014917472,0.35856667,74.375,31.5
2025-09-24 13:30:00,1.6298708e-06,9.659106e-10,0.015138362,0.3556304,74.375,31.5
2025-09-24 14:30:00,1.6685153e-06,1.191019e-09,0.015495504,0.35510895,74.375,31.5
2025-09-24 15:30:00,1.7050746e-06,1.411999e-09,0.015831677,0.35649955,74.375,31.5
2025-09-24 16:30:00,1.7429293e-06,1.6498549e-09,0.016187442,0.35957786,74.375,31.5
2025-09-24 17:30:00,1.7777588e-06,1.9208872e-09,0.016511554,0.3636072,74.375,31.5
2025-09-24 18:30:00,1.8070067e-06,2.2237145e-09,0.016783627,0.36800316,74.375,31.5
2025-09-24 19:30:00,1.83731e-06,2.5338525e-09,0.01707337,0.37294155,74.375,31.5
2025-09-24 20:30:00,1.8689891e-06,2.8185247e-09,0.017380033,0.37714618,74.375,31.5
2025-09-24 21:30:00,1.8821518e-06,3.0358933e-09,0.017522335,0.37836635,74.375,31.5
2025-09-24 22:30:00,1.8671903e-06,3.1668606e-09,0.017406961,0.3757045,74.375,31.5
2025-09-24 23:30:00,1.8338803e-06,3.2332539e-09,0.0171125,0.37020168,74.375,31.5
2025-09-25 00:30:00,1.8011025e-06,3.2714529e-09,0.016806662,0.363501,74.375,31.5
2025-09-25 01:30:00,1.7834855e-06,3.3187497e-09,0.01663721,0.3572906,74.375,31.5
2025-09-25 02:30:00,1.7754336e-06,3.3414926e-09,0.016564745,0.35260904,74.375,31.5
2025-09-25 03:30:00,1.7501683e-06,3.254172e-09,0.016370362,0.34906122,74.375,31.5
2025-09-25 04:30:00,1.7029522e-06,2.674824e-09,0.01589677,0.34627804,74.375,31.5
2025-09-25 05:30:00,1.683042e-06,1.45792e-09,0.015641075,0.3468339,74.375,31.5
2025-09-25 06:30:00,1.5875626e-06,8.7902663e-10,0.014750656,0.31703773,74.375,31.5
2025-09-25 07:30:00,1.5569409e-06,6.491519e-10,0.014467731,0.3150981,74.375,31.5
2025-09-25 08:30:00,1.5352807e-06,5.6206784e-10,0.014267575,0.3132992,74.375,31.5
2025-09-25 09:30:00,1.529983e-06,5.52973e-10,0.014217319,0.32002953,74.375,31.5
2025-09-25 10:30:00,1.523839e-06,5.491077e-10,0.0141576845,0.32054332,74.375,31.5
2025-09-25 11:30:00,1.5228902e-06,5.55929e-10,0.01414621,0.32078552,74.375,31.5
2025-09-25 12:30:00,1.4071802e-06,6.2163985e-10,0.013071522,0.26365146,74.375,31.5
2025-09-25 13:30:00,1.4024538e-06,8.674308e-10,0.013026721,0.25814012,74.375,31.5
2025-09-25 14:30:00,1.4072094e-06,1.0963963e-09,0.0130687235,0.25496468,74.375,31.5
2025-09-25 15:30:00,1.4100865e-06,1.3142203e-09,0.013093087,0.25295758,74.375,31.5
2025-09-25 16:30:00,1.4094983e-06,1.5361371e-09,0.013086976,0.2510096,74.375,31.5
2025-09-25 17:30:00,1.418391e-06,1.7776081e-09,0.013173191,0.25009543,74.375,31.5
2025-09-25 18:30:00,1.4464753e-06,2.0490916e-09,0.01343542,0.2521831,74.375,31.5
2025-09-25 19:30:00,1.4914174e-06,2.3474058e-09,0.013855448,0.2578313,74.375,31.5
2025-09-25 20:30:00,1.5435203e-06,2.665729e-09,0.014342176,0.26736268,74.375,31.5
2025-09-25 21:30:00,1.5874509e-06,2.989509e-09,0.014754586,0.28016475,74.375,31.5
2025-09-25 22:30:00,1.6129869e-06,3.2878233e-09,0.015003437,0.29419613,74.375,31.5
2025-09-25 23:30:00,1.6354995e-06,3.531568e-09,0.015230009,0.30641815,74.375,31.5
2025-09-26 00:30:00,1.6615654e-06,3.706191e-09,0.0154880835,0.31472567,74.375,31.5
2025-09-26 01:30:00,1.6703368e-06,3.8307917e-09,0.015573456,0.31852058,74.375,31.5
2025-09-26 02:30:00,1.6514964e-06,3.8508006e-09,0.015410394,0.31987748,74.375,31.5
2025-09-26 03:30:00,1.6327247e-06,3.6889105e-09,0.0152229415,0.327711,74.375,31.5
2025-09-26 04:30:00,1.5935447e-06,2.8967406e-09,0.01484263,0.32223418,74.375,31.5
2025-09-26 05:30:00,1.6068178e-06,1.3465069e-09,0.014940787,0.32055667,74.375,31.5
2025-09-26 06:30:00,1.7785402e-06,1.0049918e-09,0.016546844,0.3839732,74.375,31.5
2025-09-26 07:30:00,1.7780345e-06,9.0290136e-10,0.016551796,0.37923774,74.375,31.5
2025-09-26 08:30:00,1.76859e-06,8.710703e-10,0.016471017,0.3728162,74.375,31.5
2025-09-26 09:30:00,2.246685e-06,1.1746124e-09,0.020912077,0.5549837,74.375,31.5
2025-09-26 10:30:00,2.1219228e-06,1.1064005e-09,0.019741021,0.5309946,74.375,31.5
2025-09-26 11:30:00,1.9942256e-06,1.0472838e-09,0.018540349,0.504496,74.375,31.5
2025-09-26 12:30:00,1.87e-06,1.1405064e-09,0.01738203,0.4774037,74.375,31.5
2025-09-26 13:30:00,1.7770612e-06,1.3219505e-09,0.01650672,0.452204,74.375,31.5
2025-09-26 14:30:00,1.7204592e-06,1.477929e-09,0.0159765,0.4310699,74.375,31.5
2025-09-26 15:30:00,1.6950182e-06,1.6357278e-09,0.015739035,0.41414467,74.375,31.5
2025-09-26 16:30:00,1.6982447e-06,1.8289961e-09,0.01576935,0.4026081,74.375,31.5
2025-09-26 17:30:00,1.7328507e-06,2.0845639e-09,0.016097317,0.39684165,74.375,31.5
2025-09-26 18:30:00,1.7960696e-06,2.410161e-09,0.016684422,0.39598373,74.375,31.5
2025-09-26 19:30:00,1.869746e-06,2.7903306e-09,0.01738159,0.39781052,74.375,31.5
2025-09-26 20:30:00,1.943688e-06,3.202334e-09,0.018092727,0.40119192,74.375,31.5
2025-09-26 21:30:00,2.0147206e-06,3.6188794e-09,0.018805223,0.4055367,74.375,31.5
2025-09-26 22:30:00,2.0899497e-06,4.0217865e-09,0.019567234,0.40977907,74.375,31.5
2025-09-26 23:30:00,2.1634792e-06,4.385585e-09,0.020328263,0.4139326,74.375,31.5
2025-09-27 00:30:00,2.2232898e-06,4.667527e-09,0.020949695,0.41695446,74.375,31.5
2025-09-27 01:30:00,2.253052e-06,4.825779e-09,0.021269342,0.416219,74.375,31.5
2025-09-27 02:30:00,2.2408337e-06,4.7839452e-09,0.021156581,0.41038913,74.375,31.5
2025-09-27 03:30:00,2.2520817e-06,4.6729838e-09,0.021271009,0.41185325,74.375,31.5
2025-09-27 04:30:00,2.2004301e-06,2.820343e-09,0.020560313,0.39634594,74.375,31.5
2025-09-27 05:30:00,2.18298e-06,1.4229046e-09,0.020281596,0.38647225,74.375,31.5
2025-09-27 06:30:00,2.1839776e-06,1.243734e-09,0.020302257,0.38061506,74.375,31.5
2025-09-27 07:30:00,2.1885528e-06,1.1746124e-09,0.020349085,0.3741413,74.375,31.5
2025-09-27 08:30:00,2.18371e-06,1.1327757e-09,0.020317914,0.3660552,74.375,31.5
2025-09-27 09:30:00,2.8978393e-06,1.6207196e-09,0.026997698,0.49202618,74.375,31.5
2025-09-27 10:30:00,2.946065e-06,1.591161e-09,0.02746469,0.48421213,74.375,31.5
2025-09-27 11:30:00,2.9959783e-06,1.5220395e-09,0.027925365,0.4713004,74.375,31.5
2025-09-27 12:30:00,3.0328881e-06,1.6352715e-09,0.028220244,0.45641446,74.375,31.5
2025-09-27 13:30:00,3.0256733e-06,1.9035733e-09,0.028117567,0.4398644,74.375,31.5
2025-09-27 14:30:00,2.959994e-06,2.1427702e-09,0.027492594,0.4250078,74.375,31.5
2025-09-27 15:30:00,2.8404872e-06,2.3583235e-09,0.02638202,0.4117128,74.375,31.5
2025-09-27 16:30:00,2.7132226e-06,2.5638704e-09,0.025202705,0.4015496,74.375,31.5
2025-09-27 17:30:00,2.6244359e-06,2.7830613e-09,0.024370162,0.39613917,74.375,31.5
2025-09-27 18:30:00,2.5958911e-06,3.0340745e-09,0.0241017,0.39507228,74.375,31.5
2025-09-27 19:30:00,2.6121602e-06,3.3160186e-09,0.024262516,0.39607346,74.375,31.5
2025-09-27 20:30:00,2.6473717e-06,3.6197925e-09,0.024588984,0.39735687,74.375,31.5
2025-09-27 21:30:00,2.68916e-06,3.934478e-09,0.02498896,0.39981112,74.375,31.5
2025-09-27 22:30:00,2.738614e-06,4.2528074e-09,0.025464462,0.40337706,74.375,31.5
2025-09-27 23:30:00,2.7868296e-06,4.5620374e-09,0.025923865,0.40707466,74.375,31.5
2025-09-28 00:30:00,2.8145528e-06,4.8476068e-09,0.026211422,0.41035107,74.375,31.5
2025-09-28 01:30:00,2.818772e-06,5.1077222e-09,0.026290016,0.4126151,74.375,31.5
2025-09-28 02:30:00,2.8166426e-06,5.193216e-09,0.026312405,0.4155685,74.375,31.5
2025-09-28 03:30:00,2.8052193e-06,4.8767106e-09,0.026284827,0.41899928,74.375,31.5
2025-09-28 04:30:00,2.8005738e-06,3.3169272e-09,0.026286313,0.42345574,74.375,31.5
2025-09-28 05:30:00,2.8216184e-06,1.5302248e-09,0.02659165,0.43016678,74.375,31.5
2025-09-28 06:30:00,2.6215098e-06,1.0900294e-09,0.024748359,0.39471316,74.375,31.5
2025-09-28 07:30:00,2.5743534e-06,1.0004442e-09,0.024281824,0.38372368,74.375,31.5
2025-09-28 08:30:00,2.5022434e-06,9.631549e-10,0.023569517,0.36815038,74.375,31.5
2025-09-28 09:30:00,3.4313323e-06,1.4470061e-09,0.03220888,0.5055959,74.375,31.5
2025-09-28 10:30:00,3.1981606e-06,1.3778845e-09,0.029856797,0.46796384,74.375,31.5
2025-09-28 11:30:00,2.9738069e-06,1.3164936e-09,0.02768406,0.4314262,74.375,31.5
2025-09-28 12:30:00,2.804023e-06,1.3901627e-09,0.026077958,0.40125728,74.375,31.5
2025-09-28 13:30:00,2.7013475e-06,1.5861588e-09,0.02511358,0.37604722,74.375,31.5
2025-09-28 14:30:00,2.6390867e-06,1.7444108e-09,0.024522668,0.3561029,74.375,31.5
2025-09-28 15:30:00,2.5622503e-06,1.8708306e-09,0.023801345,0.33825347,74.375,31.5
2025-09-28 16:30:00,2.4596195e-06,1.977243e-09,0.022841662,0.32115924,74.375,31.5
2025-09-28 17:30:00,2.3708972e-06,2.0854731e-09,0.022018494,0.30689454,74.375,31.5
2025-09-28 18:30:00,2.3238574e-06,2.2191704e-09,0.021581523,0.29691932,74.375,31.5
2025-09-28 19:30:00,2.3138587e-06,2.390158e-09,0.021485385,0.290827,74.375,31.5
2025-09-28 20:30:00,2.327271e-06,2.601161e-09,0.02161084,0.28777972,74.375,31.5
2025-09-28 21:30:00,2.3525852e-06,2.840352e-09,0.02185056,0.2886121,74.375,31.5
2025-09-28 22:30:00,2.384406e-06,3.0822778e-09,0.02216368,0.29253858,74.375,31.5
2025-09-28 23:30:00,2.4193798e-06,3.3142e-09,0.02252218,0.29766104,74.375,31.5
2025-09-29 00:30:00,2.4529666e-06,3.529749e-09,0.022915622,0.30412158,74.375,31.5
2025-09-29 01:30:00,2.4791832e-06,3.7325663e-09,0.023326227,0.3122758,74.375,31.5
2025-09-29 02:30:00,2.5062634e-06,3.8435255e-09,0.02383703,0.3249996,74.375,31.5
2025-09-29 03:30:00,3.0277329e-06,4.7475623e-09,0.028970327,0.42868298,74.375,31.5
2025-09-29 04:30:00,3.0021447e-06,3.6034191e-09,0.028738715,0.43358883,74.375,31.5
2025-09-29 05:30:00,2.9906687e-06,1.6311819e-09,0.028647015,0.44041407,74.375,31.5
2025-09-29 06:30:00,2.3772286e-06,1.0327317e-09,0.02278608,0.34968105,74.375,31.5
2025-09-29 07:30:00,2.3519426e-06,9.790736e-10,0.022546956,0.34328857,74.375,31.5
2025-09-29 08:30:00,2.3369093e-06,9.613397e-10,0.022341337,0.33476526,74.375,31.5
2025-09-29 09:30:00,4.4717967e-06,2.0281734e-09,0.042629067,0.75741816,74.375,31.5
2025-09-29 10:30:00,4.453788e-06,2.049096e-09,0.042019416,0.7310339,74.375,31.5
2025-09-29 11:30:00,4.3655264e-06,2.0709303e-09,0.04085414,0.7029523,74.375,31.5
2025-09-29 12:30:00,4.2435104e-06,2.2055247e-09,0.039564732,0.6760933,74.375,31.5
2025-09-29 13:30:00,4.0767363e-06,2.444722e-09,0.03794006,0.64681786,74.375,31.5
2025-09-29 14:30:00,3.9308497e-06,2.6275313e-09,0.036541704,0.6216622,74.375,31.5
2025-09-29 15:30:00,3.819533e-06,2.7675957e-09,0.03549749,0.60259825,74.375,31.5
2025-09-29 16:30:00,3.7181758e-06,2.882195e-09,0.034554064,0.5849856,74.375,31.5
2025-09-29 17:30:00,3.621362e-06,2.9958844e-09,0.033653922,0.56738245,74.375,31.5
2025-09-29 18:30:00,3.5400071e-06,3.1322998e-09,0.032912012,0.552471,74.375,31.5
2025-09-29 19:30:00,3.482305e-06,3.3014658e-09,0.032374576,0.54093343,74.375,31.5
2025-09-29 20:30:00,3.4497255e-06,3.507923e-09,0.032083206,0.5327077,74.375,31.5
2025-09-29 21:30:00,3.437456e-06,3.759851e-09,0.031995647,0.52666783,74.375,31.5
2025-09-29 22:30:00,3.4332538e-06,4.0545274e-09,0.03199181,0.522207,74.375,31.5
2025-09-29 23:30:00,3.407342e-06,4.3819464e-09,0.03179499,0.51535857,74.375,31.5
2025-09-30 00:30:00,3.3519602e-06,4.7330104e-09,0.031320203,0.5046075,74.375,31.5
2025-09-30 01:30:00,3.296412e-06,5.1059033e-09,0.030840898,0.49252838,74.375,31.5
2025-09-30 02:30:00,3.2549774e-06,5.3951226e-09,0.030492935,0.48144016,74.375,31.5
2025-09-30 03:30:00,3.1989548e-06,5.2605174e-09,0.02999683,0.46997267,74.375,31.5
2025-09-30 04:30:00,3.1494449e-06,3.358764e-09,0.029526643,0.46142447,74.375,31.5
2025-09-30 05:30:00,3.1046177e-06,2.1791493e-09,0.029220263,0.4581662,74.375,31.5
2025-09-30 06:30:00,5.4832585e-06,3.6588972e-09,0.05206986,0.7654444,74.375,31.5
2025-09-30 07:30:00,5.3418157e-06,3.3051037e-09,0.05113844,0.7561751,74.375,31.5
2025-09-30 08:30:00,5.184097e-06,3.0704541e-09,0.049895618,0.74203336,74.375,31.5
2025-09-30 09:30:00,2.2223242e-06,1.1145864e-09,0.021248113,0.33714285,74.375,31.5
2025-09-30 10:30:00,2.1880728e-06,1.1255039e-09,0.02078355,0.32873562,74.375,31.5
2025-09-30 11:30:00,2.1406534e-06,1.122776e-09,0.020137541,0.31679013,74.375,31.5
2025-09-30 12:30:00,2.0914713e-06,1.2068995e-09,0.019544234,0.3055786,74.375,31.5
2025-09-30 13:30:00,2.0459695e-06,1.4274519e-09,0.019051902,0.2953315,74.375,31.5
2025-09-30 14:30:00,2.0177015e-06,1.6079866e-09,0.018758785,0.2883842,74.375,31.5
2025-09-30 15:30:00,2.0137063e-06,1.7557795e-09,0.018708643,0.28636134,74.375,31.5
2025-09-30 16:30:00,2.0390057e-06,1.8999344e-09,0.01893754,0.28873336,74.375,31.5
2025-09-30 17:30:00,2.0961686e-06,2.0718292e-09,0.019472606,0.2945136,74.375,31.5
2025-09-30 18:30:00,2.1796632e-06,2.3010216e-09,0.020263905,0.3023686,74.375,31.5
2025-09-30 19:30:00,2.2696984e-06,2.5911508e-09,0.021111637,0.3095648,74.375,31.5
2025-09-30 20:30:00,2.3397247e-06,2.906747e-09,0.021776604,0.31527525,74.375,31.5
2025-09-30 21:30:00,2.3925156e-06,3.1986929e-09,0.022333322,0.32263452,74.375,31.5
2025-09-30 22:30:00,2.4389012e-06,3.4506231e-09,0.023019515,0.33358365,74.375,31.5
2025-09-30 23:30:00,2.4754377e-06,3.665264e-09,0.023853976,0.34739113,74.375,31.5
2025-10-01 00:30:00,2.4815322e-06,3.8471626e-09,0.024414897,0.3611678,74.375,31.5
2025-10-01 01:30:00,2.4498584e-06,4.0072337e-09,0.024477158,0.36664703,74.375,31.5
2025-10-01 02:30:00,2.3901662e-06,4.1109174e-09,0.024020486,0.35996038,74.375,31.5
2025-10-01 03:30:00,2.4080082e-06,4.1891326e-09,0.023920974,0.35217327,74.375,31.5
2025-10-01 04:30:00,2.36167e-06,2.6684575e-09,0.022785367,0.33172676,74.375,31.5
2025-10-01 05:30:00,2.3568878e-06,1.6452759e-09,0.022508908,0.3240754,74.375,31.5
2025-10-01 06:30:00,4.182844e-06,2.6720954e-09,0.039790615,0.514903,74.375,31.5
2025-10-01 07:30:00,4.1702597e-06,2.507477e-09,0.039760582,0.51170874,74.375,31.5
2025-10-01 08:30:00,4.0972864e-06,2.4256224e-09,0.039123904,0.5038246,74.375,31.5
2025-10-01 09:30:00,7.128696e-06,4.3201e-09,0.06802144,0.8282538,74.375,31.5
2025-10-01 10:30:00,6.8733634e-06,4.2491592e-09,0.065217696,0.7904193,74.375,31.5
2025-10-01 11:30:00,6.637189e-06,4.120011e-09,0.06264695,0.75282407,74.375,31.5
2025-10-01 12:30:00,6.4163833e-06,4.1909516e-09,0.060258854,0.7191352,74.375,31.5
2025-10-01 13:30:00,6.197796e-06,4.456524e-09,0.057900593,0.6854565,74.375,31.5
2025-10-01 14:30:00,5.9795866e-06,4.6729838e-09,0.055714805,0.656415,74.375,31.5
2025-10-01 15:30:00,5.7603297e-06,4.84215e-09,0.053637106,0.6341924,74.375,31.5
2025-10-01 16:30:00,5.573605e-06,4.984031e-09,0.051875416,0.6202668,74.375,31.5
2025-10-01 17:30:00,5.438747e-06,5.1059033e-09,0.050617132,0.61368054,74.375,31.5
2025-10-01 18:30:00,5.3533745e-06,5.1968527e-09,0.049841065,0.6144207,74.375,31.5
2025-10-01 19:30:00,5.305366e-06,5.2186806e-09,0.04942452,0.6212822,74.375,31.5
2025-10-01 20:30:00,5.2623327e-06,5.138646e-09,0.049077958,0.6313304,74.375,31.5
2025-10-01 21:30:00,5.2003215e-06,4.980393e-09,0.04859576,0.63969827,74.375,31.5
2025-10-01 22:30:00,5.12318e-06,4.8130473e-09,0.048045713,0.6448574,74.375,31.5
2025-10-01 23:30:00,5.0527196e-06,4.696632e-09,0.047580186,0.64682883,74.375,31.5
2025-10-02 00:30:00,4.9880678e-06,4.647518e-09,0.047176942,0.643465,74.375,31.5
2025-10-02 01:30:00,4.92143e-06,4.645699e-09,0.046654113,0.63455844,74.375,31.5
2025-10-02 02:30:00,4.8509646e-06,4.636604e-09,0.04603814,0.62234086,74.375,31.5
2025-10-02 03:30:00,7.599005e-06,7.48696e-09,0.07237139,0.9299733,74.375,31.5
2025-10-02 04:30:00,7.423439e-06,6.3009793e-09,0.07057467,0.90459615,74.375,31.5
2025-10-02 05:30:00,7.224059e-06,4.0527084e-09,0.06849953,0.8821178,74.375,31.5
2025-10-02 06:30:00,6.9606285e-06,3.7252903e-09,0.066506624,0.86282057,74.375,31.5
2025-10-02 07:30:00,6.629581e-06,3.5051926e-09,0.06388219,0.8361451,74.375,31.5
2025-10-02 08:30:00,6.275106e-06,3.3087417e-09,0.060878236,0.80527824,74.375,31.5
2025-10-02 09:30:00,4.457281e-06,2.311026e-09,0.04311227,0.58569396,74.375,31.5
2025-10-02 10:30:00,4.2796305e-06,2.2873792e-09,0.04113848,0.5624514,74.375,31.5
2025-10-02 11:30:00,4.137723e-06,2.2537279e-09,0.03945873,0.53924054,74.375,31.5
2025-10-02 12:30:00,3.9995375e-06,2.3082976e-09,0.03784547,0.5140995,74.375,31.5
2025-10-02 13:30:00,3.8741505e-06,2.52021e-09,0.036359873,0.4897031,74.375,31.5
2025-10-02 14:30:00,3.772901e-06,2.7166611e-09,0.035239972,0.47101486,74.375,31.5
2025-10-02 15:30:00,3.7091893e-06,2.897651e-09,0.034567565,0.46024573,74.375,31.5
2025-10-02 16:30:00,3.6948431e-06,3.0822784e-09,0.0344057,0.456361,74.375,31.5
2025-10-02 17:30:00,3.720267e-06,3.2823722e-09,0.03463855,0.45740807,74.375,31.5
2025-10-02 18:30:00,3.7763139e-06,3.5088306e-09,0.035173997,0.4623733,74.375,31.5
2025-10-02 19:30:00,3.8529543e-06,3.770767e-09,0.03591535,0.4703065,74.375,31.5
2025-10-02 20:30:00,3.9561232e-06,4.0727204e-09,0.03694135,0.4816605,74.375,31.5
2025-10-02 21:30:00,4.0938353e-06,4.405593e-09,0.03844782,0.49800158,74.375,31.5
2025-10-02 22:30:00,4.260225e-06,4.7566595e-09,0.04031435,0.5181012,74.375,31.5
2025-10-02 23:30:00,4.439786e-06,5.096812e-09,0.042312413,0.54075825,74.375,31.5
2025-10-03 00:30:00,4.594842e-06,5.4060365e-09,0.04413403,0.5619544,74.375,31.5
2025-10-03 01:30:00,4.7354224e-06,5.697075e-09,0.0458783,0.58246136,74.375,31.5
2025-10-03 02:30:00,4.8635743e-06,5.811671e-09,0.047408372,0.602441,74.375,31.5
2025-10-03 03:30:00,4.9105092e-06,5.2714313e-09,0.047809128,0.6122007,74.375,31.5
2025-10-03 04:30:00,4.94098e-06,3.4096956e-09,0.04769819,0.61884516,74.375,31.5
2025-10-03 05:30:00,4.9244018e-06,2.8903742e-09,0.048382785,0.631366,74.375,31.5
2025-10-03 06:30:00,8.660588e-06,5.0531526e-09,0.086199135,1.0545151,74.375,31.5
2025-10-03 07:30:00,8.35116e-06,4.783942e-09,0.08366441,1.0330503,74.375,31.5
2025-10-03 08:30:00,8.094254e-06,4.62569e-09,0.08094946,1.0037585,74.375,31.5
2025-10-03 09:30:00,3.6751699e-06,1.9454092e-09,0.03605437,0.47667247,74.375,31.5
2025-10-03 10:30:00,3.5644694e-06,1.948138e-09,0.03449634,0.4538571,74.375,31.5
2025-10-03 11:30:00,3.4626614e-06,1.9672375e-09,0.033109326,0.43278667,74.375,31.5
2025-10-03 12:30:00,3.3704139e-06,2.0436355e-09,0.031911135,0.41293687,74.375,31.5
2025-10-03 13:30:00,3.2766357e-06,2.251e-09,0.030796379,0.39356366,74.375,31.5
2025-10-03 14:30:00,3.1813283e-06,2.4247149e-09,0.02977208,0.3757077,74.375,31.5
2025-10-03 15:30:00,3.099809e-06,2.572966e-09,0.028948717,0.36053604,74.375,31.5
2025-10-03 16:30:00,3.0496055e-06,2.7221239e-09,0.028452052,0.35001555,74.375,31.5
2025-10-03 17:30:00,3.0510475e-06,2.8985696e-09,0.028460225,0.34693286,74.375,31.5
2025-10-03 18:30:00,3.1197167e-06,3.123205e-09,0.029120445,0.35253558,74.375,31.5
2025-10-03 19:30:00,3.2697164e-06,3.403332e-09,0.030555049,0.36803657,74.375,31.5
2025-10-03 20:30:00,3.4920129e-06,3.704375e-09,0.032689575,0.3921988,74.375,31.5
2025-10-03 21:30:00,3.768876e-06,3.9672168e-09,0.03533981,0.42223182,74.375,31.5
2025-10-03 22:30:00,4.064592e-06,4.1491184e-09,0.038134962,0.45433488,74.375,31.5
2025-10-03 23:30:00,4.3548685e-06,4.2710053e-09,0.040840775,0.48582608,74.375,31.5
2025-10-04 00:30:00,4.6224013e-06,4.3783075e-09,0.043379806,0.51431584,74.375,31.5
2025-10-04 01:30:00,4.8562097e-06,4.505637e-09,0.045568157,0.5378092,74.375,31.5
2025-10-04 02:30:00,5.0122876e-06,4.591136e-09,0.047074776,0.5524468,74.375,31.5
2025-10-04 03:30:00,6.1502324e-06,5.4224074e-09,0.057786997,0.69871104,74.375,31.5
2025-10-04 04:30:00,6.2387076e-06,4.2255124e-09,0.05832429,0.7287853,74.375,31.5
2025-10-04 05:30:00,6.3113002e-06,3.0095182e-09,0.058731917,0.75785214,74.375,31.5
2025-10-04 06:30:00,6.31409e-06,2.9958764e-09,0.05878932,0.7795975,74.375,31.5
2025-10-04 07:30:00,6.34338e-06,3.097741e-09,0.05913851,0.80401504,74.375,31.5
2025-10-04 08:30:00,6.377565e-06,3.2132486e-09,0.059508376,0.82500905,74.375,31.5
2025-10-04 09:30:00,6.2693975e-06,3.2705496e-09,0.058552686,0.8240377,74.375,31.5
2025-10-04 10:30:00,6.0462344e-06,3.2187142e-09,0.056555666,0.80158114,74.375,31.5
2025-10-04 11:30:00,5.8595765e-06,3.1204972e-09,0.054973617,0.78254664,74.375,31.5
2025-10-04 12:30:00,5.778012e-06,3.1959644e-09,0.05434834,0.77036285,74.375,31.5
2025-10-04 13:30:00,5.703543e-06,3.3378456e-09,0.05375715,0.75136846,74.375,31.5
2025-10-04 14:30:00,5.5637356e-06,3.421519e-09,0.05236643,0.72202927,74.375,31.5
2025-10-04 15:30:00,5.409015e-06,3.4669938e-09,0.050712407,0.6937732,74.375,31.5
2025-10-04 16:30:00,5.341899e-06,3.4988261e-09,0.049928516,0.68416965,74.375,31.5
2025-10-04 17:30:00,5.4108855e-06,3.5579433e-09,0.050658632,0.70263815,74.375,31.5
2025-10-04 18:30:00,5.5249684e-06,3.6588972e-09,0.052037153,0.7311374,74.375,31.5
2025-10-04 19:30:00,5.588969e-06,3.785317e-09,0.0530471,0.75167096,74.375,31.5
2025-10-04 20:30:00,5.556193e-06,3.8980943e-09,0.05303819,0.75719666,74.375,31.5
2025-10-04 21:30:00,5.461371e-06,3.981768e-09,0.052792985,0.76649487,74.375,31.5
2025-10-04 22:30:00,5.279073e-06,4.0272425e-09,0.05203473,0.77918667,74.375,31.5
2025-10-04 23:30:00,5.108879e-06,4.0490704e-09,0.051436,0.79134977,74.375,31.5
2025-10-05 00:30:00,4.9903774e-06,4.130925e-09,0.051188905,0.8071402,74.375,31.5
2025-10-05 01:30:00,4.83415e-06,4.2346073e-09,0.049617097,0.77243286,74.375,31.5
2025-10-05 02:30:00,4.5966995e-06,4.26553e-09,0.046325322,0.69775593,74.375,31.5
2025-10-05 03:30:00,4.309709e-06,4.094545e-09,0.042254556,0.6122985,74.375,31.5
2025-10-05 04:30:00,4.098401e-06,3.0631784e-09,0.03898683,0.55575645,74.375,31.5
2025-10-05 05:30:00,4.0023474e-06,2.4410842e-09,0.03772409,0.53464764,74.375,31.5
2025-10-05 06:30:00,1.8192825e-06,8.292318e-10,0.017118111,0.26069233,74.375,31.5
2025-10-05 07:30:00,2.0671278e-06,8.7447916e-10,0.019680986,0.29855067,74.375,31.5
2025-10-05 08:30:00,2.3444254e-06,9.251835e-10,0.02270384,0.34389177,74.375,31.5
2025-10-05 09:30:00,2.4028752e-06,9.0744834e-10,0.023368549,0.34979242,74.375,31.5
2025-10-05 10:30:00,2.6517578e-06,9.968062e-10,0.02568879,0.38083714,74.375,31.5
2025-10-05 11:30:00,2.9020973e-06,1.0945769e-09,0.027913662,0.40808976,74.375,31.5
2025-10-05 12:30:00,3.1598515e-06,1.2742021e-09,0.030113956,0.43470314,74.375,31.5
2025-10-05 13:30:00,3.4213774e-06,1.5411388e-09,0.032283694,0.46144843,74.375,31.5
2025-10-05 14:30:00,3.6453182e-06,1.7844286e-09,0.03422969,0.48685855,74.375,31.5
2025-10-05 15:30:00,3.812097e-06,1.9981599e-09,0.03572268,0.50771004,74.375,31.5
2025-10-05 16:30:00,3.9038587e-06,2.1700544e-09,0.036519498,0.5212519,74.375,31.5
2025-10-05 17:30:00,3.918434e-06,2.2946551e-09,0.036598288,0.5264401,74.375,31.5
2025-10-05 18:30:00,3.890064e-06,2.3756002e-09,0.0363352,0.52714133,74.375,31.5
2025-10-05 19:30:00,3.8655203e-06,2.4374458e-09,0.036149886,0.5311638,74.375,31.5
2025-10-05 20:30:00,3.8552607e-06,2.5238478e-09,0.03617315,0.5428195,74.375,31.5
2025-10-05 21:30:00,3.8865855e-06,2.6757336e-09,0.036813173,0.56749916,74.375,31.5
2025-10-05 22:30:00,3.959452e-06,2.913112e-09,0.038326517,0.6106806,74.375,31.5
2025-10-05 23:30:00,4.0008977e-06,3.2159744e-09,0.040384136,0.6714065,74.375,31.5
2025-10-06 00:30:00,3.9334573e-06,3.5515768e-09,0.04224757,0.73916435,74.375,31.5
2025-10-06 01:30:00,3.6804147e-06,3.8635335e-09,0.041603442,0.76356447,74.375,31.5
2025-10-06 02:30:00,3.2799624e-06,4.110916e-09,0.037855897,0.7161734,74.375,31.5
2025-10-06 03:30:00,2.8753623e-06,4.2382458e-09,0.034130488,0.678836,74.375,31.5
2025-10-06 04:30:00,2.5549923e-06,3.7398427e-09,0.029912176,0.6121738,74.375,31.5
2025-10-06 05:30:00,2.329537e-06,2.512026e-09,0.025197653,0.49503174,74.375,31.5
2025-10-06 06:30:00,2.2071472e-06,1.6598293e-09,0.023464711,0.44944105,74.375,31.5
2025-10-06 07:30:00,2.2006477e-06,1.4019886e-09,0.023895029,0.46330357,74.375,31.5
2025-10-06 08:30:00,2.2105457e-06,1.3210446e-09,0.024346862,0.48034832,74.375,31.5
2025-10-06 09:30:00,2.0501784e-06,1.1195881e-09,0.023077134,0.47925904,74.375,31.5
2025-10-06 10:30:00,1.9557176e-06,1.0513783e-09,0.02246699,0.50247735,74.375,31.5
2025-10-06 11:30:00,1.8886432e-06,1.0850332e-09,0.021845121,0.5040373,74.375,31.5
2025-10-06 12:30:00,1.8665648e-06,1.1514206e-09,0.02160838,0.54401696,74.375,31.5
2025-10-06 13:30:00,1.864053e-06,1.2769316e-09,0.0213886,0.5398661,74.375,31.5
2025-10-06 14:30:00,1.8175328e-06,1.4665622e-09,0.020483451,0.49041536,74.375,31.5
2025-10-06 15:30:00,1.7553068e-06,1.7280402e-09,0.019622726,0.46303856,74.375,31.5
2025-10-06 16:30:00,1.7381e-06,2.0436355e-09,0.019896,0.4641063,74.375,31.5
2025-10-06 17:30:00,1.7928942e-06,2.3537758e-09,0.021306738,0.48885185,74.375,31.5
2025-10-06 18:30:00,2.009197e-06,2.6411735e-09,0.024700586,0.5663767,74.375,31.5
2025-10-06 19:30:00,2.321574e-06,2.8385423e-09,0.02826322,0.59664315,74.375,31.5
2025-10-06 20:30:00,2.4570545e-06,2.9131284e-09,0.02861988,0.52172107,74.375,31.5
2025-10-06 21:30:00,2.5211846e-06,2.951313e-09,0.027189603,0.492018,74.375,31.5
2025-10-06 22:30:00,2.426196e-06,3.0213465e-09,0.024852566,0.43665716,74.375,31.5
2025-10-06 23:30:00,2.320447e-06,3.1259406e-09,0.02359556,0.42599365,74.375,31.5
2025-10-07 00:30:00,2.2371867e-06,3.2814615e-09,0.022569187,0.43683508,74.375,31.5
2025-10-07 01:30:00,2.1965113e-06,3.43517e-09,0.022127306,0.43925047,74.375,31.5
2025-10-07 02:30:00,2.181331e-06,3.3251233e-09,0.021926377,0.43692118,74.375,31.5
2025-10-07 03:30:00,3.0830233e-06,2.810341e-09,0.030690376,0.8911601,74.375,31.5
2025-10-07 04:30:00,3.186571e-06,2.3119437e-09,0.031184373,0.8797291,74.375,31.5
2025-10-07 05:30:00,2.9738069e-06,1.8126415e-09,0.028289227,0.8307006,74.375,31.5
2025-10-07 06:30:00,2.7126137e-06,1.4420038e-09,0.02550076,0.80819595,74.375,31.5
2025-10-07 07:30:00,2.524537e-06,1.2605597e-09,0.023776593,0.7928267,74.375,31.5
2025-10-07 08:30:00,2.362545e-06,1.1527845e-09,0.022355188,0.7731038,74.375,31.5
2025-10-07 09:30:00,3.7009966e-06,1.7071216e-09,0.035541486,1.0981023,74.375,31.5
2025-10-07 10:30:00,3.7754469e-06,1.7680578e-09,0.036492974,1.0976467,74.375,31.5
2025-10-07 11:30:00,3.757739e-06,1.8176253e-09,0.036288813,1.0576327,74.375,31.5
2025-10-07 12:30:00,3.6233714e-06,1.9090294e-09,0.03479021,0.9878566,74.375,31.5
2025-10-07 13:30:00,3.4197087e-06,2.048182e-09,0.032625884,0.9085743,74.375,31.5
2025-10-07 14:30:00,3.1863044e-06,2.1445887e-09,0.03030723,0.83100504,74.375,31.5
2025-10-07 15:30:00,2.953647e-06,2.219167e-09,0.027988099,0.756246,74.375,31.5
2025-10-07 16:30:00,2.75773e-06,2.301931e-09,0.026072152,0.6914719,74.375,31.5
2025-10-07 17:30:00,2.6302437e-06,2.4319888e-09,0.024878303,0.6447904,74.375,31.5
2025-10-07 18:30:00,2.5691324e-06,2.6429918e-09,0.024386065,0.6148997,74.375,31.5
2025-10-07 19:30:00,2.5499874e-06,2.937668e-09,0.024386715,0.598455,74.375,31.5
2025-10-07 20:30:00,2.5391969e-06,3.2869143e-09,0.024599561,0.59161276,74.375,31.5
2025-10-07 21:30:00,2.5174536e-06,3.6416188e-09,0.024739275,0.586488,74.375,31.5
2025-10-07 22:30:00,2.4991239e-06,3.939941e-09,0.024935607,0.58823895,74.375,31.5
2025-10-07 23:30:00,2.4888552e-06,4.1455106e-09,0.025267206,0.5999777,74.375,31.5
2025-10-08 00:30:00,2.4579742e-06,4.2418833e-09,0.02514619,0.59639937,74.375,31.5
2025-10-08 01:30:00,2.4288038e-06,4.2455217e-09,0.02482169,0.591324,74.375,31.5
2025-10-08 02:30:00,2.3812752e-06,4.0818136e-09,0.024035774,0.56711435,74.375,31.5
2025-10-08 03:30:00,2.2992524e-06,3.4397096e-09,0.0227295,0.5256219,74.375,31.5
2025-10-08 04:30:00,2.2386184e-06,1.6534694e-09,0.021837015,0.5080861,74.375,31.5
2025-10-08 05:30:00,2.2152644e-06,1.236489e-09,0.021817936,0.5091403,74.375,31.5
2025-10-08 06:30:00,2.0834125e-06,1.0468285e-09,0.02051595,0.4677986,74.375,31.5
2025-10-08 07:30:00,1.9973204e-06,9.481509e-10,0.019756202,0.44631267,74.375,31.5
2025-10-08 08:30:00,1.912162e-06,8.8994445e-10,0.018937228,0.4245582,74.375,31.5
2025-10-08 09:30:00,1.6514122e-06,7.642061e-10,0.016230332,0.3572965,74.375,31.5
2025-10-08 10:30:00,1.623567e-06,7.792195e-10,0.015814135,0.33850884,74.375,31.5
2025-10-08 11:30:00,1.5920716e-06,8.2470497e-10,0.015344419,0.31884032,74.375,31.5
2025-10-08 12:30:00,1.5570012e-06,9.604321e-10,0.014846655,0.30006123,74.375,31.5
2025-10-08 13:30:00,1.5278147e-06,1.2146515e-09,0.014432701,0.28351745,74.375,31.5
2025-10-08 14:30:00,1.5055134e-06,1.4493136e-09,0.014146948,0.269913,74.375,31.5
2025-10-08 15:30:00,1.4907021e-06,1.6730275e-09,0.013957824,0.25951114,74.375,31.5
2025-10-08 16:30:00,1.4922814e-06,1.9027033e-09,0.013946837,0.25418633,74.375,31.5
2025-10-08 17:30:00,1.5172046e-06,2.155572e-09,0.0141597735,0.2539613,74.375,31.5
2025-10-08 18:30:00,1.549491e-06,2.4356284e-09,0.014462294,0.25750157,74.375,31.5
2025-10-08 19:30:00,1.5855497e-06,2.747586e-09,0.0148057835,0.26341036,74.375,31.5
2025-10-08 20:30:00,1.6332334e-06,3.085009e-09,0.015260471,0.27102798,74.375,31.5
2025-10-08 21:30:00,1.6777636e-06,3.4378904e-09,0.015699444,0.27896473,74.375,31.5
2025-10-08 22:30:00,1.7150177e-06,3.7762242e-09,0.01608538,0.28620467,74.375,31.5
2025-10-08 23:30:00,1.7642138e-06,4.0690833e-09,0.016574856,0.292436,74.375,31.5
2025-10-09 00:30:00,1.7959629e-06,4.294634e-09,0.016898595,0.29633152,74.375,31.5
2025-10-09 01:30:00,1.8067973e-06,4.451075e-09,0.01700096,0.29751635,74.375,31.5
2025-10-09 02:30:00,1.8031833e-06,4.4965582e-09,0.016961899,0.2965252,74.375,31.5
2025-10-09 03:30:00,1.7279258e-06,4.154572e-09,0.016238058,0.283461,74.375,31.5
2025-10-09 04:30:00,1.7145284e-06,2.0809243e-09,0.016040333,0.28156766,74.375,31.5
2025-10-09 05:30:00,1.7310282e-06,1.0704757e-09,0.016224662,0.2838705,74.375,31.5
2025-10-09 06:30:00,1.3000044e-06,6.9826456e-10,0.012193251,0.1992379,74.375,31.5
2025-10-09 07:30:00,1.3071884e-06,6.605205e-10,0.012295088,0.20117673,74.375,31.5
2025-10-09 08:30:00,1.3189971e-06,6.411938e-10,0.012453229,0.20314685,74.375,31.5
2025-10-09 09:30:00,2.0870034e-06,9.872566e-10,0.019881101,0.38540277,74.375,31.5
2025-10-09 10:30:00,2.082564e-06,1.011813e-09,0.019776152,0.3815067,74.375,31.5
2025-10-09 11:30:00,2.0670577e-06,1.0568336e-09,0.019482737,0.37373647,74.375,31.5
2025-10-09 12:30:00,2.0442078e-06,1.1982616e-09,0.019123038,0.36375642,74.375,31.5
2025-10-09 13:30:00,2.0092964e-06,1.4292731e-09,0.018720174,0.3519711,74.375,31.5
2025-10-09 14:30:00,1.9642487e-06,1.6111724e-09,0.018282095,0.33903444,74.375,31.5
2025-10-09 15:30:00,1.905191e-06,1.766696e-09,0.017714677,0.32461423,74.375,31.5
2025-10-09 16:30:00,1.8611219e-06,1.9208544e-09,0.017301276,0.310211,74.375,31.5
2025-10-09 17:30:00,1.8247803e-06,2.1000244e-09,0.016956847,0.29620743,74.375,31.5
2025-10-09 18:30:00,1.8003441e-06,2.3246685e-09,0.01672969,0.28394884,74.375,31.5
2025-10-09 19:30:00,1.7906102e-06,2.6029752e-09,0.016649658,0.27459982,74.375,31.5
2025-10-09 20:30:00,1.7968839e-06,2.934031e-09,0.01672669,0.26832405,74.375,31.5
2025-10-09 21:30:00,1.8224998e-06,3.2960092e-09,0.016972976,0.2638549,74.375,31.5
2025-10-09 22:30:00,1.8562073e-06,3.6588998e-09,0.017298875,0.26011086,74.375,31.5
2025-10-09 23:30:00,1.8761947e-06,3.990869e-09,0.017500218,0.2560007,74.375,31.5
2025-10-10 00:30:00,1.8846895e-06,4.263711e-09,0.017594561,0.25075394,74.375,31.5
2025-10-10 01:30:00,1.8921078e-06,4.485628e-09,0.017690113,0.24567358,74.375,31.5
2025-10-10 02:30:00,1.9017248e-06,4.656613e-09,0.01782254,0.24275616,74.375,31.5
2025-10-10 03:30:00,1.9073169e-06,4.5965862e-09,0.017955517,0.24290524,74.375,31.5
2025-10-10 04:30:00,1.9186953e-06,2.6802809e-09,0.017914696,0.24462336,74.375,31.5
2025-10-10 05:30:00,1.963761e-06,1.543413e-09,0.018289015,0.25067043,74.375,31.5
2025-10-10 06:30:00,2.1534877e-06,1.3619684e-09,0.020080127,0.28626618,74.375,31.5
2025-10-10 07:30:00,2.1769647e-06,1.2564672e-09,0.020316975,0.2905405,74.375,31.5
2025-10-10 08:30:00,2.1971903e-06,1.1955311e-09,0.020520404,0.29309106,74.375,31.5
2025-10-10 09:30:00,1.771904e-06,9.2404695e-10,0.016555335,0.21919453,74.375,31.5
2025-10-10 10:30:00,1.789203e-06,9.349613e-10,0.016709281,0.21812062,74.375,31.5
2025-10-10 11:30:00,1.766033e-06,9.622488e-10,0.016470576,0.21403241,74.375,31.5
2025-10-10 12:30:00,1.7428007e-06,1.0895794e-09,0.01623144,0.20917939,74.375,31.5
2025-10-10 13:30:00,1.7198555e-06,1.3160437e-09,0.015999641,0.20429407,74.375,31.5
2025-10-10 14:30:00,1.7148834e-06,1.4979453e-09,0.015945513,0.2011163,74.375,31.5
2025-10-10 15:30:00,1.7252238e-06,1.6520973e-09,0.016035393,0.20032036,74.375,31.5
2025-10-10 16:30:00,1.7318985e-06,1.797621e-09,0.0160892,0.20105174,74.375,31.5
2025-10-10 17:30:00,1.7250933e-06,1.9490551e-09,0.016026162,0.20202819,74.375,31.5
2025-10-10 18:30:00,1.7364129e-06,2.1136657e-09,0.016135462,0.20336068,74.375,31.5
2025-10-10 19:30:00,1.7548106e-06,2.291927e-09,0.016302813,0.20559274,74.375,31.5
2025-10-10 20:30:00,1.7739295e-06,2.4865612e-09,0.016489929,0.20981646,74.375,31.5
2025-10-10 21:30:00,1.8160266e-06,2.7011995e-09,0.01688907,0.21656412,74.375,31.5
2025-10-10 22:30:00,1.8877494e-06,2.9449452e-09,0.017558705,0.22530456,74.375,31.5
2025-10-10 23:30:00,1.9812555e-06,3.2177945e-09,0.018439824,0.23539376,74.375,31.5
2025-10-11 00:30:00,2.0721095e-06,3.507922e-09,0.019301804,0.2448156,74.375,31.5
2025-10-11 01:30:00,2.137656e-06,3.8016905e-09,0.019943729,0.25167945,74.375,31.5
2025-10-11 02:30:00,2.178502e-06,4.05635e-09,0.02033904,0.2559782,74.375,31.5
2025-10-11 03:30:00,2.0783286e-06,3.8526258e-09,0.019433774,0.23978482,74.375,31.5
2025-10-11 04:30:00,2.0679722e-06,2.1782545e-09,0.01925858,0.2396995,74.375,31.5
2025-10-11 05:30:00,2.070293e-06,1.409293e-09,0.019257288,0.24119341,74.375,31.5
2025-10-11 06:30:00,2.4693106e-06,1.4251852e-09,0.023004234,0.3214253,74.375,31.5
2025-10-11 07:30:00,2.4240999e-06,1.2724037e-09,0.022596873,0.31505722,74.375,31.5
2025-10-11 08:30:00,2.3962302e-06,1.1987484e-09,0.022330223,0.30821592,74.375,31.5
2025-10-11 09:30:00,2.871508e-06,1.449737e-09,0.026752165,0.3714736,74.375,31.5
2025-10-11 10:30:00,2.8691195e-06,1.4870289e-09,0.026703607,0.3639512,74.375,31.5
2025-10-11 11:30:00,2.8484835e-06,1.552517e-09,0.026502565,0.3538784,74.375,31.5
2025-10-11 12:30:00,2.8248844e-06,1.7767016e-09,0.026268842,0.34210792,74.375,31.5
2025-10-11 13:30:00,2.789481e-06,2.0545632e-09,0.025916753,0.32991362,74.375,31.5
2025-10-11 14:30:00,2.738966e-06,2.2946858e-09,0.025434058,0.3197559,74.375,31.5
2025-10-11 15:30:00,2.6946125e-06,2.516572e-09,0.02501914,0.31360644,74.375,31.5
2025-10-11 16:30:00,2.671047e-06,2.744858e-09,0.02480687,0.31223625,74.375,31.5
2025-10-11 17:30:00,2.6630578e-06,3.0013445e-09,0.024733832,0.31408823,74.375,31.5
2025-10-11 18:30:00,2.6534635e-06,3.2714524e-09,0.024644423,0.3163301,74.375,31.5
2025-10-11 19:30:00,2.634383e-06,3.520654e-09,0.024470001,0.31657526,74.375,31.5
2025-10-11 20:30:00,2.6131345e-06,3.7307473e-09,0.024276083,0.31514418,74.375,31.5
2025-10-11 21:30:00,2.6001449e-06,3.916284e-09,0.0241581,0.31376565,74.375,31.5
2025-10-11 22:30:00,2.6010714e-06,4.101821e-09,0.024171589,0.31341422,74.375,31.5
2025-10-11 23:30:00,2.6159644e-06,4.311005e-09,0.0243156,0.31410453,74.375,31.5
2025-10-12 00:30:00,2.643724e-06,4.5565685e-09,0.024615295,0.3161696,74.375,31.5
2025-10-12 01:30:00,2.6816142e-06,4.8294173e-09,0.025059463,0.31948105,74.375,31.5
2025-10-12 02:30:00,2.72071e-06,5.0749818e-09,0.025524516,0.32291484,74.375,31.5
2025-10-12 03:30:00,1.8708652e-06,3.0522667e-09,0.01757347,0.22302704,74.375,31.5
2025-10-12 04:30:00,1.8535401e-06,2.5265812e-09,0.017321311,0.22015278,74.375,31.5
2025-10-12 05:30:00,1.8604945e-06,1.4147269e-09,0.01727868,0.22009555,74.375,31.5
2025-10-12 06:30:00,1.8654875e-06,1.1445991e-09,0.017321782,0.22061925,74.375,31.5
2025-10-12 07:30:00,1.8556831e-06,1.0536496e-09,0.017229825,0.21831124,74.375,31.5
2025-10-12 08:30:00,1.8337588e-06,1.001354e-09,0.017034492,0.21325473,74.375,31.5
2025-10-12 09:30:00,2.5268064e-06,1.4010766e-09,0.023464726,0.30503607,74.375,31.5
2025-10-12 10:30:00,2.4954318e-06,1.3978934e-09,0.023173949,0.2960514,74.375,31.5
2025-10-12 11:30:00,2.4666977e-06,1.4224498e-09,0.022906275,0.28686097,74.375,31.5
2025-10-12 12:30:00,2.4297224e-06,1.6002559e-09,0.022563051,0.277728,74.375,31.5
2025-10-12 13:30:00,2.3837404e-06,1.825356e-09,0.022142129,0.26898792,74.375,31.5
2025-10-12 14:30:00,2.3463112e-06,2.0027078e-09,0.02179061,0.26273715,74.375,31.5
2025-10-12 15:30:00,2.3310786e-06,2.1482265e-09,0.02164642,0.25927046,74.375,31.5
2025-10-12 16:30:00,2.3365803e-06,2.282833e-09,0.021701192,0.2584344,74.375,31.5
2025-10-12 17:30:00,2.358444e-06,2.4228948e-09,0.02189772,0.26038176,74.375,31.5
2025-10-12 18:30:00,2.3920168e-06,2.5802365e-09,0.022213116,0.26415026,74.375,31.5
2025-10-12 19:30:00,2.4386454e-06,2.763045e-09,0.022642365,0.2695099,74.375,31.5
2025-10-12 20:30:00,2.4934027e-06,2.9785951e-09,0.0231536,0.27582896,74.375,31.5
2025-10-12 21:30:00,2.547563e-06,3.2368916e-09,0.02365607,0.28180495,74.375,31.5
2025-10-12 22:30:00,2.586149e-06,3.5324774e-09,0.024016857,0.28529036,74.375,31.5
2025-10-12 23:30:00,2.609444e-06,3.848982e-09,0.024245858,0.28605103,74.375,31.5
2025-10-13 00:30:00,2.6232142e-06,4.178219e-09,0.024381185,0.28441557,74.375,31.5
2025-10-13 01:30:00,2.6388677e-06,4.514732e-09,0.024528036,0.2820062,74.375,31.5
2025-10-13 02:30:00,2.662329e-06,4.840332e-09,0.024761798,0.28009158,74.375,31.5
2025-10-13 03:30:00,2.676131e-06,4.9330993e-09,0.024931692,0.27959505,74.375,31.5
2025-10-13 04:30:00,2.67123e-06,4.323738e-09,0.024892224,0.27950802,74.375,31.5
2025-10-13 05:30:00,2.6882722e-06,2.0336302e-09,0.024960876,0.281242,74.375,31.5
2025-10-13 06:30:00,2.376689e-06,1.4183571e-09,0.02206931,0.24904285,74.375,31.5
2025-10-13 07:30:00,2.3686714e-06,1.3224057e-09,0.021995362,0.24855855,74.375,31.5
2025-10-13 08:30:00,2.36045e-06,1.2742029e-09,0.02191766,0.24701361,74.375,31.5
2025-10-13 09:30:00,3.205188e-06,1.7280399e-09,0.029761184,0.337293,74.375,31.5
2025-10-13 10:30:00,3.1211991e-06,1.6957529e-09,0.028974677,0.32679766,74.375,31.5
2025-10-13 11:30:00,3.0293086e-06,1.6807462e-09,0.028127886,0.31417665,74.375,31.5
2025-10-13 12:30:00,2.9366774e-06,1.8358151e-09,0.027260577,0.3011233,74.375,31.5
2025-10-13 13:30:00,2.8463617e-06,2.044544e-09,0.026432224,0.28880417,74.375,31.5
2025-10-13 14:30:00,2.7762458e-06,2.2118911e-09,0.025775803,0.28029025,74.375,31.5
2025-10-13 15:30:00,2.730176e-06,2.3519533e-09,0.025352877,0.27454177,74.375,31.5
2025-10-13 16:30:00,2.7044937e-06,2.4829205e-09,0.025118725,0.27134654,74.375,31.5
2025-10-13 17:30:00,2.692946e-06,2.6193447e-09,0.025005095,0.27017048,74.375,31.5
2025-10-13 18:30:00,2.6853977e-06,2.7694114e-09,0.02493874,0.26997846,74.375,31.5
2025-10-13 19:30:00,2.6799964e-06,2.9367586e-09,0.024886368,0.27011016,74.375,31.5
2025-10-13 20:30:00,2.672105e-06,3.1241156e-09,0.02481046,0.26989818,74.375,31.5
2025-10-13 21:30:00,2.6567518e-06,3.3278422e-09,0.024667,0.26929533,74.375,31.5
2025-10-13 22:30:00,2.637812e-06,3.5470327e-09,0.024496242,0.26822218,74.375,31.5
2025-10-13 23:30:00,2.6230935e-06,3.7871413e-09,0.024364008,0.26737022,74.375,31.5
2025-10-14 00:30:00,2.611442e-06,4.0527084e-09,0.024268342,0.26646328,74.375,31.5
2025-10-14 01:30:00,2.6035493e-06,4.336471e-09,0.024223872,0.2658673,74.375,31.5
2025-10-14 02:30:00,2.6029784e-06,4.6238777e-09,0.024244294,0.26584494,74.375,31.5
2025-10-14 03:30:00,3.0843905e-06,5.5315468e-09,0.028751532,0.3200178,74.375,31.5
2025-10-14 04:30:00,2.9866012e-06,4.7330104e-09,0.027843414,0.31351233,74.375,31.5
2025-10-14 05:30:00,2.9047815e-06,2.1336746e-09,0.027003212,0.3056675,74.375,31.5
2025-10-14 06:30:00,2.5557156e-06,1.4933903e-09,0.023758441,0.26951337,74.375,31.5
2025-10-14 07:30:00,2.526918e-06,1.3760655e-09,0.02350015,0.2647589,74.375,31.5
2025-10-14 08:30:00,2.5144245e-06,1.3155841e-09,0.023381902,0.2591839,74.375,31.5
2025-10-14 09:30:00,3.3356368e-06,1.7598722e-09,0.031032817,0.34697428,74.375,31.5
2025-10-14 10:30:00,3.2576959e-06,1.7357706e-09,0.030302947,0.33452815,74.375,31.5
2025-10-14 11:30:00,3.1331324e-06,1.7271305e-09,0.029128507,0.31941167,74.375,31.5
2025-10-14 12:30:00,2.9753628e-06,1.869921e-09,0.027655626,0.3016117,74.375,31.5
2025-10-14 13:30:00,2.8183115e-06,2.064553e-09,0.026183387,0.2826305,74.375,31.5
2025-10-14 14:30:00,2.685567e-06,2.1964297e-09,0.024949985,0.26557755,74.375,31.5
2025-10-14 15:30:00,2.5793397e-06,2.2910172e-09,0.023952296,0.25141934,74.375,31.5
2025-10-14 16:30:00,2.4903377e-06,2.3819666e-09,0.023123465,0.24074982,74.375,31.5
2025-10-14 17:30:00,2.4186818e-06,2.4956535e-09,0.022463096,0.23334126,74.375,31.5
2025-10-14 18:30:00,2.363852e-06,2.6411726e-09,0.021950677,0.22839054,74.375,31.5
2025-10-14 19:30:00,2.3230348e-06,2.8067013e-09,0.021568732,0.22489335,74.375,31.5
2025-10-14 20:30:00,2.298326e-06,2.985872e-09,0.02133555,0.22255832,74.375,31.5
2025-10-14 21:30:00,2.2866982e-06,3.1759555e-09,0.021236459,0.220828,74.375,31.5
2025-10-14 22:30:00,2.2874458e-06,3.3805918e-09,0.021248242,0.21996678,74.375,31.5
2025-10-14 23:30:00,2.3050313e-06,3.6152417e-09,0.02141505,0.22077082,74.375,31.5
2025-10-15 00:30:00,2.3425957e-06,3.8908183e-09,0.021776674,0.2236483,74.375,31.5
2025-10-15 01:30:00,2.4011413e-06,4.2127795e-09,0.022346178,0.22853647,74.375,31.5
2025-10-15 02:30:00,2.4775138e-06,4.5511115e-09,0.023104856,0.23569685,74.375,31.5
2025-10-15 03:30:00,2.5335894e-06,4.622052e-09,0.023665462,0.24287204,74.375,31.5
2025-10-15 04:30:00,2.55882e-06,3.573405e-09,0.023833627,0.24537063,74.375,31.5
2025-10-15 05:30:00,2.5781512e-06,1.4956647e-09,0.023981236,0.24712414,74.375,31.5
2025-10-15 06:30:00,3.4064703e-06,1.7394086e-09,0.03173733,0.38105354,74.375,31.5
2025-10-15 07:30:00,3.36763e-06,1.6348168e-09,0.03139384,0.38124973,74.375,31.5
2025-10-15 08:30:00,3.3121196e-06,1.568879e-09,0.03089106,0.3771877,74.375,31.5
2025-10-15 09:30:00,4.1040857e-06,1.990884e-09,0.03823568,0.4576288,74.375,31.5
2025-10-15 10:30:00,4.034444e-06,2.009074e-09,0.0375361,0.44217646,74.375,31.5
2025-10-15 11:30:00,3.9427136e-06,2.0618254e-09,0.036653508,0.42293286,74.375,31.5
2025-10-15 12:30:00,3.840899e-06,2.2555469e-09,0.035671894,0.40292242,74.375,31.5
2025-10-15 13:30:00,3.7629943e-06,2.4938345e-09,0.03495409,0.38535535,74.375,31.5
2025-10-15 14:30:00,3.712996e-06,2.6957423e-09,0.034492888,0.37265822,74.375,31.5
2025-10-15 15:30:00,3.6816655e-06,2.8812792e-09,0.034199316,0.36559692,74.375,31.5
2025-10-15 16:30:00,3.6811234e-06,3.081368e-09,0.034199007,0.36403477,74.375,31.5
2025-10-15 17:30:00,3.7146956e-06,3.3269316e-09,0.03450308,0.36612767,74.375,31.5
2025-10-15 18:30:00,3.7754362e-06,3.6279744e-09,0.035075415,0.37046155,74.375,31.5
2025-10-15 19:30:00,3.8560324e-06,3.972673e-09,0.035816956,0.37566456,74.375,31.5
2025-10-15 20:30:00,3.9409215e-06,4.3419277e-09,0.03662448,0.38054377,74.375,31.5
2025-10-15 21:30:00,4.01295e-06,4.7075446e-09,0.03731007,0.38429242,74.375,31.5
2025-10-15 22:30:00,4.0570317e-06,5.0476956e-09,0.03775264,0.3852607,74.375,31.5
2025-10-15 23:30:00,4.075443e-06,5.366019e-09,0.037957165,0.38406244,74.375,31.5
2025-10-16 00:30:00,4.083292e-06,5.686161e-09,0.038051758,0.3827305,74.375,31.5
2025-10-16 01:30:00,4.086223e-06,6.020855e-09,0.03811471,0.3818961,74.375,31.5
2025-10-16 02:30:00,4.0912023e-06,6.366463e-09,0.038199,0.38168854,74.375,31.5
2025-10-16 03:30:00,4.0739965e-06,6.4228516e-09,0.038081363,0.38158312,74.375,31.5
2025-10-16 04:30:00,4.024339e-06,5.7261786e-09,0.037612412,0.37999496,74.375,31.5
2025-10-16 05:30:00,4.0036125e-06,3.0131562e-09,0.03727824,0.3821349,74.375,31.5
2025-10-16 06:30:00,5.6402737e-06,3.4688128e-09,0.052564207,0.58036566,74.375,31.5
2025-10-16 07:30:00,5.5170317e-06,3.182322e-09,0.05144022,0.56052643,74.375,31.5
2025-10-16 08:30:00,5.3442454e-06,3.009518e-09,0.049799427,0.5336518,74.375,31.5
2025-10-16 09:30:00,4.96496e-06,2.792149e-09,0.0462358,0.48680285,74.375,31.5
2025-10-16 10:30:00,4.8450556e-06,2.7876015e-09,0.045097113,0.46650857,74.375,31.5
2025-10-16 11:30:00,4.7176372e-06,2.801244e-09,0.043894522,0.4471387,74.375,31.5
2025-10-16 12:30:00,4.613803e-06,3.0013325e-09,0.04289889,0.43152776,74.375,31.5
2025-10-16 13:30:00,4.5360043e-06,3.2323442e-09,0.042152703,0.42066208,74.375,31.5
2025-10-16 14:30:00,4.477595e-06,3.4160623e-09,0.041573342,0.41527528,74.375,31.5
2025-10-16 15:30:00,4.436517e-06,3.5688577e-09,0.041202746,0.4144137,74.375,31.5
2025-10-16 16:30:00,4.3924774e-06,3.7098293e-09,0.040790074,0.41476017,74.375,31.5
2025-10-16 17:30:00,4.3257405e-06,3.861715e-09,0.040157888,0.41426247,74.375,31.5
2025-10-16 18:30:00,4.2284287e-06,4.043614e-09,0.03925645,0.41182718,74.375,31.5
2025-10-16 19:30:00,4.1092653e-06,4.261893e-09,0.03816105,0.4073326,74.375,31.5
2025-10-16 20:30:00,3.9873544e-06,4.5220085e-09,0.037038345,0.40211496,74.375,31.5
2025-10-16 21:30:00,3.881992e-06,4.8203224e-09,0.036085542,0.39799666,74.375,31.5
2025-10-16 22:30:00,3.8148764e-06,5.1459237e-09,0.035470273,0.39619476,74.375,31.5
2025-10-16 23:30:00,3.7927764e-06,5.4915335e-09,0.035269715,0.39707735,74.375,31.5
2025-10-17 00:30:00,3.813341e-06,5.84987e-09,0.035496887,0.40125534,74.375,31.5
2025-10-17 01:30:00,3.8747444e-06,6.2100307e-09,0.03612211,0.40962446,74.375,31.5
2025-10-17 02:30:00,3.965599e-06,6.539269e-09,0.037088238,0.42196262,74.375,31.5
2025-10-17 03:30:00,3.1404556e-06,4.803951e-09,0.0294706,0.34635052,74.375,31.5
2025-10-17 04:30:00,3.1897825e-06,3.981768e-09,0.029826159,0.35325792,74.375,31.5
2025-10-17 05:30:00,3.261519e-06,2.478373e-09,0.03034799,0.3625526,74.375,31.5
2025-10-17 06:30:00,3.3191334e-06,2.1373125e-09,0.030913655,0.37356284,74.375,31.5
2025-10-17 07:30:00,3.3209703e-06,1.956323e-09,0.030965628,0.37712532,74.375,31.5
2025-10-17 08:30:00,3.2746782e-06,1.8517314e-09,0.030535482,0.37253636,74.375,31.5
2025-10-17 09:30:00,4.154293e-06,2.3774192e-09,0.038696885,0.47529855,74.375,31.5
2025-10-17 10:30:00,4.0450504e-06,2.3528635e-09,0.037646435,0.4563459,74.375,31.5
2025-10-17 11:30:00,3.919213e-06,2.3401319e-09,0.036437992,0.4367927,74.375,31.5
2025-10-17 12:30:00,3.7753287e-06,2.5065714e-09,0.035076164,0.41746542,74.375,31.5
2025-10-17 13:30:00,3.6116292e-06,2.6866607e-09,0.03353724,0.39851525,74.375,31.5
2025-10-17 14:30:00,3.4284847e-06,2.8185398e-09,0.031831514,0.37980533,74.375,31.5
2025-10-17 15:30:00,3.237101e-06,2.9303922e-09,0.030051522,0.36096168,74.375,31.5
2025-10-17 16:30:00,3.0660215e-06,3.0513558e-09,0.02846727,0.34344772,74.375,31.5
2025-10-17 17:30:00,2.9335197e-06,3.2041525e-09,0.027234694,0.32960415,74.375,31.5
2025-10-17 18:30:00,2.8433662e-06,3.402422e-09,0.02640386,0.32005033,74.375,31.5
2025-10-17 19:30:00,2.791945e-06,3.6507184e-09,0.025921842,0.31453356,74.375,31.5
2025-10-17 20:30:00,2.7733763e-06,3.9453987e-09,0.025762158,0.31306076,74.375,31.5
2025-10-17 21:30:00,2.7835167e-06,4.274631e-09,0.025861198,0.3160917,74.375,31.5
2025-10-17 22:30:00,2.8131942e-06,4.623894e-09,0.02613975,0.32265317,74.375,31.5
2025-10-17 23:30:00,2.857549e-06,4.9822453e-09,0.026565712,0.33142245,74.375,31.5
2025-10-18 00:30:00,2.9138243e-06,5.3351092e-09,0.02711173,0.34168404,74.375,31.5
2025-10-18 01:30:00,2.9792377e-06,5.680731e-09,0.027743166,0.35268575,74.375,31.5
2025-10-18 02:30:00,3.047077e-06,5.997252e-09,0.028425625,0.36381188,74.375,31.5
2025-10-18 03:30:00,3.0877122e-06,6.009946e-09,0.028847493,0.3718996,74.375,31.5
2025-10-18 04:30:00,3.1032973e-06,5.200497e-09,0.028949933,0.37595287,74.375,31.5
2025-10-18 05:30:00,3.1312263e-06,2.737589e-09,0.029071743,0.37857863,74.375,31.5
2025-10-18 06:30:00,2.791182e-06,1.827175e-09,0.025918359,0.34153888,74.375,31.5
2025-10-18 07:30:00,2.780846e-06,1.6434574e-09,0.02583502,0.33854917,74.375,31.5
2025-10-18 08:30:00,2.762703e-06,1.5666062e-09,0.025670938,0.33288792,74.375,31.5
2025-10-18 09:30:00,3.3439694e-06,1.8908397e-09,0.03105977,0.3982583,74.375,31.5
2025-10-18 10:30:00,3.2896264e-06,1.885383e-09,0.03055136,0.3876351,74.375,31.5
2025-10-18 11:30:00,3.227539e-06,1.9026685e-09,0.029974062,0.3754537,74.375,31.5
2025-10-18 12:30:00,3.1738432e-06,2.106391e-09,0.029472327,0.36537853,74.375,31.5
2025-10-18 13:30:00,3.1111906e-06,2.3083142e-09,0.028888032,0.35555682,74.375,31.5
2025-10-18 14:30:00,3.025072e-06,2.451105e-09,0.028087517,0.34485218,74.375,31.5
2025-10-18 15:30:00,2.923058e-06,2.5565907e-09,0.027145222,0.3331423,74.375,31.5
2025-10-18 16:30:00,2.8375362e-06,2.659368e-09,0.02636997,0.323755,74.375,31.5
2025-10-18 17:30:00,2.8011868e-06,2.7921603e-09,0.02604171,0.32011265,74.375,31.5
2025-10-18 18:30:00,2.8250336e-06,2.9685907e-09,0.026277574,0.32340148,74.375,31.5
2025-10-18 19:30:00,2.9071155e-06,3.196874e-09,0.027052887,0.33291245,74.375,31.5
2025-10-18 20:30:00,3.020797e-06,3.4779106e-09,0.02811237,0.34539792,74.375,31.5
2025-10-18 21:30:00,3.1370605e-06,3.816245e-09,0.029190712,0.3583677,74.375,31.5
2025-10-18 22:30:00,3.2272385e-06,4.18732e-09,0.02999753,0.36881635,74.375,31.5
2025-10-18 23:30:00,3.2737528e-06,4.558402e-09,0.030421449,0.3749781,74.375,31.5
2025-10-19 00:30:00,3.265254e-06,4.8967363e-09,0.03035543,0.37568247,74.375,31.5
2025-10-19 01:30:00,3.216248e-06,5.1914304e-09,0.029903414,0.37187746,74.375,31.5
2025-10-19 02:30:00,3.160035e-06,5.4660982e-09,0.02939034,0.36675158,74.375,31.5
2025-10-19 03:30:00,2.2643162e-06,3.807156e-09,0.021061055,0.26893583,74.375,31.5
2025-10-19 04:30:00,2.2556846e-06,3.4852161e-09,0.020994106,0.26499054,74.375,31.5
2025-10-19 05:30:00,2.3053444e-06,1.9108704e-09,0.021454964,0.26622447,74.375,31.5
2025-10-19 06:30:00,2.2554993e-06,1.3456e-09,0.02101147,0.2548483,74.375,31.5
2025-10-19 07:30:00,2.341701e-06,1.2582961e-09,0.021797348,0.25944436,74.375,31.5
2025-10-19 08:30:00,2.4229964e-06,1.2464871e-09,0.02252307,0.2622057,74.375,31.5
2025-10-19 09:30:00,3.2327334e-06,1.6239101e-09,0.030031336,0.35577747,74.375,31.5
2025-10-19 10:30:00,3.2399716e-06,1.629382e-09,0.030097434,0.3492251,74.375,31.5
2025-10-19 11:30:00,3.2225005e-06,1.6607637e-09,0.029924963,0.33903646,74.375,31.5
2025-10-19 12:30:00,3.184603e-06,1.9408617e-09,0.029574726,0.32647637,74.375,31.5
2025-10-19 13:30:00,3.1328377e-06,2.2109823e-09,0.02908647,0.3135182,74.375,31.5
2025-10-19 14:30:00,3.0776673e-06,2.4228954e-09,0.028589588,0.30227903,74.375,31.5
2025-10-19 15:30:00,3.0318936e-06,2.5993425e-09,0.02818065,0.29346257,74.375,31.5
2025-10-19 16:30:00,3.0040346e-06,2.7639702e-09,0.027940694,0.28717238,74.375,31.5
2025-10-19 17:30:00,2.9990345e-06,2.9477114e-09,0.02790218,0.28309065,74.375,31.5
2025-10-19 18:30:00,3.0197687e-06,3.1668643e-09,0.02805144,0.28059563,74.375,31.5
2025-10-19 19:30:00,3.0643487e-06,3.4279013e-09,0.028450783,0.2804113,74.375,31.5
2025-10-19 20:30:00,3.1336115e-06,3.7416905e-09,0.029091988,0.2820107,74.375,31.5
2025-10-19 21:30:00,3.2210821e-06,4.109099e-09,0.029908033,0.28551033,74.375,31.5
2025-10-19 22:30:00,3.3088274e-06,4.4983692e-09,0.030724408,0.28990856,74.375,31.5
2025-10-19 23:30:00,3.3857543e-06,4.8840025e-09,0.031436507,0.29432356,74.375,31.5
2025-10-20 00:30:00,3.4374305e-06,5.2514397e-09,0.031911366,0.2965731,74.375,31.5
2025-10-20 01:30:00,3.457042e-06,5.586135e-09,0.03211772,0.29615158,74.375,31.5
2025-10-20 02:30:00,3.4496159e-06,5.8753686e-09,0.032055497,0.2935533,74.375,31.5
2025-10-20 03:30:00,3.4035927e-06,5.833499e-09,0.03163466,0.28821397,74.375,31.5
2025-10-20 04:30:00,3.314127e-06,5.2223195e-09,0.03080246,0.28066805,74.375,31.5
2025-10-20 05:30:00,3.246612e-06,2.6866522e-09,0.030152885,0.2725086,74.375,31.5
2025-10-20 06:30:00,3.3207511e-06,1.6957533e-09,0.030833714,0.28607985,74.375,31.5
2025-10-20 07:30:00,3.331908e-06,1.5015793e-09,0.030934388,0.29145283,74.375,31.5
2025-10-20 08:30:00,3.3496376e-06,1.4133662e-09,0.031099068,0.29655293,74.375,31.5
2025-10-20 09:30:00,3.6412928e-06,1.5006669e-09,0.03381191,0.3304457,74.375,31.5
2025-10-20 10:30:00,3.627521e-06,1.4961203e-09,0.03367823,0.32667413,74.375,31.5
2025-10-20 11:30:00,3.6230867e-06,1.5288637e-09,0.03364702,0.32147962,74.375,31.5
2025-10-20 12:30:00,3.6113029e-06,1.7257662e-09,0.03353616,0.31450486,74.375,31.5
2025-10-20 13:30:00,3.6014524e-06,1.9281297e-09,0.033448376,0.30875167,74.375,31.5
2025-10-20 14:30:00,3.6055412e-06,2.0863833e-09,0.03347691,0.30515093,74.375,31.5
2025-10-20 15:30:00,3.6272265e-06,2.224628e-09,0.033681862,0.30514362,74.375,31.5
2025-10-20 16:30:00,3.6722013e-06,2.3701472e-09,0.034102477,0.3088561,74.375,31.5
2025-10-20 17:30:00,3.7434552e-06,2.5456794e-09,0.034761723,0.31502682,74.375,31.5
2025-10-20 18:30:00,3.840593e-06,2.75942e-09,0.035663966,0.3235462,74.375,31.5
2025-10-20 19:30:00,3.9581737e-06,3.003187e-09,0.036769297,0.3345346,74.375,31.5
2025-10-20 20:30:00,4.077983e-06,3.255126e-09,0.03786255,0.3461491,74.375,31.5
2025-10-20 21:30:00,4.183335e-06,3.4906429e-09,0.038863845,0.35735616,74.375,31.5
2025-10-20 22:30:00,4.282368e-06,3.7016485e-09,0.039851125,0.37027663,74.375,31.5
2025-10-20 23:30:00,4.3696937e-06,3.885373e-09,0.040688965,0.3824455,74.375,31.5
2025-10-21 00:30:00,4.4421745e-06,4.0472514e-09,0.041366357,0.39318383,74.375,31.5
2025-10-21 01:30:00,4.4998455e-06,4.174581e-09,0.041875735,0.40208197,74.375,31.5
2025-10-21 02:30:00,4.538986e-06,4.283722e-09,0.042212352,0.40937686,74.375,31.5
2025-10-21 03:30:00,4.5927313e-06,4.3237383e-09,0.042687736,0.42097956,74.375,31.5
2025-10-21 04:30:00,4.5867246e-06,3.967219e-09,0.042645037,0.43070838,74.375,31.5
2025-10-21 05:30:00,4.6035057e-06,3.0313538e-09,0.042814128,0.4428616,74.375,31.5
2025-10-21 06:30:00,4.875718e-06,1.8671928e-09,0.045405656,0.4804722,74.375,31.5
2025-10-21 07:30:00,4.9457485e-06,1.7812458e-09,0.046146374,0.49782833,74.375,31.5
2025-10-21 08:30:00,5.0046556e-06,1.7848842e-09,0.046790563,0.50977826,74.375,31.5
2025-10-21 09:30:00,5.50257e-06,1.990884e-09,0.051508516,0.55586946,74.375,31.5
2025-10-21 10:30:00,5.463973e-06,1.9999795e-09,0.05113774,0.55214196,74.375,31.5
2025-10-21 11:30:00,5.4141206e-06,2.0936577e-09,0.050683655,0.5459702,74.375,31.5
2025-10-21 12:30:00,5.3638314e-06,2.3355824e-09,0.050206058,0.5391256,74.375,31.5
2025-10-21 13:30:00,5.31087e-06,2.504749e-09,0.04973777,0.53624177,74.375,31.5
2025-10-21 14:30:00,5.2501823e-06,2.5993419e-09,0.049193535,0.5331349,74.375,31.5
2025-10-21 15:30:00,5.178426e-06,2.6566351e-09,0.04849788,0.5283035,74.375,31.5
2025-10-21 16:30:00,5.108124e-06,2.722126e-09,0.047792237,0.52217394,74.375,31.5
2025-10-21 17:30:00,5.040002e-06,2.8312652e-09,0.04706835,0.51263046,74.375,31.5
2025-10-21 18:30:00,4.963006e-06,2.9958824e-09,0.046193056,0.49847552,74.375,31.5
2025-10-21 19:30:00,4.88471e-06,3.223259e-09,0.045418046,0.4837726,74.375,31.5
2025-10-21 20:30:00,4.831177e-06,3.527032e-09,0.044906467,0.4730783,74.375,31.5
2025-10-21 21:30:00,4.820236e-06,3.9235615e-09,0.04481111,0.46862522,74.375,31.5
2025-10-21 22:30:00,4.85632e-06,4.4110537e-09,0.045118894,0.47036818,74.375,31.5
2025-10-21 23:30:00,4.9411715e-06,4.974942e-09,0.045899145,0.47885123,74.375,31.5
2025-10-22 00:30:00,5.019044e-06,5.5351848e-09,0.046631485,0.48762935,74.375,31.5
2025-10-22 01:30:00,5.038198e-06,6.000846e-09,0.046800185,0.49008465,74.375,31.5
2025-10-22 02:30:00,5.003898e-06,6.3373595e-09,0.046492316,0.48864257,74.375,31.5
2025-10-22 03:30:00,4.1854787e-06,5.34601e-09,0.038881425,0.4210665,74.375,31.5
2025-10-22 04:30:00,4.0092987e-06,4.909453e-09,0.037235703,0.41133836,74.375,31.5
2025-10-22 05:30:00,3.8817843e-06,3.2268876e-09,0.03606249,0.40504432,74.375,31.5
2025-10-22 06:30:00,3.8042285e-06,2.1782398e-09,0.035338413,0.4026083,74.375,31.5
2025-10-22 07:30:00,3.7018242e-06,1.8862925e-09,0.034388755,0.3967742,74.375,31.5
2025-10-22 08:30:00,3.5670168e-06,1.7448667e-09,0.03313962,0.3843375,74.375,31.5
2025-10-22 09:30:00,4.9513137e-06,2.2828317e-09,0.045982577,0.5606207,74.375,31.5
2025-10-22 10:30:00,4.7428116e-06,2.2228053e-09,0.044056334,0.53334665,74.375,31.5
2025-10-22 11:30:00,4.5023025e-06,2.2218962e-09,0.041809924,0.50178665,74.375,31.5
2025-10-22 12:30:00,4.244935e-06,2.4219844e-09,0.039410617,0.4670972,74.375,31.5
2025-10-22 13:30:00,3.9880606e-06,2.5702327e-09,0.03701968,0.43482682,74.375,31.5
2025-10-22 14:30:00,3.7593127e-06,2.6821012e-09,0.034908213,0.4073197,74.375,31.5
2025-10-22 15:30:00,3.5933042e-06,2.799428e-09,0.03336307,0.38703606,74.375,31.5
2025-10-22 16:30:00,3.5081835e-06,2.9576843e-09,0.032574654,0.37527335,74.375,31.5
2025-10-22 17:30:00,3.4981913e-06,3.1832526e-09,0.032482397,0.37130892,74.375,31.5
2025-10-22 18:30:00,3.5388646e-06,3.4642655e-09,0.032850426,0.3731371,74.375,31.5
2025-10-22 19:30:00,3.5982148e-06,3.7689465e-09,0.033407897,0.37738383,74.375,31.5
2025-10-22 20:30:00,3.6646838e-06,4.092727e-09,0.034021515,0.38309646,74.375,31.5
2025-10-22 21:30:00,3.7337893e-06,4.44743e-09,0.03466337,0.39112148,74.375,31.5
2025-10-22 22:30:00,3.7961415e-06,4.8312367e-09,0.035248414,0.39904976,74.375,31.5
2025-10-22 23:30:00,3.8448484e-06,5.236872e-09,0.03572265,0.40536115,74.375,31.5
2025-10-23 00:30:00,3.881394e-06,5.647962e-09,0.036056627,0.40985608,74.375,31.5
2025-10-23 01:30:00,3.9272395e-06,6.0572347e-09,0.0365126,0.4152697,74.375,31.5
2025-10-23 02:30:00,3.9784754e-06,6.421035e-09,0.037000902,0.42115358,74.375,31.5
2025-10-23 03:30:00,3.983414e-06,6.4210326e-09,0.037091035,0.42544958,74.375,31.5
2025-10-23 04:30:00,3.961778e-06,5.684342e-09,0.036912084,0.43113583,74.375,31.5
2025-10-23 05:30:00,3.9850133e-06,3.7398427e-09,0.037134983,0.4420965,74.375,31.5
2025-10-23 06:30:00,4.8593693e-06,2.7057467e-09,0.045305233,0.5381574,74.375,31.5
2025-10-23 07:30:00,4.850872e-06,2.161869e-09,0.045289185,0.55065805,74.375,31.5
2025-10-23 08:30:00,4.8004076e-06,1.9281288e-09,0.04485192,0.5550685,74.375,31.5
2025-10-23 09:30:00,4.920336e-06,1.922672e-09,0.04598392,0.5688429,74.375,31.5
2025-10-23 10:30:00,4.8426277e-06,1.8899304e-09,0.045224693,0.5560359,74.375,31.5
2025-10-23 11:30:00,4.7716017e-06,1.9408672e-09,0.044485554,0.54058266,74.375,31.5
2025-10-23 12:30:00,4.7732447e-06,2.1909727e-09,0.04445753,0.52963877,74.375,31.5
2025-10-23 13:30:00,4.7196704e-06,2.3910616e-09,0.043922286,0.51565903,74.375,31.5
2025-10-23 14:30:00,4.694747e-06,2.5775082e-09,0.04364433,0.5061507,74.375,31.5
2025-10-23 15:30:00,4.683349e-06,2.778507e-09,0.04355483,0.5030329,74.375,31.5
2025-10-23 16:30:00,4.67702e-06,3.0186142e-09,0.04350421,0.50142676,74.375,31.5
2025-10-23 17:30:00,4.683674e-06,3.3069247e-09,0.04354716,0.5003563,74.375,31.5
2025-10-23 18:30:00,4.71953e-06,3.6379812e-09,0.043895274,0.5029068,74.375,31.5
2025-10-23 19:30:00,4.7981925e-06,3.9981414e-09,0.044683613,0.5116126,74.375,31.5
2025-10-23 20:30:00,4.9095925e-06,4.3746726e-09,0.045755,0.5225634,74.375,31.5
2025-10-23 21:30:00,5.039273e-06,4.7602957e-09,0.046951443,0.5312333,74.375,31.5
2025-10-23 22:30:00,5.164495e-06,5.1459232e-09,0.048091926,0.53752965,74.375,31.5
2025-10-23 23:30:00,5.277339e-06,5.53337e-09,0.049158324,0.54231834,74.375,31.5
2025-10-24 00:30:00,5.377867e-06,5.9189915e-09,0.05012456,0.54572,74.375,31.5
2025-10-24 01:30:00,5.4613715e-06,6.2882464e-09,0.05090907,0.54667026,74.375,31.5
2025-10-24 02:30:00,5.5149553e-06,6.6174843e-09,0.051371787,0.54417884,74.375,31.5
2025-10-24 03:30:00,6.819632e-06,8.385541e-09,0.06350524,0.6469988,74.375,31.5
2025-10-24 04:30:00,6.7900846e-06,7.701601e-09,0.06320943,0.64624023,74.375,31.5
2025-10-24 05:30:00,6.8340296e-06,5.5915734e-09,0.06356414,0.65423566,74.375,31.5
2025-10-24 06:30:00,7.666787e-06,4.4165063e-09,0.07127099,0.72848266,74.375,31.5
2025-10-24 07:30:00,7.867811e-06,4.08545e-09,0.07310378,0.751898,74.375,31.5
2025-10-24 08:30:00,8.01901e-06,4.0381565e-09,0.074477546,0.76772046,74.375,31.5
2025-10-24 09:30:00,6.0441666e-06,2.9422154e-09,0.056136604,0.60192215,74.375,31.5
2025-10-24 10:30:00,5.988952e-06,2.930392e-09,0.055614073,0.5924332,74.375,31.5
2025-10-24 11:30:00,5.892502e-06,3.0249794e-09,0.05471693,0.5760541,74.375,31.5
2025-10-24 12:30:00,5.7795587e-06,3.3078322e-09,0.053652532,0.5541414,74.375,31.5
2025-10-24 13:30:00,5.647897e-06,3.511559e-09,0.052444045,0.5314424,74.375,31.5
2025-10-24 14:30:00,5.498959e-06,3.6579877e-09,0.051066637,0.50709367,74.375,31.5
2025-10-24 15:30:00,5.3304966e-06,3.787136e-09,0.04949087,0.4814261,74.375,31.5
2025-10-24 16:30:00,5.138621e-06,3.92356e-09,0.047716193,0.45459753,74.375,31.5
2025-10-24 17:30:00,4.9620116e-06,4.096364e-09,0.04606137,0.42963928,74.375,31.5
2025-10-24 18:30:00,4.810866e-06,4.3201e-09,0.044675242,0.40946355,74.375,31.5
2025-10-24 19:30:00,4.6987534e-06,4.5929482e-09,0.043634497,0.3951422,74.375,31.5
2025-10-24 20:30:00,4.630596e-06,4.9112714e-09,0.04299648,0.38673478,74.375,31.5
2025-10-24 21:30:00,4.5968127e-06,5.2768883e-09,0.04268117,0.38271883,74.375,31.5
2025-10-24 22:30:00,4.5741967e-06,5.658876e-09,0.04247458,0.38061655,74.375,31.5
2025-10-24 23:30:00,4.559906e-06,6.033588e-09,0.042330656,0.37937152,74.375,31.5
2025-10-25 00:30:00,4.5596325e-06,6.379196e-09,0.04235459,0.37963215,74.375,31.5
2025-10-25 01:30:00,4.576449e-06,6.686605e-09,0.04252136,0.38187605,74.375,31.5
2025-10-25 02:30:00,4.607284e-06,6.955816e-09,0.04280717,0.38514525,74.375,31.5
2025-10-25 03:30:00,4.61772e-06,6.9358066e-09,0.0429269,0.388323,74.375,31.5
2025-10-25 04:30:00,4.616192e-06,6.522896e-09,0.042915136,0.39091018,74.375,31.5
2025-10-25 05:30:00,4.6592886e-06,4.649337e-09,0.04327029,0.39506042,74.375,31.5
2025-10-25 06:30:00,5.6465396e-06,3.6643542e-09,0.052435532,0.47365916,74.375,31.5
2025-10-25 07:30:00,5.6484946e-06,3.2696337e-09,0.052447654,0.4760031,74.375,31.5
2025-10-25 08:30:00,5.559854e-06,3.0640892e-09,0.0516183,0.47004536,74.375,31.5
2025-10-25 09:30:00,7.041435e-06,3.7725862e-09,0.06535871,0.64298475,74.375,31.5
2025-10-25 10:30:00,6.761128e-06,3.7225651e-09,0.06278634,0.6157344,74.375,31.5
2025-10-25 11:30:00,6.4888973e-06,3.779866e-09,0.060239762,0.58608836,74.375,31.5
2025-10-25 12:30:00,6.2151626e-06,3.9999577e-09,0.057715602,0.5549266,74.375,31.5
2025-10-25 13:30:00,5.971687e-06,4.169124e-09,0.055452358,0.52777416,74.375,31.5
2025-10-25 14:30:00,5.7679963e-06,4.296454e-09,0.053549636,0.50580096,74.375,31.5
2025-10-25 15:30:00,5.6074655e-06,4.4110497e-09,0.052054092,0.49016857,74.375,31.5
2025-10-25 16:30:00,5.4915645e-06,4.5365662e-09,0.05100183,0.48033783,74.375,31.5
2025-10-25 17:30:00,5.4230863e-06,4.6893605e-09,0.050350763,0.47562647,74.375,31.5
2025-10-25 18:30:00,5.411731e-06,4.8803557e-09,0.050250694,0.4773021,74.375,31.5
2025-10-25 19:30:00,5.441012e-06,5.0913562e-09,0.05052534,0.48365682,74.375,31.5
2025-10-25 20:30:00,5.4886336e-06,5.311455e-09,0.050965298,0.49306983,74.375,31.5
2025-10-25 21:30:00,5.55479e-06,5.537015e-09,0.051577903,0.5049796,74.375,31.5
2025-10-25 22:30:00,5.6235353e-06,5.758933e-09,0.052222777,0.51856524,74.375,31.5
2025-10-25 23:30:00,5.6615063e-06,5.9554264e-09,0.05258202,0.5304916,74.375,31.5
2025-10-26 00:30:00,5.6373933e-06,6.1045284e-09,0.052385494,0.5355666,74.375,31.5
2025-10-26 01:30:00,5.537403e-06,6.2045733e-09,0.051511336,0.532602,74.375,31.5
2025-10-26 02:30:00,5.394899e-06,6.2736967e-09,0.050212685,0.5240944,74.375,31.5
2025-10-26 03:30:00,5.011808e-06,5.842594e-09,0.046676137,0.4934686,74.375,31.5
2025-10-26 04:30:00,4.8891416e-06,5.498805e-09,0.04551601,0.4839117,74.375,31.5
2025-10-26 05:30:00,4.8286706e-06,3.6288845e-09,0.0448635,0.47813016,74.375,31.5
2025-10-26 06:30:00,6.529414e-06,3.4806362e-09,0.060629036,0.7053537,74.375,31.5
2025-10-26 07:30:00,6.430977e-06,3.3533072e-09,0.05970465,0.69538647,74.375,31.5
2025-10-26 08:30:00,6.27412e-06,3.2678158e-09,0.058246743,0.6805721,74.375,31.5
2025-10-26 09:30:00,5.83706e-06,3.0522675e-09,0.054204904,0.6316423,74.375,31.5
2025-10-26 10:30:00,5.6997196e-06,3.0513625e-09,0.052926317,0.6105813,74.375,31.5
2025-10-26 11:30:00,5.592575e-06,3.1404945e-09,0.051921297,0.5914657,74.375,31.5
2025-10-26 12:30:00,5.526665e-06,3.3987915e-09,0.051326465,0.5770428,74.375,31.5
2025-10-26 13:30:00,5.500256e-06,3.6361703e-09,0.05106927,0.56927174,74.375,31.5
2025-10-26 14:30:00,5.5043547e-06,3.8453614e-09,0.051096015,0.5658861,74.375,31.5
2025-10-26 15:30:00,5.512727e-06,4.038163e-09,0.051185858,0.56458706,74.375,31.5
2025-10-26 16:30:00,5.5091264e-06,4.2328043e-09,0.051137533,0.56241447,74.375,31.5
2025-10-26 17:30:00,5.4936895e-06,4.434714e-09,0.05099654,0.55911124,74.375,31.5
2025-10-26 18:30:00,5.4756115e-06,4.642061e-09,0.050844364,0.5559708,74.375,31.5
2025-10-26 19:30:00,5.4737707e-06,4.8457878e-09,0.050810967,0.55457354,74.375,31.5
2025-10-26 20:30:00,5.5019805e-06,5.054972e-09,0.051077683,0.5575397,74.375,31.5
2025-10-26 21:30:00,5.584795e-06,5.2859837e-09,0.051841892,0.57101333,74.375,31.5
2025-10-26 22:30:00,5.7167726e-06,5.5442815e-09,0.053080436,0.5937993,74.375,31.5
2025-10-26 23:30:00,5.862615e-06,5.8244063e-09,0.05444179,0.61845386,74.375,31.5
2025-10-27 00:30:00,5.978869e-06,6.1190804e-09,0.055540774,0.63932264,74.375,31.5
2025-10-27 01:30:00,6.0497364e-06,6.411946e-09,0.056214977,0.6528284,74.375,31.5
2025-10-27 02:30:00,6.07761e-06,6.6847985e-09,0.056492336,0.6585414,74.375,31.5
2025-10-27 03:30:00,6.8279764e-06,7.84712e-09,0.06349018,0.760769,74.375,31.5
2025-10-27 04:30:00,6.942576e-06,7.559721e-09,0.06459814,0.7753798,74.375,31.5
2025-10-27 05:30:00,7.094261e-06,5.256882e-09,0.06589387,0.7954308,74.375,31.5
2025-10-27 06:30:00,7.2185035e-06,4.150934e-09,0.067118905,0.8177707,74.375,31.5
2025-10-27 07:30:00,7.2691455e-06,3.952664e-09,0.06762653,0.8262095,74.375,31.5
2025-10-27 08:30:00,7.266713e-06,3.910828e-09,0.067602836,0.8222358,74.375,31.5
2025-10-27 09:30:00,8.073612e-06,4.614778e-09,0.07513855,0.8941795,74.375,31.5
2025-10-27 10:30:00,7.921064e-06,4.6020454e-09,0.073664,0.86210746,74.375,31.5
2025-10-27 11:30:00,7.727011e-06,4.7330126e-09,0.0718219,0.8267079,74.375,31.5
2025-10-27 12:30:00,7.5127023e-06,5.0222333e-09,0.06980662,0.78667563,74.375,31.5
2025-10-27 13:30:00,7.29188e-06,5.193218e-09,0.06773817,0.7476955,74.375,31.5
2025-10-27 14:30:00,7.065582e-06,5.269615e-09,0.065602615,0.71216416,74.375,31.5
2025-10-27 15:30:00,6.8542286e-06,5.2932654e-09,0.06365337,0.683585,74.375,31.5
2025-10-27 16:30:00,6.6999087e-06,5.315094e-09,0.06221883,0.66563594,74.375,31.5
2025-10-27 17:30:00,6.6166476e-06,5.3551132e-09,0.061434206,0.6578497,74.375,31.5
2025-10-27 18:30:00,6.585289e-06,5.424233e-09,0.06115826,0.6575512,74.375,31.5
2025-10-27 19:30:00,6.5854965e-06,5.526106e-09,0.06115596,0.66068065,74.375,31.5
2025-10-27 20:30:00,6.6103676e-06,5.6607186e-09,0.061390456,0.66631556,74.375,31.5
2025-10-27 21:30:00,6.6629646e-06,5.818959e-09,0.061896123,0.6796973,74.375,31.5
2025-10-27 22:30:00,6.742465e-06,5.9972343e-09,0.06265721,0.700476,74.375,31.5
2025-10-27 23:30:00,6.8010227e-06,6.2027907e-09,0.06323916,0.71949595,74.375,31.5
2025-10-28 00:30:00,6.7909655e-06,6.4319465e-09,0.06317427,0.728525,74.375,31.5
2025-10-28 01:30:00,6.709901e-06,6.686605e-09,0.062468413,0.7270639,74.375,31.5
2025-10-28 02:30:00,6.581274e-06,6.9630914e-09,0.061314233,0.71827126,74.375,31.5
2025-10-28 03:30:00,6.406778e-06,6.9958332e-09,0.059717614,0.70266795,74.375,31.5
2025-10-28 04:30:00,6.1907763e-06,6.4173977e-09,0.057694662,0.68194395,74.375,31.5
2025-10-28 05:30:00,6.0127913e-06,4.6639017e-09,0.0559682,0.6644292,74.375,31.5
2025-10-28 06:30:00,8.245411e-06,5.7316365e-09,0.07675548,0.9003158,74.375,31.5
2025-10-28 07:30:00,8.015245e-06,5.26052e-09,0.074564666,0.8748275,74.375,31.5
2025-10-28 08:30:00,7.794738e-06,4.9222013e-09,0.07249935,0.8481145,74.375,31.5
2025-10-28 09:30:00,7.694633e-06,4.7439377e-09,0.07152317,0.83251303,74.375,31.5
2025-10-28 10:30:00,7.573153e-06,4.665728e-09,0.07036898,0.8141531,74.375,31.5
2025-10-28 11:30:00,7.467003e-06,4.7330366e-09,0.06935886,0.7943582,74.375,31.5
2025-10-28 12:30:00,7.3109672e-06,5.0404196e-09,0.06789186,0.7677609,74.375,31.5
2025-10-28 13:30:00,7.089392e-06,5.335097e-09,0.06581894,0.73460424,74.375,31.5
2025-10-28 14:30:00,6.84552e-06,5.5842992e-09,0.06356001,0.70067203,74.375,31.5
2025-10-28 15:30:00,6.629434e-06,5.7989418e-09,0.061544098,0.6752984,74.375,31.5
2025-10-28 16:30:00,6.478155e-06,6.00631e-09,0.06014142,0.6609458,74.375,31.5
2025-10-28 17:30:00,6.4034907e-06,6.233685e-09,0.05945435,0.6566112,74.375,31.5
2025-10-28 18:30:00,6.3814423e-06,6.4846986e-09,0.0592648,0.6586294,74.375,31.5
2025-10-28 19:30:00,6.3743596e-06,6.7411783e-09,0.059209436,0.6621158,74.375,31.5
2025-10-28 20:30:00,6.3497237e-06,6.9885715e-09,0.059018582,0.66301626,74.375,31.5
2025-10-28 21:30:00,6.283292e-06,7.228664e-09,0.058423102,0.65721226,74.375,31.5
2025-10-28 22:30:00,6.1475234e-06,7.4687705e-09,0.057185628,0.6416689,74.375,31.5
2025-10-28 23:30:00,5.9358467e-06,7.716153e-09,0.055239882,0.6162498,74.375,31.5
2025-10-29 00:30:00,5.6679537e-06,7.978088e-09,0.052824683,0.5844691,74.375,31.5
2025-10-29 01:30:00,5.3830263e-06,8.26549e-09,0.050234627,0.5512039,74.375,31.5
2025-10-29 02:30:00,5.1128636e-06,8.563805e-09,0.04778112,0.5202546,74.375,31.5
2025-10-29 03:30:00,1.1766346e-05,5.167749e-09,0.109589465,1.2936295,74.375,31.5
2025-10-29 04:30:00,1.114118e-05,5.1622924e-09,0.10383807,1.2355171,74.375,31.5
2025-10-29 05:30:00,1.065005e-05,5.364202e-09,0.09913831,1.1946325,74.375,31.5
2025-10-29 06:30:00,1.0349029e-05,5.589756e-09,0.09633222,1.180911,74.375,31.5
2025-10-29 07:30:00,1.0025578e-05,5.5861267e-09,0.09335079,1.1575509,74.375,31.5
2025-10-29 08:30:00,9.639928e-06,5.531563e-09,0.0897963,1.1166065,74.375,31.5
2025-10-29 09:30:00,1.6167845e-05,8.243665e-09,0.15057257,1.7672049,74.375,31.5
2025-10-29 10:30:00,1.5616799e-05,8.374637e-09,0.14531943,1.6887406,74.375,31.5
2025-10-29 11:30:00,1.4968429e-05,8.534714e-09,0.13926485,1.5984126,74.375,31.5
2025-10-29 12:30:00,1.4316126e-05,8.723874e-09,0.13308696,1.5094941,74.375,31.5
2025-10-29 13:30:00,1.3740874e-05,8.814829e-09,0.12764798,1.4367044,74.375,31.5
2025-10-29 14:30:00,1.3256308e-05,8.854861e-09,0.12313953,1.381457,74.375,31.5
2025-10-29 15:30:00,1.2776507e-05,8.883944e-09,0.118679486,1.3315951,74.375,31.5
2025-10-29 16:30:00,1.2183804e-05,8.898498e-09,0.1131656,1.2720302,74.375,31.5
2025-10-29 17:30:00,1.1500606e-05,8.9203285e-09,0.10686933,1.2031358,74.375,31.5
2025-10-29 18:30:00,1.079199e-05,8.971257e-09,0.10030225,1.132335,74.375,31.5
2025-10-29 19:30:00,1.0047068e-05,9.069488e-09,0.09340753,1.0557332,74.375,31.5
2025-10-29 20:30:00,9.306271e-06,9.251391e-09,0.08650915,0.97913396,74.375,31.5
2025-10-29 21:30:00,8.721542e-06,9.556972e-09,0.08111987,0.9196855,74.375,31.5
2025-10-29 22:30:00,8.370687e-06,9.960793e-09,0.077953756,0.8870523,74.375,31.5
2025-10-29 23:30:00,8.18571e-06,1.03646105e-08,0.07645386,0.8744375,74.375,31.5
2025-10-30 00:30:00,8.073475e-06,1.0702937e-08,0.07573965,0.8702076,74.375,31.5
2025-10-30 01:30:00,7.962826e-06,1.0972154e-08,0.07501284,0.86463356,74.375,31.5
2025-10-30 02:30:00,7.825861e-06,1.1186803e-08,0.07391221,0.8520696,74.375,31.5
2025-10-30 03:30:00,7.670639e-06,1.1063096e-08,0.072373785,0.83209026,74.375,31.5
2025-10-30 04:30:00,7.539628e-06,1.0299134e-08,0.07072459,0.8100977,74.375,31.5
2025-10-30 05:30:00,7.5125945e-06,7.1359194e-09,0.06998525,0.79712033,74.375,31.5
2025-10-30 06:30:00,7.684006e-06,5.9135346e-09,0.0715637,0.8132463,74.375,31.5
2025-10-30 07:30:00,7.755307e-06,5.478796e-09,0.07223062,0.8203865,74.375,31.5
2025-10-30 08:30:00,7.760641e-06,5.231414e-09,0.07226407,0.81915474,74.375,31.5
2025-10-30 09:30:00,9.2664295e-06,6.391929e-09,0.08628461,0.9756547,74.375,31.5
2025-10-30 10:30:00,9.14833e-06,6.204574e-09,0.085166,0.9529348,74.375,31.5
2025-10-30 11:30:00,8.973233e-06,6.2809717e-09,0.08343793,0.9171525,74.375,31.5
2025-10-30 12:30:00,8.742435e-06,6.570192e-09,0.08124802,0.8725643,74.375,31.5
2025-10-30 13:30:00,8.504299e-06,6.803022e-09,0.07899758,0.8300189,74.375,31.5
2025-10-30 14:30:00,8.290388e-06,6.9921993e-09,0.07697369,0.79408896,74.375,31.5
2025-10-30 15:30:00,8.106352e-06,7.1722788e-09,0.07525845,0.76990557,74.375,31.5
2025-10-30 16:30:00,7.953706e-06,7.3669115e-09,0.07385142,0.7555031,74.375,31.5
2025-10-30 17:30:00,7.820159e-06,7.592468e-09,0.07265502,0.74601823,74.375,31.5
2025-10-30 18:30:00,7.700617e-06,7.83985e-09,0.07152516,0.7399782,74.375,31.5
2025-10-30 19:30:00,7.5714856e-06,8.079957e-09,0.07036218,0.7358926,74.375,31.5
2025-10-30 20:30:00,7.4183345e-06,8.309151e-09,0.06901431,0.7305325,74.375,31.5
2025-10-30 21:30:00,7.231844e-06,8.505596e-09,0.067361616,0.72103024,74.375,31.5
2025-10-30 22:30:00,7.0219485e-06,8.676587e-09,0.06552526,0.70867187,74.375,31.5
2025-10-30 23:30:00,6.7767096e-06,8.807555e-09,0.0633528,0.6904418,74.375,31.5
2025-10-31 00:30:00,6.476049e-06,8.865755e-09,0.060597826,0.66192,74.375,31.5
2025-10-31 01:30:00,6.1384444e-06,8.829385e-09,0.057433903,0.62586033,74.375,31.5
2025-10-31 02:30:00,5.7955517e-06,8.6838865e-09,0.054197174,0.5858275,74.375,31.5
2025-10-31 03:30:00,5.471041e-06,8.178176e-09,0.051129777,0.5467123,74.375,31.5
2025-10-31 04:30:00,5.1680495e-06,7.079507e-09,0.04825725,0.511545,74.375,31.5
2025-10-31 05:30:00,5.0293283e-06,4.3946797e-09,0.046843123,0.4966309,74.375,31.5
2025-10-31 06:30:00,9.150593e-06,6.1027094e-09,0.08524279,0.94222975,74.375,31.5
2025-10-31 07:30:00,9.228728e-06,5.979018e-09,0.08595659,0.9463961,74.375,31.5
2025-10-31 08:30:00,9.179571e-06,5.913535e-09,0.085437804,0.92892957,74.375,31.5
2025-10-31 09:30:00,7.730189e-06,4.98949e-09,0.07185329,0.76620775,74.375,31.5
2025-10-31 10:30:00,7.804871e-06,5.235056e-09,0.07252593,0.7485277,74.375,31.5
2025-10-31 11:30:00,7.786585e-06,5.5551967e-09,0.072313234,0.719253,74.375,31.5
2025-10-31 12:30:00,7.749392e-06,5.971742e-09,0.071945444,0.68856484,74.375,31.5
2025-10-31 13:30:00,7.764216e-06,6.333723e-09,0.072068185,0.6680787,74.375,31.5
2025-10-31 14:30:00,7.827554e-06,6.6502266e-09,0.07267704,0.65756845,74.375,31.5
2025-10-31 15:30:00,7.935574e-06,6.939448e-09,0.073680095,0.6566008,74.375,31.5
2025-10-31 16:30:00,8.047335e-06,7.225039e-09,0.07471382,0.66031677,74.375,31.5
2025-10-31 17:30:00,8.144245e-06,7.516074e-09,0.075627305,0.6655098,74.375,31.5
2025-10-31 18:30:00,8.203999e-06,7.80347e-09,0.07617472,0.6682175,74.375,31.5
2025-10-31 19:30:00,8.185196e-06,8.087239e-09,0.07598727,0.66358846,74.375,31.5
2025-10-31 20:30:00,8.103181e-06,8.3528064e-09,0.07524818,0.6530925,74.375,31.5
2025-10-31 21:30:00,8.002549e-06,8.614738e-09,0.0743233,0.64211285,74.375,31.5
2025-10-31 22:30:00,7.905519e-06,8.858488e-09,0.07340122,0.63308465,74.375,31.5
2025-10-31 23:30:00,7.797574e-06,9.098604e-09,0.072395265,0.6242984,74.375,31.5
2025-11-01 00:30:00,7.670908e-06,9.34233e-09,0.07123346,0.61455375,74.375,31.5
2025-11-01 01:30:00,7.542326e-06,9.600626e-09,0.07007285,0.6043659,74.375,31.5
2025-11-01 02:30:00,7.4418404e-06,9.888033e-09,0.06912564,0.5964648,74.375,31.5
2025-11-01 03:30:00,1.0621553e-05,1.4042598e-08,0.09870545,0.8768249,74.375,31.5
2025-11-01 04:30:00,1.042409e-05,1.3453246e-08,0.09689246,0.856799,74.375,31.5
2025-11-01 05:30:00,1.0271849e-05,1.155786e-08,0.09543287,0.8373378,74.375,31.5
2025-11-01 06:30:00,1.024623e-05,8.509234e-09,0.09513627,0.8278741,74.375,31.5
2025-11-01 07:30:00,1.01680625e-05,7.55609e-09,0.09440467,0.818163,74.375,31.5
2025-11-01 08:30:00,1.0008145e-05,6.93218e-09,0.092939965,0.80160344,74.375,31.5
2025-11-01 09:30:00,1.0235592e-05,6.8958e-09,0.09504268,0.811547,74.375,31.5
2025-11-01 10:30:00,9.729217e-06,6.5156516e-09,0.090340525,0.76885116,74.375,31.5
2025-11-01 11:30:00,9.163409e-06,6.5574914e-09,0.08509455,0.71906114,74.375,31.5
2025-11-01 12:30:00,8.623956e-06,6.7921087e-09,0.08006954,0.66953367,74.375,31.5
2025-11-01 13:30:00,8.177875e-06,6.9339965e-09,0.07590473,0.6293323,74.375,31.5
2025-11-01 14:30:00,7.817707e-06,7.017708e-09,0.07256812,0.59786713,74.375,31.5
2025-11-01 15:30:00,7.5304165e-06,7.079514e-09,0.06991945,0.5746783,74.375,31.5
2025-11-01 16:30:00,7.303142e-06,7.1650295e-09,0.06782312,0.5583327,74.375,31.5
2025-11-01 17:30:00,7.1370832e-06,7.3269453e-09,0.066282466,0.54840744,74.375,31.5
2025-11-01 18:30:00,7.041465e-06,7.55972e-09,0.06539395,0.5446462,74.375,31.5
2025-11-01 19:30:00,7.0172277e-06,7.821656e-09,0.06515252,0.54669416,74.375,31.5
2025-11-01 20:30:00,7.0276e-06,8.1090565e-09,0.06526964,0.5509853,74.375,31.5
2025-11-01 21:30:00,7.0076194e-06,8.392822e-09,0.0650696,0.5530027,74.375,31.5
2025-11-01 22:30:00,6.937807e-06,8.662036e-09,0.06443255,0.551423,74.375,31.5
2025-11-01 23:30:00,6.8421305e-06,8.93489e-09,0.06354693,0.5468356,74.375,31.5
2025-11-02 00:30:00,6.7520896e-06,9.23319e-09,0.062720425,0.542986,74.375,31.5
2025-11-02 01:30:00,6.697618e-06,9.571523e-09,0.062218346,0.5417623,74.375,31.5
2025-11-02 02:30:00,6.6768234e-06,9.909869e-09,0.06204094,0.5434674,74.375,31.5
2025-11-02 03:30:00,6.659309e-06,9.960786e-09,0.061903864,0.54546463,74.375,31.5
2025-11-02 04:30:00,6.607619e-06,9.418732e-09,0.061433334,0.5431679,74.375,31.5
2025-11-02 05:30:00,6.5793774e-06,7.3596347e-09,0.061129745,0.53929955,74.375,31.5
2025-11-02 06:30:00,9.758013e-06,7.3323463e-09,0.09060863,0.7870382,74.375,31.5
2025-11-02 07:30:00,9.671581e-06,6.657501e-09,0.089800335,0.79051757,74.375,31.5
2025-11-02 08:30:00,9.510887e-06,6.313712e-09,0.08829967,0.7819044,74.375,31.5
2025-11-02 09:30:00,9.711852e-06,6.3118932e-09,0.090190575,0.80599517,74.375,31.5
2025-11-02 10:30:00,9.861e-06,6.404662e-09,0.09156267,0.8263768,74.375,31.5
2025-11-02 11:30:00,9.831127e-06,6.6829675e-09,0.09125868,0.8295004,74.375,31.5
2025-11-02 12:30:00,9.614893e-06,7.043127e-09,0.08927312,0.8212053,74.375,31.5
2025-11-02 13:30:00,9.300403e-06,7.3250703e-09,0.08633728,0.8105789,74.375,31.5
2025-11-02 14:30:00,8.934394e-06,7.556082e-09,0.082962446,0.79876053,74.375,31.5
2025-11-02 15:30:00,8.576927e-06,7.763447e-09,0.07963967,0.78637654,74.375,31.5
2025-11-02 16:30:00,8.216457e-06,7.95626e-09,0.076283425,0.77085495,74.375,31.5
2025-11-02 17:30:00,7.866751e-06,8.145435e-09,0.07302965,0.7532168,74.375,31.5
2025-11-02 18:30:00,7.584422e-06,8.341885e-09,0.070414424,0.7390087,74.375,31.5
2025-11-02 19:30:00,7.4200757e-06,8.552888e-09,0.068886146,0.7341533,74.375,31.5
2025-11-02 20:30:00,7.3956144e-06,8.8075485e-09,0.068650745,0.74176055,74.375,31.5
2025-11-02 21:30:00,7.46848e-06,9.120413e-09,0.06934851,0.75936437,74.375,31.5
2025-11-02 22:30:00,7.5564703e-06,9.480574e-09,0.07017817,0.77770364,74.375,31.5
2025-11-02 23:30:00,7.5696144e-06,9.840735e-09,0.07030393,0.7862344,74.375,31.5
2025-11-03 00:30:00,7.448102e-06,1.0153605e-08,0.06919948,0.7784379,74.375,31.5
2025-11-03 01:30:00,7.2093917e-06,1.0393737e-08,0.06697214,0.75524443,74.375,31.5
2025-11-03 02:30:00,6.9259822e-06,1.0586585e-08,0.06436197,0.723461,74.375,31.5
2025-11-03 03:30:00,8.45118e-06,1.445369e-08,0.078533016,0.9286499,74.375,31.5
2025-11-03 04:30:00,8.123392e-06,1.3838871e-08,0.07551855,0.8774774,74.375,31.5
2025-11-03 05:30:00,7.88166e-06,1.256922e-08,0.07329836,0.82874376,74.375,31.5
2025-11-03 06:30:00,7.7032455e-06,8.9676195e-09,0.07153289,0.7746915,74.375,31.5
2025-11-03 07:30:00,7.676733e-06,6.4210384e-09,0.071258865,0.7413641,74.375,31.5
2025-11-03 08:30:00,7.5445823e-06,5.6443317e-09,0.0700558,0.70771825,74.375,31.5
2025-11-03 09:30:00,8.343741e-06,5.8680603e-09,0.07747439,0.74964803,74.375,31.5
2025-11-03 10:30:00,8.351212e-06,5.5570135e-09,0.07752986,0.72626746,74.375,31.5
2025-11-03 11:30:00,8.343533e-06,5.6152225e-09,0.077484235,0.70526236,74.375,31.5
2025-11-03 12:30:00,8.321598e-06,5.866241e-09,0.077270515,0.6856476,74.375,31.5
2025-11-03 13:30:00,8.26655e-06,6.1245373e-09,0.07675923,0.6677874,74.375,31.5
2025-11-03 14:30:00,8.132901e-06,6.362825e-09,0.07554047,0.64996487,74.375,31.5
2025-11-03 15:30:00,7.899121e-06,6.5774657e-09,0.07334354,0.6307018,74.375,31.5
2025-11-03 16:30:00,7.575701e-06,6.7757355e-09,0.07035598,0.6105996,74.375,31.5
2025-11-03 17:30:00,7.255338e-06,6.9630914e-09,0.06738291,0.59346557,74.375,31.5
2025-11-03 18:30:00,7.0016777e-06,7.1249815e-09,0.06502034,0.58324987,74.375,31.5
2025-11-03 19:30:00,6.8221657e-06,7.215931e-09,0.06335003,0.57918036,74.375,31.5
2025-11-03 20:30:00,6.666749e-06,7.192284e-09,0.06190785,0.575916,74.375,31.5
2025-11-03 21:30:00,6.490348e-06,7.106792e-09,0.060305174,0.5690531,74.375,31.5
2025-11-03 22:30:00,6.292048e-06,7.0231185e-09,0.058478933,0.5579484,74.375,31.5
2025-11-03 23:30:00,6.0999355e-06,6.937626e-09,0.056715023,0.54559046,74.375,31.5
2025-11-04 00:30:00,5.956952e-06,6.853952e-09,0.055407684,0.53676957,74.375,31.5
2025-11-04 01:30:00,5.8956816e-06,6.788469e-09,0.054861348,0.5342682,74.375,31.5
2025-11-04 02:30:00,5.9441636e-06,6.779374e-09,0.0553209,0.5401045,74.375,31.5
2025-11-04 03:30:00,6.0813204e-06,6.708433e-09,0.056597184,0.5554935,74.375,31.5
2025-11-04 04:30:00,6.2583454e-06,6.4374044e-09,0.058223102,0.57695174,74.375,31.5
2025-11-04 05:30:00,6.463088e-06,5.917175e-09,0.060068034,0.60077816,74.375,31.5
2025-11-04 06:30:00,9.839821e-06,6.157279e-09,0.091368526,0.8987367,74.375,31.5
2025-11-04 07:30:00,9.5017185e-06,4.492904e-09,0.088202894,0.87444866,74.375,31.5
2025-11-04 08:30:00,8.811615e-06,3.7744035e-09,0.081815645,0.81881076,74.375,31.5
2025-11-04 09:30:00,1.1688047e-05,4.974936e-09,0.10857749,1.1168617,74.375,31.5
2025-11-04 10:30:00,1.1390349e-05,4.667527e-09,0.10603348,1.1090691,74.375,31.5
2025-11-04 11:30:00,1.1215034e-05,4.7675712e-09,0.10572747,1.1298457,74.375,31.5
2025-11-04 12:30:00,1.1210584e-05,4.9130904e-09,0.10825461,1.2109905,74.375,31.5
2025-11-04 13:30:00,1.1250951e-05,5.0913513e-09,0.11092918,1.2801714,74.375,31.5
2025-11-04 14:30:00,1.1251196e-05,5.320544e-09,0.11259915,1.32569,74.375,31.5
2025-11-04 15:30:00,1.1053551e-05,5.6152207e-09,0.108717866,1.249036,74.375,31.5
2025-11-04 16:30:00,1.06342395e-05,5.9662857e-09,0.10258547,1.1208272,74.375,31.5
2025-11-04 17:30:00,1.0120483e-05,6.3537304e-09,0.0952838,0.977974,74.375,31.5
2025-11-04 18:30:00,9.7341335e-06,6.7375376e-09,0.090599835,0.8899032,74.375,31.5
2025-11-04 19:30:00,9.47641e-06,7.044947e-09,0.08808476,0.8491158,74.375,31.5
2025-11-04 20:30:00,9.207418e-06,7.2286643e-09,0.08560841,0.8186125,74.375,31.5
2025-11-04 21:30:00,8.901572e-06,7.2941493e-09,0.08294922,0.7933732,74.375,31.5
2025-11-04 22:30:00,8.599318e-06,7.2850543e-09,0.08046891,0.7752475,74.375,31.5
2025-11-04 23:30:00,8.28946e-06,7.2395796e-09,0.07810304,0.7593862,74.375,31.5
2025-11-05 00:30:00,7.927929e-06,7.1468094e-09,0.07531272,0.7401775,74.375,31.5
2025-11-05 01:30:00,7.515456e-06,7.0158426e-09,0.07201339,0.71772516,74.375,31.5
2025-11-05 02:30:00,7.109156e-06,6.852134e-09,0.06853218,0.69303286,74.375,31.5
2025-11-05 03:30:00,4.9497967e-06,4.754839e-09,0.047531467,0.49230322,74.375,31.5
2025-11-05 04:30:00,4.710709e-06,4.1127364e-09,0.04445401,0.45812684,74.375,31.5
2025-11-05 05:30:00,4.6048413e-06,3.3996927e-09,0.04285685,0.44433838,74.375,31.5
2025-11-05 06:30:00,2.9590894e-06,1.8335413e-09,0.027480815,0.29653776,74.375,31.5
2025-11-05 07:30:00,2.9211546e-06,1.7457751e-09,0.027147055,0.29284462,74.375,31.5
2025-11-05 08:30:00,2.9071798e-06,1.7275853e-09,0.027016053,0.28566623,74.375,31.5
2025-11-05 09:30:00,3.513137e-06,2.1373125e-09,0.03262042,0.3299134,74.375,31.5
2025-11-05 10:30:00,3.4902419e-06,2.2309905e-09,0.032406654,0.30968934,74.375,31.5
2025-11-05 11:30:00,3.3990414e-06,2.4547262e-09,0.031560715,0.28378645,74.375,31.5
2025-11-05 12:30:00,3.2542293e-06,2.764864e-09,0.030219542,0.25560328,74.375,31.5
2025-11-05 13:30:00,3.079763e-06,3.0049705e-09,0.02859394,0.23065582,74.375,31.5
2025-11-05 14:30:00,2.8816373e-06,3.1704988e-09,0.026753888,0.20848647,74.375,31.5
2025-11-05 15:30:00,2.669327e-06,3.2632672e-09,0.024784029,0.18912366,74.375,31.5
2025-11-05 16:30:00,2.4692338e-06,3.3096526e-09,0.022929417,0.17273033,74.375,31.5
2025-11-05 17:30:00,2.288589e-06,3.3323906e-09,0.021249715,0.1581928,74.375,31.5
2025-11-05 18:30:00,2.1296894e-06,3.3605856e-09,0.019774845,0.14548324,74.375,31.5
2025-11-05 19:30:00,2.0033062e-06,3.4178864e-09,0.01860065,0.13533379,74.375,31.5
2025-11-05 20:30:00,1.910829e-06,3.5033847e-09,0.017738193,0.12796229,74.375,31.5
2025-11-05 21:30:00,1.8519604e-06,3.616168e-09,0.017197868,0.12360343,74.375,31.5
2025-11-05 22:30:00,1.8272907e-06,3.743519e-09,0.016965775,0.12212621,74.375,31.5
2025-11-05 23:30:00,1.8444009e-06,3.8872154e-09,0.017125137,0.12362999,74.375,31.5
2025-11-06 00:30:00,1.8949179e-06,4.0654418e-09,0.01759961,0.12735848,74.375,31.5
2025-11-06 01:30:00,1.9630345e-06,4.2764476e-09,0.018241296,0.1323625,74.375,31.5
2025-11-06 02:30:00,2.0353116e-06,4.4965467e-09,0.018915435,0.13754784,74.375,31.5
2025-11-06 03:30:00,1.9279955e-06,4.318288e-09,0.017926136,0.12989302,74.375,31.5
2025-11-06 04:30:00,1.8675947e-06,4.0527177e-09,0.017354924,0.12452964,74.375,31.5
2025-11-06 05:30:00,1.8149129e-06,3.2678253e-09,0.016859295,0.11841358,74.375,31.5
2025-11-06 06:30:00,1.799508e-06,1.891749e-09,0.016709043,0.11172178,74.375,31.5
2025-11-06 07:30:00,1.7778349e-06,1.5229489e-09,0.016509885,0.10562053,74.375,31.5
2025-11-06 08:30:00,1.7444235e-06,1.3765202e-09,0.016198602,0.09968108,74.375,31.5
2025-11-06 09:30:00,2.6044877e-06,1.8644641e-09,0.02419239,0.17250945,74.375,31.5
2025-11-06 10:30:00,2.490454e-06,1.8408178e-09,0.023141496,0.1644228,74.375,31.5
2025-11-06 11:30:00,2.3638438e-06,1.9781519e-09,0.02196462,0.15509777,74.375,31.5
2025-11-06 12:30:00,2.2380323e-06,2.2646418e-09,0.020784182,0.14518109,74.375,31.5
2025-11-06 13:30:00,2.1360888e-06,2.4992914e-09,0.019835569,0.13654698,74.375,31.5
2025-11-06 14:30:00,2.0719506e-06,2.7439455e-09,0.01923364,0.13043976,74.375,31.5
2025-11-06 15:30:00,2.0446123e-06,3.0404408e-09,0.018989101,0.1269561,74.375,31.5
2025-11-06 16:30:00,2.0391944e-06,3.3987817e-09,0.018936526,0.124883406,74.375,31.5
2025-11-06 17:30:00,2.040764e-06,3.808964e-09,0.018950118,0.123080775,74.375,31.5
2025-11-06 18:30:00,2.0348937e-06,4.2236934e-09,0.018894603,0.12066813,74.375,31.5
2025-11-06 19:30:00,2.0126458e-06,4.5802158e-09,0.018695105,0.11748149,74.375,31.5
2025-11-06 20:30:00,1.9679408e-06,4.8403312e-09,0.01829648,0.113107555,74.375,31.5
2025-11-06 21:30:00,1.8867295e-06,4.978575e-09,0.017562224,0.10665169,74.375,31.5
2025-11-06 22:30:00,1.7855015e-06,5.0131357e-09,0.016621256,0.09847627,74.375,31.5
2025-11-06 23:30:00,1.6894597e-06,4.9967652e-09,0.015707223,0.09095055,74.375,31.5
2025-11-07 00:30:00,1.604603e-06,4.9458326e-09,0.014901131,0.08485921,74.375,31.5
2025-11-07 01:30:00,1.5393356e-06,4.8967204e-09,0.014295974,0.080482565,74.375,31.5
2025-11-07 02:30:00,1.493885e-06,4.874893e-09,0.013870878,0.0773996,74.375,31.5
2025-11-07 03:30:00,1.4483572e-06,4.7657522e-09,0.013447197,0.074794844,74.375,31.5
2025-11-07 04:30:00,1.3900549e-06,4.376489e-09,0.012908457,0.0719564,74.375,31.5
2025-11-07 05:30:00,1.3490015e-06,2.727575e-09,0.012528796,0.0688314,74.375,31.5
2025-11-07 06:30:00,1.994094e-06,1.5961633e-09,0.01851044,0.12780131,74.375,31.5
2025-11-07 07:30:00,1.9534193e-06,1.3837983e-09,0.018137438,0.12420203,74.375,31.5
2025-11-07 08:30:00,1.911895e-06,1.2732956e-09,0.017749742,0.12009387,74.375,31.5
2025-11-07 09:30:00,2.4387043e-06,1.5670594e-09,0.02263548,0.16529611,74.375,31.5
2025-11-07 10:30:00,2.4300696e-06,1.5593287e-09,0.022557396,0.16532762,74.375,31.5
2025-11-07 11:30:00,2.438299e-06,1.6684681e-09,0.022644693,0.16601934,74.375,31.5
2025-11-07 12:30:00,2.4815786e-06,1.891749e-09,0.023037333,0.16914058,74.375,31.5
2025-11-07 13:30:00,2.565613e-06,2.0891093e-09,0.0238193,0.17580189,74.375,31.5
2025-11-07 14:30:00,2.6864354e-06,2.2819222e-09,0.024941267,0.1851512,74.375,31.5
2025-11-07 15:30:00,2.81925e-06,2.4874682e-09,0.026175037,0.1948238,74.375,31.5
2025-11-07 16:30:00,2.9227601e-06,2.7193898e-09,0.027136218,0.20173436,74.375,31.5
2025-11-07 17:30:00,2.9787197e-06,2.9886003e-09,0.027656121,0.20461291,74.375,31.5
2025-11-07 18:30:00,3.0133524e-06,3.306923e-09,0.02797798,0.20556061,74.375,31.5
2025-11-07 19:30:00,3.0490705e-06,3.6752725e-09,0.028304622,0.20634218,74.375,31.5
2025-11-07 20:30:00,3.0858885e-06,4.0781822e-09,0.028647052,0.20709929,74.375,31.5
2025-11-07 21:30:00,3.1168822e-06,4.4874544e-09,0.02893833,0.20748445,74.375,31.5
2025-11-07 22:30:00,3.1466063e-06,4.880359e-09,0.029216012,0.20792475,74.375,31.5
2025-11-07 23:30:00,3.1758093e-06,5.245985e-09,0.029483333,0.2084207,74.375,31.5
2025-11-08 00:30:00,3.2061394e-06,5.5952123e-09,0.029774142,0.2091742,74.375,31.5
2025-11-08 01:30:00,3.2468013e-06,5.939004e-09,0.03014319,0.21087205,74.375,31.5
2025-11-08 02:30:00,3.301403e-06,6.2809757e-09,0.030651828,0.21407981,74.375,31.5
2025-11-08 03:30:00,5.107907e-06,8.352799e-09,0.047426224,0.35972038,74.375,31.5
2025-11-08 04:30:00,5.094886e-06,8.203642e-09,0.04730728,0.3591459,74.375,31.5
2025-11-08 05:30:00,5.0599556e-06,7.0340334e-09,0.04698586,0.35794675,74.375,31.5
2025-11-08 06:30:00,6.149697e-06,5.1240936e-09,0.05709727,0.4359983,74.375,31.5
2025-11-08 07:30:00,6.3868133e-06,4.3201025e-09,0.059286732,0.45381954,74.375,31.5
2025-11-08 08:30:00,6.506239e-06,4.141842e-09,0.060405586,0.4632609,74.375,31.5
2025-11-08 09:30:00,6.7992414e-06,4.298272e-09,0.06314523,0.48586398,74.375,31.5
2025-11-08 10:30:00,6.5865006e-06,4.227332e-09,0.06114726,0.47183064,74.375,31.5
2025-11-08 11:30:00,6.3744383e-06,4.3201007e-09,0.05917789,0.45648336,74.375,31.5
2025-11-08 12:30:00,6.1750266e-06,4.456524e-09,0.0573453,0.44133395,74.375,31.5
2025-11-08 13:30:00,5.992057e-06,4.5438355e-09,0.055646565,0.42781124,74.375,31.5
2025-11-08 14:30:00,5.8019937e-06,4.603862e-09,0.05386754,0.41434306,74.375,31.5
2025-11-08 15:30:00,5.604284e-06,4.671165e-09,0.052040085,0.4003862,74.375,31.5
2025-11-08 16:30:00,5.3898016e-06,4.7693907e-09,0.050052993,0.38531873,74.375,31.5
2025-11-08 17:30:00,5.161045e-06,4.9112723e-09,0.04791772,0.36922944,74.375,31.5
2025-11-08 18:30:00,4.935767e-06,5.1040843e-09,0.045834582,0.35304558,74.375,31.5
2025-11-08 19:30:00,4.749637e-06,5.3678377e-09,0.0441019,0.3393185,74.375,31.5
2025-11-08 20:30:00,4.6348105e-06,5.718903e-09,0.043037124,0.32990217,74.375,31.5
2025-11-08 21:30:00,4.569275e-06,6.1409087e-09,0.04242222,0.32344756,74.375,31.5
2025-11-08 22:30:00,4.488801e-06,6.568372e-09,0.041677963,0.31478018,74.375,31.5
2025-11-08 23:30:00,4.375936e-06,6.957639e-09,0.040623467,0.3031546,74.375,31.5
2025-11-09 00:30:00,4.2167235e-06,7.2941475e-09,0.039149962,0.2887471,74.375,31.5
2025-11-09 01:30:00,4.0447912e-06,7.592462e-09,0.037553955,0.27397084,74.375,31.5
2025-11-09 02:30:00,3.880281e-06,7.865311e-09,0.036017884,0.2604377,74.375,31.5
2025-11-09 03:30:00,3.7400187e-06,8.007192e-09,0.034724973,0.24997087,74.375,31.5
2025-11-09 04:30:00,3.6190518e-06,7.71252e-09,0.03359985,0.24300915,74.375,31.5
2025-11-09 05:30:00,3.5387084e-06,5.6952665e-09,0.032858238,0.23769458,74.375,31.5
2025-11-09 06:30:00,4.221417e-06,3.6998247e-09,0.039193537,0.28281516,74.375,31.5
2025-11-09 07:30:00,4.0713026e-06,3.0868255e-09,0.037803177,0.27198684,74.375,31.5
2025-11-09 08:30:00,3.8728294e-06,2.752132e-09,0.035965502,0.25740844,74.375,31.5
2025-11-09 09:30:00,7.6278266e-06,5.466063e-09,0.07080773,0.5565459,74.375,31.5
2025-11-09 10:30:00,7.0448787e-06,5.0695235e-09,0.0654271,0.51666087,74.375,31.5
2025-11-09 11:30:00,6.45281e-06,4.903996e-09,0.059925217,0.47504103,74.375,31.5
2025-11-09 12:30:00,5.897919e-06,4.827598e-09,0.054765496,0.4351555,74.375,31.5
2025-11-09 13:30:00,5.419266e-06,4.740287e-09,0.05032546,0.40062806,74.375,31.5
2025-11-09 14:30:00,5.0342715e-06,4.6984505e-09,0.046766315,0.372576,74.375,31.5
2025-11-09 15:30:00,4.7281924e-06,4.7330104e-09,0.04392256,0.34973225,74.375,31.5
2025-11-09 16:30:00,4.4832773e-06,4.8439697e-09,0.041653108,0.3309701,74.375,31.5
2025-11-09 17:30:00,4.2823312e-06,5.024053e-09,0.039785314,0.31526053,74.375,31.5
2025-11-09 18:30:00,4.1410567e-06,5.26234e-09,0.03846465,0.30373764,74.375,31.5
2025-11-09 19:30:00,4.0721684e-06,5.5588414e-09,0.03781909,0.2970947,74.375,31.5
2025-11-09 20:30:00,4.0613604e-06,5.911737e-09,0.037722282,0.29431173,74.375,31.5
2025-11-09 21:30:00,4.0713917e-06,6.308256e-09,0.03780785,0.29295382,74.375,31.5
2025-11-09 22:30:00,4.068397e-06,6.724809e-09,0.03777767,0.2905861,74.375,31.5
2025-11-09 23:30:00,4.055198e-06,7.1577357e-09,0.037643738,0.28751084,74.375,31.5
2025-11-10 00:30:00,4.0368614e-06,7.592462e-09,0.03748483,0.2836914,74.375,31.5
2025-11-10 01:30:00,4.017813e-06,8.018105e-09,0.037309602,0.27972105,74.375,31.5
2025-11-10 02:30:00,4.0231525e-06,8.458301e-09,0.037362907,0.2773334,74.375,31.5
2025-11-10 03:30:00,3.5011865e-06,7.559721e-09,0.03251044,0.24072585,74.375,31.5
2025-11-10 04:30:00,3.622155e-06,7.4378548e-09,0.033627987,0.24897677,74.375,31.5
2025-11-10 05:30:00,3.7914863e-06,5.8316925e-09,0.035202045,0.25976676,74.375,31.5
2025-11-10 06:30:00,9.154268e-06,7.923518e-09,0.08499672,0.64258397,74.375,31.5
2025-11-10 07:30:00,9.548954e-06,7.3250703e-09,0.08868651,0.66532606,74.375,31.5
2025-11-10 08:30:00,9.757302e-06,6.9921966e-09,0.0905754,0.6753783,74.375,31.5
2025-11-10 09:30:00,1.2163768e-05,8.6038225e-09,0.1129455,0.8297053,74.375,31.5
2025-11-10 10:30:00,1.1876727e-05,8.418285e-09,0.110268205,0.80362886,74.375,31.5
2025-11-10 11:30:00,1.1444547e-05,8.360078e-09,0.10627301,0.76772314,74.375,31.5
2025-11-10 12:30:00,1.0982597e-05,8.298233e-09,0.10197005,0.73019105,74.375,31.5
2025-11-10 13:30:00,1.0554193e-05,8.247305e-09,0.09800233,0.6965139,74.375,31.5
2025-11-10 14:30:00,1.0203914e-05,8.243677e-09,0.094765596,0.6693944,74.375,31.5
2025-11-10 15:30:00,9.957937e-06,8.305517e-09,0.09247318,0.6524886,74.375,31.5
2025-11-10 16:30:00,9.801441e-06,8.421947e-09,0.09098472,0.6434118,74.375,31.5
2025-11-10 17:30:00,9.674924e-06,8.5674845e-09,0.08980163,0.63703245,74.375,31.5
2025-11-10 18:30:00,9.559804e-06,8.723877e-09,0.08874229,0.6316454,74.375,31.5
2025-11-10 19:30:00,9.481915e-06,8.891237e-09,0.088039294,0.62924606,74.375,31.5
2025-11-10 20:30:00,9.430013e-06,9.080409e-09,0.08755088,0.62855774,74.375,31.5
2025-11-10 21:30:00,9.348325e-06,9.295037e-09,0.08681859,0.6251691,74.375,31.5
2025-11-10 22:30:00,9.225936e-06,9.524231e-09,0.085659795,0.61836374,74.375,31.5
2025-11-10 23:30:00,9.039746e-06,9.775254e-09,0.08392015,0.607096,74.375,31.5
2025-11-11 00:30:00,8.819758e-06,1.006265e-08,0.081873916,0.59335375,74.375,31.5
2025-11-11 01:30:00,8.629852e-06,1.0397345e-08,0.08009942,0.5818006,74.375,31.5
2025-11-11 02:30:00,8.52202e-06,1.0779334e-08,0.07912237,0.57588786,74.375,31.5
2025-11-11 03:30:00,8.898545e-06,1.1550586e-08,0.08259918,0.6028478,74.375,31.5
2025-11-11 04:30:00,8.824375e-06,1.1361416e-08,0.081925556,0.6032985,74.375,31.5
2025-11-11 05:30:00,8.802448e-06,1.0615631e-08,0.08174854,0.60731596,74.375,31.5
2025-11-11 06:30:00,8.792982e-06,7.850758e-09,0.08163811,0.6086769,74.375,31.5
2025-11-11 07:30:00,8.6296495e-06,6.630217e-09,0.08011925,0.60412973,74.375,31.5
2025-11-11 08:30:00,8.2649685e-06,5.977201e-09,0.07674661,0.5849154,74.375,31.5
2025-11-11 09:30:00,1.0485054e-05,7.592462e-09,0.09735553,0.7388071,74.375,31.5
2025-11-11 10:30:00,9.933588e-06,7.3378033e-09,0.092231184,0.7005867,74.375,31.5
2025-11-11 11:30:00,9.3820145e-06,7.2996045e-09,0.08710444,0.65964305,74.375,31.5
2025-11-11 12:30:00,8.8676525e-06,7.319614e-09,0.082341954,0.6208028,74.375,31.5
2025-11-11 13:30:00,8.427864e-06,7.368727e-09,0.07825292,0.5873254,74.375,31.5
2025-11-11 14:30:00,8.033052e-06,7.47241e-09,0.07459345,0.5577693,74.375,31.5
2025-11-11 15:30:00,7.694477e-06,7.6361175e-09,0.071458265,0.5321456,74.375,31.5
2025-11-11 16:30:00,7.3872848e-06,7.854396e-09,0.068590544,0.5092321,74.375,31.5
2025-11-11 17:30:00,7.0882247e-06,8.116331e-09,0.065795615,0.48722267,74.375,31.5
2025-11-11 18:30:00,6.7971687e-06,8.403732e-09,0.0630908,0.46612668,74.375,31.5
2025-11-11 19:30:00,6.5282024e-06,8.694775e-09,0.060616978,0.4470614,74.375,31.5
2025-11-11 20:30:00,6.3136267e-06,8.985815e-09,0.05862253,0.4320089,74.375,31.5
2025-11-11 21:30:00,6.1761366e-06,9.2804955e-09,0.057356272,0.42288056,74.375,31.5
2025-11-11 22:30:00,6.117199e-06,9.553344e-09,0.05680243,0.4196075,74.375,31.5
2025-11-11 23:30:00,6.0933025e-06,9.757073e-09,0.05657706,0.41899094,74.375,31.5
2025-11-12 00:30:00,6.0439443e-06,9.837101e-09,0.05611934,0.41666704,74.375,31.5
2025-11-12 01:30:00,5.960308e-06,9.786176e-09,0.055337634,0.41190892,74.375,31.5
2025-11-12 02:30:00,5.878375e-06,9.666132e-09,0.054575987,0.40693817,74.375,31.5
2025-11-12 03:30:00,5.811683e-06,9.418731e-09,0.05395466,0.40276086,74.375,31.5
2025-11-12 04:30:00,5.740302e-06,8.756622e-09,0.05329757,0.3988906,74.375,31.5
2025-11-12 05:30:00,5.69746e-06,7.490606e-09,0.05290075,0.39627686,74.375,31.5
2025-11-12 06:30:00,8.075483e-06,7.741622e-09,0.07497337,0.5557913,74.375,31.5
2025-11-12 07:30:00,7.5851653e-06,6.4210366e-09,0.07041438,0.5232784,74.375,31.5
2025-11-12 08:30:00,7.0847864e-06,5.5533818e-09,0.06578939,0.48898143,74.375,31.5
2025-11-12 09:30:00,7.917246e-06,6.0481415e-09,0.07351474,0.54254425,74.375,31.5
2025-11-12 10:30:00,7.730924e-06,5.9371854e-09,0.07177157,0.5295647,74.375,31.5
2025-11-12 11:30:00,7.5012667e-06,6.06816e-09,0.069663435,0.51175743,74.375,31.5
2025-11-12 12:30:00,7.26798e-06,6.2464127e-09,0.06747042,0.49305317,74.375,31.5
2025-11-12 13:30:00,7.078306e-06,6.4155827e-09,0.06572797,0.47797346,74.375,31.5
2025-11-12 14:30:00,6.9662833e-06,6.5883885e-09,0.06468347,0.46827212,74.375,31.5
2025-11-12 15:30:00,6.9178272e-06,6.7830217e-09,0.064230494,0.46308175,74.375,31.5
2025-11-12 16:30:00,6.9065113e-06,7.006767e-09,0.06414515,0.46071795,74.375,31.5
2025-11-12 17:30:00,6.9181506e-06,7.250516e-09,0.064241,0.46018517,74.375,31.5
2025-11-12 18:30:00,6.933372e-06,7.497891e-09,0.064364985,0.4602647,74.375,31.5
2025-11-12 19:30:00,6.944458e-06,7.716184e-09,0.064488396,0.46049315,74.375,31.5
2025-11-12 20:30:00,6.941159e-06,7.894452e-09,0.06445868,0.4603759,74.375,31.5
2025-11-12 21:30:00,6.8980517e-06,8.021751e-09,0.064039715,0.457485,74.375,31.5
2025-11-12 22:30:00,6.7807923e-06,8.1017975e-09,0.06297001,0.4490897,74.375,31.5
2025-11-12 23:30:00,6.5868126e-06,8.134556e-09,0.06116242,0.43531653,74.375,31.5
2025-11-13 00:30:00,6.350266e-06,8.152711e-09,0.058956023,0.41836938,74.375,31.5
2025-11-13 01:30:00,6.091436e-06,8.167273e-09,0.056565784,0.39995468,74.375,31.5
2025-11-13 02:30:00,5.8268115e-06,8.174561e-09,0.05410563,0.3809142,74.375,31.5
2025-11-13 03:30:00,9.954553e-06,1.3835243e-08,0.09244927,0.63849527,74.375,31.5
2025-11-13 04:30:00,9.798137e-06,1.3140424e-08,0.09098912,0.6273712,74.375,31.5
2025-11-13 05:30:00,9.6457625e-06,1.1845334e-08,0.089562476,0.61591476,74.375,31.5
2025-11-13 06:30:00,1.0536927e-05,9.938958e-09,0.09783031,0.66932356,74.375,31.5
2025-11-13 07:30:00,1.071359e-05,9.076758e-09,0.099443,0.6802276,74.375,31.5
2025-11-13 08:30:00,1.0799348e-05,8.902136e-09,0.10026629,0.68523026,74.375,31.5
2025-11-13 09:30:00,1.2662289e-05,1.061926e-08,0.11757588,0.8015496,74.375,31.5
2025-11-13 10:30:00,1.2032387e-05,1.0477379e-08,0.11172563,0.75994736,74.375,31.5
2025-11-13 11:30:00,1.1363504e-05,1.0619261e-08,0.10550601,0.71374595,74.375,31.5
2025-11-13 12:30:00,1.06862935e-05,1.0779333e-08,0.09920717,0.6668201,74.375,31.5
2025-11-13 13:30:00,1.0038234e-05,1.09175815e-08,0.09319187,0.6227004,74.375,31.5
2025-11-13 14:30:00,9.460645e-06,1.1037642e-08,0.087828964,0.5842605,74.375,31.5
2025-11-13 15:30:00,9.012937e-06,1.1161325e-08,0.083689086,0.55485165,74.375,31.5
2025-11-13 16:30:00,8.694373e-06,1.1288661e-08,0.08074284,0.5342336,74.375,31.5
2025-11-13 17:30:00,8.459095e-06,1.1430551e-08,0.07851757,0.519034,74.375,31.5
2025-11-13 18:30:00,8.255948e-06,1.1576049e-08,0.076679565,0.50633097,74.375,31.5
2025-11-13 19:30:00,8.093057e-06,1.1725208e-08,0.075149246,0.4961046,74.375,31.5
2025-11-13 20:30:00,7.993183e-06,1.18925545e-08,0.074230544,0.4899346,74.375,31.5
2025-11-13 21:30:00,7.955307e-06,1.2085367e-08,0.0738632,0.48739514,74.375,31.5
2025-11-13 22:30:00,7.9464735e-06,1.2274544e-08,0.07378122,0.48662776,74.375,31.5
2025-11-13 23:30:00,7.9391275e-06,1.244553e-08,0.07371193,0.48629743,74.375,31.5
2025-11-14 00:30:00,7.925593e-06,1.2594688e-08,0.07359569,0.48604667,74.375,31.5
2025-11-14 01:30:00,7.900063e-06,1.2700191e-08,0.073345564,0.48529536,74.375,31.5
2025-11-14 02:30:00,7.827379e-06,1.2736571e-08,0.07269631,0.48159277,74.375,31.5
2025-11-14 03:30:00,7.674856e-06,1.255467e-08,0.071249574,0.47289997,74.375,31.5
2025-11-14 04:30:00,7.397888e-06,1.1688839e-08,0.0686943,0.4578546,74.375,31.5
2025-11-14 05:30:00,7.096848e-06,1.0157255e-08,0.065888144,0.4397131,74.375,31.5
2025-11-14 06:30:00,9.323099e-06,9.928051e-09,0.08658461,0.5705052,74.375,31.5
2025-11-14 07:30:00,8.945316e-06,8.094517e-09,0.08306186,0.5477405,74.375,31.5
2025-11-14 08:30:00,8.4321855e-06,7.048613e-09,0.078296416,0.5171807,74.375,31.5
2025-11-14 09:30:00,1.0972093e-05,9.062208e-09,0.10187323,0.6719575,74.375,31.5
2025-11-14 10:30:00,1.01377245e-05,8.563815e-09,0.09410933,0.62089497,74.375,31.5
2025-11-14 11:30:00,9.307249e-06,8.505607e-09,0.08641275,0.56863564,74.375,31.5
2025-11-14 12:30:00,8.562999e-06,8.5529015e-09,0.079525255,0.52153593,74.375,31.5
2025-11-14 13:30:00,7.96396e-06,8.618409e-09,0.07397608,0.4838516,74.375,31.5
2025-11-14 14:30:00,7.547636e-06,8.702086e-09,0.070062965,0.4571417,74.375,31.5
2025-11-14 15:30:00,7.3108845e-06,8.811193e-09,0.067882046,0.44164532,74.375,31.5
2025-11-14 16:30:00,7.1911554e-06,8.953087e-09,0.06676178,0.43322963,74.375,31.5
2025-11-14 17:30:00,7.1383583e-06,9.131362e-09,0.06627345,0.42876336,74.375,31.5
2025-11-14 18:30:00,7.1260592e-06,9.360523e-09,0.0661629,0.4271979,74.375,31.5
2025-11-14 19:30:00,7.142094e-06,9.6442925e-09,0.0663233,0.42775044,74.375,31.5
2025-11-14 20:30:00,7.159044e-06,9.971719e-09,0.0664532,0.42889562,74.375,31.5
2025-11-14 21:30:00,7.1569225e-06,1.0342801e-08,0.06644069,0.42953968,74.375,31.5
2025-11-14 22:30:00,7.1031395e-06,1.0735697e-08,0.06594807,0.42728308,74.375,31.5
2025-11-14 23:30:00,6.969723e-06,1.1114048e-08,0.06469066,0.41981208,74.375,31.5
2025-11-15 00:30:00,6.7835963e-06,1.1503289e-08,0.062991545,0.40927222,74.375,31.5
2025-11-15 01:30:00,6.601519e-06,1.1943484e-08,0.061281063,0.39917547,74.375,31.5
2025-11-15 02:30:00,6.4443393e-06,1.2460077e-08,0.05984566,0.3909,74.375,31.5
2025-11-15 03:30:00,5.811498e-06,1.1823431e-08,0.053955365,0.35461733,74.375,31.5
2025-11-15 04:30:00,5.670494e-06,1.1452362e-08,0.05264682,0.34792978,74.375,31.5
2025-11-15 05:30:00,5.506756e-06,9.6442845e-09,0.051123656,0.3355356,74.375,31.5
2025-11-15 06:30:00,1.259841e-05,1.20417125e-08,0.11699732,0.75982326,74.375,31.5
2025-11-15 07:30:00,1.2395182e-05,1.0317317e-08,0.11507713,0.74768066,74.375,31.5
2025-11-15 08:30:00,1.1907983e-05,9.2041e-09,0.11054056,0.71898097,74.375,31.5
2025-11-15 09:30:00,1.12688285e-05,8.498319e-09,0.10461539,0.67778385,74.375,31.5
2025-11-15 10:30:00,1.0640765e-05,8.185458e-09,0.09880381,0.6346198,74.375,31.5
2025-11-15 11:30:00,1.0026203e-05,8.425586e-09,0.09308534,0.5914724,74.375,31.5
2025-11-15 12:30:00,9.615816e-06,8.953066e-09,0.08927049,0.5617104,74.375,31.5
2025-11-15 13:30:00,9.220271e-06,9.4514725e-09,0.08562282,0.5345842,74.375,31.5
2025-11-15 14:30:00,8.9405985e-06,9.953521e-09,0.08300543,0.5157699,74.375,31.5
2025-11-15 15:30:00,8.735925e-06,1.0419181e-08,0.08111947,0.5034557,74.375,31.5
2025-11-15 16:30:00,8.556989e-06,1.0844836e-08,0.07943675,0.4941227,74.375,31.5
2025-11-15 17:30:00,8.423282e-06,1.1226819e-08,0.07819292,0.48784384,74.375,31.5
2025-11-15 18:30:00,8.340474e-06,1.1561501e-08,0.07742678,0.48483077,74.375,31.5
2025-11-15 19:30:00,8.276269e-06,1.1845265e-08,0.07685696,0.48328632,74.375,31.5
2025-11-15 20:30:00,8.171877e-06,1.2078105e-08,0.075896055,0.47887635,74.375,31.5
2025-11-15 21:30:00,8.0239715e-06,1.229637e-08,0.07448787,0.47065607,74.375,31.5
2025-11-15 22:30:00,7.899028e-06,1.2561944e-08,0.07335243,0.46785346,74.375,31.5
2025-11-15 23:30:00,7.745959e-06,1.28493465e-08,0.07193799,0.46787852,74.375,31.5
2025-11-16 00:30:00,7.439201e-06,1.3085811e-08,0.069055624,0.45093632,74.375,31.5
2025-11-16 01:30:00,7.1953173e-06,1.334411e-08,0.06681636,0.43550846,74.375,31.5
2025-11-16 02:30:00,7.1134973e-06,1.3613326e-08,0.06603282,0.43089417,74.375,31.5
2025-11-16 03:30:00,7.0562837e-06,1.3660611e-08,0.065536596,0.42858356,74.375,31.5
2025-11-16 04:30:00,6.952353e-06,1.2812964e-08,0.06455098,0.42276785,74.375,31.5
2025-11-16 05:30:00,6.844793e-06,1.08411795e-08,0.063568994,0.41250694,74.375,31.5
2025-11-16 06:30:00,6.7119718e-06,6.688426e-09,0.062323254,0.39657134,74.375,31.5
2025-11-16 07:30:00,6.4835785e-06,5.6170464e-09,0.06021639,0.38127133,74.375,31.5
2025-11-16 08:30:00,6.169645e-06,5.205954e-09,0.057313662,0.3616775,74.375,31.5
2025-11-16 09:30:00,8.642502e-06,7.672498e-09,0.08028105,0.4961977,74.375,31.5
2025-11-16 10:30:00,7.89312e-06,7.270504e-09,0.07333795,0.45172238,74.375,31.5
2025-11-16 11:30:00,7.3118745e-06,7.2086634e-09,0.06792114,0.4158073,74.375,31.5
2025-11-16 12:30:00,6.82986e-06,7.241397e-09,0.06341645,0.3864913,74.375,31.5
2025-11-16 13:30:00,6.3895645e-06,7.294149e-09,0.059378054,0.36080983,74.375,31.5
2025-11-16 14:30:00,6.0334387e-06,7.359636e-09,0.056217298,0.34230968,74.375,31.5
2025-11-16 15:30:00,5.7621887e-06,7.4360287e-09,0.053874753,0.3294771,74.375,31.5
2025-11-16 16:30:00,5.5058167e-06,7.516064e-09,0.05155233,0.31404623,74.375,31.5
2025-11-16 17:30:00,5.270749e-06,7.628842e-09,0.049331475,0.2978434,74.375,31.5
2025-11-16 18:30:00,5.1231777e-06,7.8143785e-09,0.047927726,0.28747526,74.375,31.5
2025-11-16 19:30:00,5.0945396e-06,8.065399e-09,0.047560688,0.28265822,74.375,31.5
2025-11-16 20:30:00,5.2115174e-06,8.378266e-09,0.04862356,0.28923693,74.375,31.5
2025-11-16 21:30:00,5.4374873e-06,8.742065e-09,0.050775196,0.3035775,74.375,31.5
2025-11-16 22:30:00,5.6896056e-06,9.1204155e-09,0.05301144,0.31407535,74.375,31.5
2025-11-16 23:30:00,5.818431e-06,9.440561e-09,0.05405832,0.31632996,74.375,31.5
2025-11-17 00:30:00,5.7076877e-06,9.626101e-09,0.05299496,0.30834123,74.375,31.5
2025-11-17 01:30:00,5.5816363e-06,9.786176e-09,0.05181985,0.3013652,74.375,31.5
2025-11-17 02:30:00,5.574758e-06,1.0000829e-08,0.051790494,0.30167928,74.375,31.5
2025-11-17 03:30:00,5.535021e-06,1.0084477e-08,0.051441006,0.2999079,74.375,31.5
2025-11-17 04:30:00,5.4241805e-06,9.55697e-09,0.050373584,0.29557323,74.375,31.5
2025-11-17 05:30:00,5.288755e-06,8.258212e-09,0.049124908,0.2911712,74.375,31.5
2025-11-17 06:30:00,1.0323028e-05,1.1648811e-08,0.095932946,0.5875138,74.375,31.5
2025-11-17 07:30:00,1.0494154e-05,1.0662922e-08,0.09756355,0.601855,74.375,31.5
2025-11-17 08:30:00,1.0441517e-05,1.0073573e-08,0.09706794,0.5942305,74.375,31.5
2025-11-17 09:30:00,1.46447355e-05,1.4348188e-08,0.13607132,0.8034029,74.375,31.5
2025-11-17 10:30:00,1.4067789e-05,1.4082617e-08,0.1307267,0.77085763,74.375,31.5
2025-11-17 11:30:00,1.3591205e-05,1.42936205e-08,0.12635124,0.7434528,74.375,31.5
2025-11-17 12:30:00,1.3272781e-05,1.46683306e-08,0.123466216,0.72683823,74.375,31.5
2025-11-17 13:30:00,1.305796e-05,1.511944e-08,0.12149188,0.71430254,74.375,31.5
2025-11-17 14:30:00,1.293606e-05,1.5577825e-08,0.12031686,0.7077368,74.375,31.5
2025-11-17 15:30:00,1.28174415e-05,1.5992557e-08,0.119268544,0.7040176,74.375,31.5
2025-11-17 16:30:00,1.2648535e-05,1.636363e-08,0.11779039,0.69841,74.375,31.5
2025-11-17 17:30:00,1.2457253e-05,1.67056e-08,0.115858,0.6875228,74.375,31.5
2025-11-17 18:30:00,1.2237614e-05,1.702574e-08,0.113648005,0.6760918,74.375,31.5
2025-11-17 19:30:00,1.1993992e-05,1.7273125e-08,0.111429244,0.6675383,74.375,31.5
2025-11-17 20:30:00,1.174846e-05,1.7425924e-08,0.109186135,0.65992135,74.375,31.5
2025-11-17 21:30:00,1.1497982e-05,1.7469576e-08,0.10688348,0.65228915,74.375,31.5
2025-11-17 22:30:00,1.1305982e-05,1.7425924e-08,0.10513418,0.64808357,74.375,31.5
2025-11-17 23:30:00,1.1207333e-05,1.7324062e-08,0.104182124,0.64733255,74.375,31.5
2025-11-18 00:30:00,1.1182802e-05,1.7200366e-08,0.1038906,0.6492112,74.375,31.5
2025-11-18 01:30:00,1.12064445e-05,1.7076683e-08,0.10406571,0.65312725,74.375,31.5
2025-11-18 02:30:00,1.1286218e-05,1.697482e-08,0.104811765,0.65993685,74.375,31.5
2025-11-18 03:30:00,1.4905046e-05,2.2417227e-08,0.1384359,0.8496315,74.375,31.5
2025-11-18 04:30:00,1.4977035e-05,2.1507736e-08,0.1391219,0.8533546,74.375,31.5
2025-11-18 05:30:00,1.50165515e-05,2.0729214e-08,0.13945349,0.8519351,74.375,31.5
2025-11-18 06:30:00,1.5019062e-05,1.9143048e-08,0.13948818,0.8453592,74.375,31.5
2025-11-18 07:30:00,1.48560375e-05,1.5883423e-08,0.13796608,0.82804596,74.375,31.5
2025-11-18 08:30:00,1.4540436e-05,1.4144474e-08,0.13503237,0.80689275,74.375,31.5
2025-11-18 09:30:00,1.815419e-05,1.8015271e-08,0.16857854,0.97555405,74.375,31.5
2025-11-18 10:30:00,1.7351722e-05,1.7891582e-08,0.16110961,0.92758644,74.375,31.5
2025-11-18 11:30:00,1.6651627e-05,1.8175344e-08,0.15459032,0.8854886,74.375,31.5
2025-11-18 12:30:00,1.6113267e-05,1.8480932e-08,0.14962895,0.8552973,74.375,31.5
2025-11-18 13:30:00,1.5644668e-05,1.880835e-08,0.1452779,0.8301282,74.375,31.5
2025-11-18 14:30:00,1.524235e-05,1.9157598e-08,0.1414951,0.80935293,74.375,31.5
2025-11-18 15:30:00,1.4870591e-05,1.9521394e-08,0.13808823,0.7910092,74.375,31.5
2025-11-18 16:30:00,1.4532686e-05,1.9899748e-08,0.1349322,0.77551806,74.375,31.5
2025-11-18 17:30:00,1.4271405e-05,2.0285375e-08,0.13254847,0.76532847,74.375,31.5
2025-11-18 18:30:00,1.41337005e-05,2.066372e-08,0.1313436,0.76271755,74.375,31.5
2025-11-18 19:30:00,1.4045145e-05,2.1009745e-08,0.13057044,0.76085526,74.375,31.5
2025-11-18 20:30:00,1.39005515e-05,2.1304004e-08,0.12919106,0.7549579,74.375,31.5
2025-11-18 21:30:00,1.3668769e-05,2.1557163e-08,0.12699272,0.74429214,74.375,31.5
2025-11-18 22:30:00,1.3373354e-05,2.1791493e-08,0.12422079,0.730739,74.375,31.5
2025-11-18 23:30:00,1.3104166e-05,2.2082531e-08,0.1217451,0.7204281,74.375,31.5
2025-11-19 00:30:00,1.2944199e-05,2.2489985e-08,0.12020469,0.7173261,74.375,31.5
2025-11-19 01:30:00,1.2944894e-05,2.3050234e-08,0.120252155,0.72560996,74.375,31.5
2025-11-19 02:30:00,1.3118152e-05,2.3697794e-08,0.12193561,0.7462341,74.375,31.5
2025-11-19 03:30:00,1.3419873e-05,2.405151e-08,0.12479192,0.7715184,74.375,31.5
2025-11-19 04:30:00,1.3575377e-05,2.2786736e-08,0.12627901,0.78259045,74.375,31.5
2025-11-19 05:30:00,1.3568939e-05,1.9845748e-08,0.12623231,0.7760575,74.375,31.5
2025-11-19 06:30:00,9.523406e-06,9.258656e-09,0.08851805,0.5571966,74.375,31.5
2025-11-19 07:30:00,9.698192e-06,7.203198e-09,0.09009205,0.56376714,74.375,31.5
2025-11-19 08:30:00,9.724766e-06,6.6429493e-09,0.09033962,0.5660481,74.375,31.5
2025-11-19 09:30:00,1.3684745e-05,9.335054e-09,0.1271401,0.76691633,74.375,31.5
2025-11-19 10:30:00,1.363664e-05,9.313226e-09,0.12677556,0.7656657,74.375,31.5
2025-11-19 11:30:00,1.352863e-05,9.491487e-09,0.12580335,0.7583011,74.375,31.5
2025-11-19 12:30:00,1.3435844e-05,9.7061275e-09,0.124892764,0.74952805,74.375,31.5
2025-11-19 13:30:00,1.3372021e-05,9.8734745e-09,0.12434746,0.74320424,74.375,31.5
2025-11-19 14:30:00,1.3309307e-05,1.0004442e-08,0.12382573,0.7376417,74.375,31.5
2025-11-19 15:30:00,1.3253442e-05,1.0113581e-08,0.123371266,0.73527396,74.375,31.5
2025-11-19 16:30:00,1.3160404e-05,1.02045306e-08,0.12254986,0.73213285,74.375,31.5
2025-11-19 17:30:00,1.29968475e-05,1.0251824e-08,0.12095969,0.72547036,74.375,31.5
2025-11-19 18:30:00,1.2781752e-05,1.0233634e-08,0.11897935,0.7188374,74.375,31.5
2025-11-19 19:30:00,1.2539436e-05,1.0139049e-08,0.11672659,0.7124455,74.375,31.5
2025-11-19 20:30:00,1.2274984e-05,1.0022636e-08,0.11427838,0.7048364,74.375,31.5
2025-11-19 21:30:00,1.19364395e-05,9.95351e-09,0.111090705,0.69209,74.375,31.5
2025-11-19 22:30:00,1.1490104e-05,9.978979e-09,0.10679546,0.6711115,74.375,31.5
2025-11-19 23:30:00,1.1005765e-05,1.01317745e-08,0.10222103,0.6479869,74.375,31.5
2025-11-20 00:30:00,1.05627505e-05,1.03900675e-08,0.0980754,0.62737274,74.375,31.5
2025-11-20 01:30:00,1.0217078e-05,1.07247615e-08,0.09488949,0.6122284,74.375,31.5
2025-11-20 02:30:00,9.997964e-06,1.1095836e-08,0.09285894,0.604057,74.375,31.5
2025-11-20 03:30:00,1.0918248e-05,1.2601959e-08,0.10141592,0.6550793,74.375,31.5
2025-11-20 04:30:00,1.072208e-05,1.231092e-08,0.09960908,0.64703923,74.375,31.5
2025-11-20 05:30:00,1.0593461e-05,1.10776455e-08,0.09838216,0.640452,74.375,31.5
2025-11-20 06:30:00,1.0262088e-05,8.218194e-09,0.09526804,0.6250112,74.375,31.5
2025-11-20 07:30:00,1.008697e-05,7.4687705e-09,0.093655765,0.62013674,74.375,31.5
2025-11-20 08:30:00,9.8330975e-06,7.028575e-09,0.09129774,0.60838187,74.375,31.5
2025-11-20 09:30:00,1.0124541e-05,7.1540853e-09,0.09402791,0.6235311,74.375,31.5
2025-11-20 10:30:00,1.0016919e-05,7.0740502e-09,0.09299712,0.6166482,74.375,31.5
2025-11-20 11:30:00,9.98781e-06,7.0958777e-09,0.09272714,0.61123365,74.375,31.5
2025-11-20 12:30:00,1.0063192e-05,7.1540853e-09,0.09343898,0.6107248,74.375,31.5
2025-11-20 13:30:00,1.0171511e-05,7.1413524e-09,0.09444092,0.6126641,74.375,31.5
2025-11-20 14:30:00,1.030924e-05,7.1195245e-09,0.09571634,0.61687064,74.375,31.5
2025-11-20 15:30:00,1.0413048e-05,7.1340764e-09,0.09669901,0.62102264,74.375,31.5
2025-11-20 16:30:00,1.0483082e-05,7.221388e-09,0.09730643,0.6241325,74.375,31.5
2025-11-20 17:30:00,1.05043355e-05,7.3923734e-09,0.097520225,0.6251732,74.375,31.5
2025-11-20 18:30:00,1.05087765e-05,7.6470315e-09,0.09758307,0.626062,74.375,31.5
2025-11-20 19:30:00,1.0537392e-05,7.9744495e-09,0.097830676,0.62966347,74.375,31.5
2025-11-20 20:30:00,1.0591369e-05,8.3528e-09,0.09835286,0.6363908,74.375,31.5
2025-11-20 21:30:00,1.06432135e-05,8.760255e-09,0.09882163,0.6460041,74.375,31.5
2025-11-20 22:30:00,1.0613315e-05,9.156794e-09,0.09855014,0.6527728,74.375,31.5
2025-11-20 23:30:00,1.048325e-05,9.506043e-09,0.097331256,0.65357995,74.375,31.5
2025-11-21 00:30:00,1.0297154e-05,9.8007185e-09,0.09562446,0.65068406,74.375,31.5
2025-11-21 01:30:00,1.0095998e-05,1.0044466e-08,0.09379384,0.6461451,74.375,31.5
2025-11-21 02:30:00,9.917859e-06,1.0259105e-08,0.09218084,0.6421977,74.375,31.5
2025-11-21 03:30:00,1.1519904e-05,1.2169045e-08,0.10707846,0.73349196,74.375,31.5
2025-11-21 04:30:00,1.1427211e-05,1.1918025e-08,0.10616439,0.73018134,74.375,31.5
2025-11-21 05:30:00,1.14497625e-05,1.0288212e-08,0.10631952,0.73198634,74.375,31.5
2025-11-21 06:30:00,1.14611685e-05,7.3741853e-09,0.10641454,0.7362364,74.375,31.5
2025-11-21 07:30:00,1.1368196e-05,6.950364e-09,0.10559414,0.7368653,74.375,31.5
2025-11-21 08:30:00,1.11149775e-05,6.708445e-09,0.10324211,0.7246626,74.375,31.5
2025-11-21 09:30:00,1.4355939e-05,9.06585e-09,0.1333079,0.92131835,74.375,31.5
2025-11-21 10:30:00,1.36514755e-05,8.858491e-09,0.12671852,0.8717834,74.375,31.5
2025-11-21 11:30:00,1.2839194e-05,8.705695e-09,0.11920239,0.81525576,74.375,31.5
2025-11-21 12:30:00,1.2038668e-05,8.523784e-09,0.1117581,0.7606758,74.375,31.5
2025-11-21 13:30:00,1.1300914e-05,8.2982305e-09,0.104926,0.71177495,74.375,31.5
2025-11-21 14:30:00,1.0634116e-05,8.076316e-09,0.09873238,0.6684273,74.375,31.5
2025-11-21 15:30:00,1.0023367e-05,7.916249e-09,0.09305894,0.6325982,74.375,31.5
2025-11-21 16:30:00,9.441931e-06,7.861679e-09,0.087653905,0.6022982,74.375,31.5
2025-11-21 17:30:00,8.905518e-06,7.908974e-09,0.082681276,0.57652605,74.375,31.5
2025-11-21 18:30:00,8.425108e-06,8.02902e-09,0.07822304,0.55515635,74.375,31.5
2025-11-21 19:30:00,8.015265e-06,8.167266e-09,0.07443785,0.53847635,74.375,31.5
2025-11-21 20:30:00,7.706201e-06,8.280044e-09,0.07156884,0.52720505,74.375,31.5
2025-11-21 21:30:00,7.4977647e-06,8.3346166e-09,0.06964474,0.5192936,74.375,31.5
2025-11-21 22:30:00,7.3510532e-06,8.338257e-09,0.06830062,0.5124868,74.375,31.5
2025-11-21 23:30:00,7.2188386e-06,8.320071e-09,0.06707444,0.5046711,74.375,31.5
2025-11-22 00:30:00,7.0624924e-06,8.29823e-09,0.06563345,0.4926515,74.375,31.5
2025-11-22 01:30:00,6.8762256e-06,8.28004e-09,0.06389361,0.4768936,74.375,31.5
2025-11-22 02:30:00,6.706703e-06,8.287317e-09,0.062322564,0.46157917,74.375,31.5
2025-11-22 03:30:00,6.6041907e-06,8.185453e-09,0.061378784,0.45101196,74.375,31.5
2025-11-22 04:30:00,6.568956e-06,7.683412e-09,0.061057113,0.4466121,74.375,31.5
2025-11-22 05:30:00,6.611843e-06,6.124539e-09,0.06141285,0.44867924,74.375,31.5
2025-11-22 06:30:00,7.974424e-06,5.398761e-09,0.07403388,0.5328849,74.375,31.5
2025-11-22 07:30:00,8.174986e-06,5.171391e-09,0.07589751,0.54688424,74.375,31.5
2025-11-22 08:30:00,8.237965e-06,4.993136e-09,0.07647926,0.5516094,74.375,31.5
2025-11-22 09:30:00,1.4731188e-05,9.906216e-09,0.13678172,0.93876094,74.375,31.5
2025-11-22 10:30:00,1.3926402e-05,9.57516e-09,0.12927829,0.87980604,74.375,31.5
2025-11-22 11:30:00,1.30288145e-05,9.495125e-09,0.120971255,0.8126464,74.375,31.5
2025-11-22 12:30:00,1.2090149e-05,9.404175e-09,0.112243176,0.7456821,74.375,31.5
2025-11-22 13:30:00,1.12109965e-05,9.280484e-09,0.10409757,0.6854263,74.375,31.5
2025-11-22 14:30:00,1.0477529e-05,9.164069e-09,0.09729105,0.63636017,74.375,31.5
2025-11-22 15:30:00,9.949015e-06,9.113137e-09,0.092372246,0.6015877,74.375,31.5
2025-11-22 16:30:00,9.594816e-06,9.156793e-09,0.08907398,0.57903993,74.375,31.5
2025-11-22 17:30:00,9.352375e-06,9.284122e-09,0.08685102,0.5645462,74.375,31.5
2025-11-22 18:30:00,9.198404e-06,9.455107e-09,0.085419506,0.55613714,74.375,31.5
2025-11-22 19:30:00,9.075825e-06,9.589712e-09,0.08428326,0.5502252,74.375,31.5
2025-11-22 20:30:00,8.964334e-06,9.662472e-09,0.083200596,0.5447904,74.375,31.5
2025-11-22 21:30:00,8.881878e-06,9.706129e-09,0.082449295,0.54158443,74.375,31.5
2025-11-22 22:30:00,8.8523475e-06,9.767977e-09,0.08219767,0.54231423,74.375,31.5
2025-11-22 23:30:00,8.859533e-06,9.866203e-09,0.082263514,0.5450091,74.375,31.5
2025-11-23 00:30:00,8.881039e-06,9.986253e-09,0.082448184,0.54868597,74.375,31.5
2025-11-23 01:30:00,8.881594e-06,1.01063105e-08,0.08247163,0.55142057,74.375,31.5
2025-11-23 02:30:00,8.851743e-06,1.0215451e-08,0.082203224,0.55223536,74.375,31.5
2025-11-23 03:30:00,1.19323295e-05,1.3104e-08,0.11076847,0.71570224,74.375,31.5
2025-11-23 04:30:00,1.1898048e-05,1.2885721e-08,0.110449575,0.7146696,74.375,31.5
2025-11-23 05:30:00,1.1875707e-05,1.24055095e-08,0.11026769,0.7131847,74.375,31.5
2025-11-23 06:30:00,1.1898193e-05,9.757059e-09,0.11047325,0.7111198,74.375,31.5
2025-11-23 07:30:00,1.1849608e-05,8.276404e-09,0.11000995,0.7076452,74.375,31.5
2025-11-23 08:30:00,1.1563086e-05,7.665228e-09,0.107351474,0.69109946,74.375,31.5
2025-11-23 09:30:00,1.1207803e-05,7.381459e-09,0.104058035,0.67190903,74.375,31.5
2025-11-23 10:30:00,1.0555702e-05,7.1631803e-09,0.098008834,0.6356244,74.375,31.5
2025-11-23 11:30:00,9.891892e-06,7.1704562e-09,0.09184761,0.5967299,74.375,31.5
2025-11-23 12:30:00,9.273874e-06,7.203198e-09,0.08611255,0.56062,74.375,31.5
2025-11-23 13:30:00,8.704266e-06,7.219569e-09,0.08083256,0.52748805,74.375,31.5
2025-11-23 14:30:00,8.185547e-06,7.2177504e-09,0.076004535,0.49767962,74.375,31.5
2025-11-23 15:30:00,7.727194e-06,7.21775e-09,0.07172015,0.47027245,74.375,31.5
2025-11-23 16:30:00,7.278559e-06,7.228664e-09,0.06757052,0.4428527,74.375,31.5
2025-11-23 17:30:00,6.848889e-06,7.2668627e-09,0.06360254,0.41666394,74.375,31.5
2025-11-23 18:30:00,6.470792e-06,7.339623e-09,0.060088474,0.3938391,74.375,31.5
2025-11-23 19:30:00,6.176104e-06,7.457857e-09,0.057351694,0.37604767,74.375,31.5
2025-11-23 20:30:00,5.9770446e-06,7.617929e-09,0.055496525,0.36366645,74.375,31.5
2025-11-23 21:30:00,5.863358e-06,7.8180165e-09,0.054437388,0.35660347,74.375,31.5
2025-11-23 22:30:00,5.825749e-06,8.0654e-09,0.05408316,0.35427445,74.375,31.5
2025-11-23 23:30:00,5.842183e-06,8.35644e-09,0.054246996,0.3551661,74.375,31.5
2025-11-24 00:30:00,5.8925943e-06,8.672947e-09,0.0547142,0.35864615,74.375,31.5
2025-11-24 01:30:00,5.9692743e-06,9.00037e-09,0.05542191,0.363762,74.375,31.5
2025-11-24 02:30:00,6.075314e-06,9.335069e-09,0.05640762,0.37077245,74.375,31.5
2025-11-24 03:30:00,6.20597e-06,9.571522e-09,0.0576196,0.378526,74.375,31.5
2025-11-24 04:30:00,6.2956597e-06,9.236828e-09,0.058459237,0.3836729,74.375,31.5
2025-11-24 05:30:00,6.3648076e-06,7.8071025e-09,0.059108417,0.38562182,74.375,31.5
2025-11-24 06:30:00,6.6558728e-06,5.646143e-09,0.061788835,0.39698344,74.375,31.5
2025-11-24 07:30:00,6.626495e-06,4.9221853e-09,0.06153327,0.39301938,74.375,31.5
2025-11-24 08:30:00,6.5529625e-06,4.542017e-09,0.06085541,0.38573912,74.375,31.5
2025-11-24 09:30:00,8.448442e-06,5.7043517e-09,0.0784454,0.48138523,74.375,31.5
2025-11-24 10:30:00,8.35233e-06,5.7189053e-09,0.077567995,0.4725026,74.375,31.5
2025-11-24 11:30:00,8.1670205e-06,5.951738e-09,0.07580721,0.45877185,74.375,31.5
2025-11-24 12:30:00,7.921663e-06,6.184564e-09,0.07357614,0.44333673,74.375,31.5
2025-11-24 13:30:00,7.672022e-06,6.362825e-09,0.07124862,0.42808035,74.375,31.5
2025-11-24 14:30:00,7.4372865e-06,6.495611e-09,0.06904642,0.4142089,74.375,31.5
2025-11-24 15:30:00,7.22835e-06,6.6047505e-09,0.0671181,0.40304634,74.375,31.5
2025-11-24 16:30:00,7.038594e-06,6.717528e-09,0.06534739,0.39385608,74.375,31.5
2025-11-24 17:30:00,6.8842314e-06,6.85759e-09,0.06391491,0.38687298,74.375,31.5
2025-11-24 18:30:00,6.7972237e-06,7.041308e-09,0.06312376,0.38380292,74.375,31.5
2025-11-24 19:30:00,6.7755486e-06,7.255949e-09,0.06291662,0.38442004,74.375,31.5
2025-11-24 20:30:00,6.7949636e-06,7.494236e-09,0.06308081,0.3874114,74.375,31.5
2025-11-24 21:30:00,6.8347526e-06,7.752534e-09,0.06345933,0.39077982,74.375,31.5
2025-11-24 22:30:00,6.887049e-06,8.036296e-09,0.0639343,0.39409435,74.375,31.5
2025-11-24 23:30:00,6.9548855e-06,8.345525e-09,0.064559445,0.39814124,74.375,31.5
2025-11-25 00:30:00,7.0404913e-06,8.6729415e-09,0.06536545,0.403034,74.375,31.5
2025-11-25 01:30:00,7.1401964e-06,9.014912e-09,0.06631322,0.40850922,74.375,31.5
2025-11-25 02:30:00,7.254206e-06,9.356882e-09,0.06735861,0.4148528,74.375,31.5
2025-11-25 03:30:00,6.4122805e-06,8.236384e-09,0.05953712,0.36991367,74.375,31.5
2025-11-25 04:30:00,6.5854797e-06,7.967174e-09,0.06115415,0.37968877,74.375,31.5
2025-11-25 05:30:00,6.7533165e-06,6.9121597e-09,0.062696934,0.38840735,74.375,31.5
2025-11-25 06:30:00,5.3645194e-06,4.0527084e-09,0.049807254,0.3139652,74.375,31.5
2025-11-25 07:30:00,5.378954e-06,3.741661e-09,0.04995249,0.31536806,74.375,31.5
2025-11-25 08:30:00,5.359389e-06,3.5643097e-09,0.049758323,0.31391767,74.375,31.5
2025-11-25 09:30:00,6.6652074e-06,4.3419277e-09,0.06187949,0.38495165,74.375,31.5
2025-11-25 10:30:00,6.7198216e-06,4.4983612e-09,0.06237879,0.38656983,74.375,31.5
2025-11-25 11:30:00,6.7388323e-06,4.8403317e-09,0.0625739,0.3853618,74.375,31.5
2025-11-25 12:30:00,6.7038955e-06,5.2204996e-09,0.062243752,0.3818691,74.375,31.5
2025-11-25 13:30:00,6.645869e-06,5.6006684e-09,0.06171398,0.37679347,74.375,31.5
2025-11-25 14:30:00,6.6405e-06,5.993571e-09,0.06164981,0.37407058,74.375,31.5
2025-11-25 15:30:00,6.7184005e-06,6.4283086e-09,0.062375512,0.37648746,74.375,31.5
2025-11-25 16:30:00,6.85264e-06,6.9139787e-09,0.06364009,0.38240233,74.375,31.5
2025-11-25 17:30:00,7.03873e-06,7.4487616e-09,0.065371454,0.3912083,74.375,31.5
2025-11-25 18:30:00,7.3090973e-06,8.018105e-09,0.0678739,0.40499175,74.375,31.5
2025-11-25 19:30:00,7.677951e-06,8.592907e-09,0.0713174,0.42450413,74.375,31.5
2025-11-25 20:30:00,8.1110775e-06,9.131328e-09,0.075317934,0.44797024,74.375,31.5
2025-11-25 21:30:00,8.512973e-06,9.586075e-09,0.07904196,0.47027043,74.375,31.5
2025-11-25 22:30:00,8.80754e-06,9.928045e-09,0.081761435,0.4873012,74.375,31.5
2025-11-25 23:30:00,9.017123e-06,1.0168152e-08,0.083737455,0.49984846,74.375,31.5
2025-11-26 00:30:00,9.144542e-06,1.0335498e-08,0.0848961,0.50803,74.375,31.5
2025-11-26 01:30:00,9.140628e-06,1.0433724e-08,0.08486358,0.508516,74.375,31.5
2025-11-26 02:30:00,9.017139e-06,1.048102e-08,0.08372352,0.50226206,74.375,31.5
2025-11-26 03:30:00,7.084818e-06,8.280041e-09,0.06579109,0.39719546,74.375,31.5
2025-11-26 04:30:00,7.0483893e-06,8.152713e-09,0.0654302,0.3940195,74.375,31.5
2025-11-26 05:30:00,7.0647575e-06,7.83621e-09,0.06559495,0.3932522,74.375,31.5
2025-11-26 06:30:00,7.107115e-06,5.9080776e-09,0.06598213,0.39018467,74.375,31.5
2025-11-26 07:30:00,7.132816e-06,5.207767e-09,0.06622015,0.389418,74.375,31.5
2025-11-26 08:30:00,7.127026e-06,5.0567914e-09,0.066179544,0.38864923,74.375,31.5
2025-11-26 09:30:00,8.315491e-06,5.8844307e-09,0.07719199,0.4513778,74.375,31.5
2025-11-26 10:30:00,8.125555e-06,5.989932e-09,0.07543854,0.44070965,74.375,31.5
2025-11-26 11:30:00,7.946764e-06,6.260962e-09,0.07378223,0.4294228,74.375,31.5
2025-11-26 12:30:00,7.783021e-06,6.513801e-09,0.072252996,0.41899034,74.375,31.5
2025-11-26 13:30:00,7.6175215e-06,6.7120713e-09,0.070727296,0.40874738,74.375,31.5
2025-11-26 14:30:00,7.4353698e-06,6.8557724e-09,0.069021575,0.39825,74.375,31.5
2025-11-26 15:30:00,7.245201e-06,6.9667294e-09,0.06728604,0.38736892,74.375,31.5
2025-11-26 16:30:00,7.064349e-06,7.0649553e-09,0.06557775,0.3770048,74.375,31.5
2025-11-26 17:30:00,6.9191774e-06,7.163182e-09,0.06423288,0.3689097,74.375,31.5
2025-11-26 18:30:00,6.818721e-06,7.2632247e-09,0.06331644,0.36361223,74.375,31.5
2025-11-26 19:30:00,6.736521e-06,7.3632695e-09,0.06254996,0.35977852,74.375,31.5
2025-11-26 20:30:00,6.650063e-06,7.465133e-09,0.06174949,0.3557061,74.375,31.5
2025-11-26 21:30:00,6.550581e-06,7.570636e-09,0.06081424,0.3507919,74.375,31.5
2025-11-26 22:30:00,6.421004e-06,7.687051e-09,0.05962381,0.3440758,74.375,31.5
2025-11-26 23:30:00,6.277375e-06,7.83257e-09,0.058280792,0.33640832,74.375,31.5
2025-11-27 00:30:00,6.1457645e-06,8.010829e-09,0.057060476,0.32938161,74.375,31.5
2025-11-27 01:30:00,6.04576e-06,8.236388e-09,0.05612033,0.32410407,74.375,31.5
2025-11-27 02:30:00,5.9977424e-06,8.498322e-09,0.05570327,0.32203478,74.375,31.5
2025-11-27 03:30:00,6.008902e-06,8.698409e-09,0.055789612,0.32338372,74.375,31.5
2025-11-27 04:30:00,6.0255898e-06,8.440117e-09,0.055947408,0.32549065,74.375,31.5
2025-11-27 05:30:00,6.0790953e-06,7.3450845e-09,0.05643997,0.327509,74.375,31.5
2025-11-27 06:30:00,7.663121e-06,5.504271e-09,0.071136646,0.4163203,74.375,31.5
2025-11-27 07:30:00,7.667102e-06,4.9731312e-09,0.0711688,0.41865462,74.375,31.5
2025-11-27 08:30:00,7.587618e-06,4.7239297e-09,0.07043949,0.41585514,74.375,31.5
2025-11-27 09:30:00,8.923648e-06,5.278711e-09,0.08283372,0.51312727,74.375,31.5
2025-11-27 10:30:00,8.860796e-06,5.349669e-09,0.082246885,0.5087188,74.375,31.5
2025-11-27 11:30:00,8.827498e-06,5.560672e-09,0.08196335,0.50502825,74.375,31.5
2025-11-27 12:30:00,8.835385e-06,5.7953002e-09,0.08202405,0.50406545,74.375,31.5
2025-11-27 13:30:00,8.88424e-06,6.009943e-09,0.08248393,0.5068498,74.375,31.5
2025-11-27 14:30:00,8.966708e-06,6.2136754e-09,0.08325413,0.51227957,74.375,31.5
2025-11-27 15:30:00,9.071395e-06,6.4264905e-09,0.08423461,0.5191749,74.375,31.5
2025-11-27 16:30:00,9.172135e-06,6.664779e-09,0.08514815,0.5260588,74.375,31.5
2025-11-27 17:30:00,9.246625e-06,6.935811e-09,0.08584885,0.5307537,74.375,31.5
2025-11-27 18:30:00,9.291352e-06,7.234121e-09,0.08627604,0.53348345,74.375,31.5
2025-11-27 19:30:00,9.290588e-06,7.530616e-09,0.086249866,0.5332611,74.375,31.5
2025-11-27 20:30:00,9.209094e-06,7.788913e-09,0.08549183,0.5290863,74.375,31.5
2025-11-27 21:30:00,9.030013e-06,7.9780875e-09,0.08384645,0.5200573,74.375,31.5
2025-11-27 22:30:00,8.802454e-06,8.098141e-09,0.08174632,0.5085964,74.375,31.5
2025-11-27 23:30:00,8.571325e-06,8.181814e-09,0.079587236,0.4967529,74.375,31.5
2025-11-28 00:30:00,8.361146e-06,8.258212e-09,0.07761925,0.48580825,74.375,31.5
2025-11-28 01:30:00,8.179168e-06,8.341885e-09,0.07594201,0.47642258,74.375,31.5
2025-11-28 02:30:00,8.022269e-06,8.451025e-09,0.074483186,0.46883523,74.375,31.5
2025-11-28 03:30:00,6.4973983e-06,7.032213e-09,0.060330283,0.38124436,74.375,31.5
2025-11-28 04:30:00,6.408815e-06,6.719347e-09,0.059506163,0.37902653,74.375,31.5
2025-11-28 05:30:00,6.2849786e-06,5.626136e-09,0.058358755,0.37485725,74.375,31.5
2025-11-28 06:30:00,6.3070265e-06,4.0508894e-09,0.05855786,0.38049763,74.375,31.5
2025-11-28 07:30:00,6.2150784e-06,3.8671715e-09,0.057712622,0.3788535,74.375,31.5
2025-11-28 08:30:00,6.055038e-06,3.7780414e-09,0.05622591,0.37020975,74.375,31.5
2025-11-28 09:30:00,6.5568697e-06,4.2127795e-09,0.060886666,0.39978766,74.375,31.5
2025-11-28 10:30:00,6.3345574e-06,4.278263e-09,0.058817554,0.38141963,74.375,31.5
2025-11-28 11:30:00,6.134298e-06,4.485628e-09,0.0569533,0.36358097,74.375,31.5
2025-11-28 12:30:00,5.9565405e-06,4.7166395e-09,0.05529817,0.34767812,74.375,31.5
2025-11-28 13:30:00,5.797867e-06,4.9039954e-09,0.053824995,0.33450577,74.375,31.5
2025-11-28 14:30:00,5.643152e-06,5.0567905e-09,0.052388504,0.3227664,74.375,31.5
2025-11-28 15:30:00,5.490931e-06,5.2004907e-09,0.05098466,0.31265244,74.375,31.5
2025-11-28 16:30:00,5.3489207e-06,5.358743e-09,0.049676012,0.3040913,74.375,31.5
2025-11-28 17:30:00,5.223827e-06,5.542461e-09,0.048495363,0.29623213,74.375,31.5
2025-11-28 18:30:00,5.1162256e-06,5.753464e-09,0.04750101,0.28884915,74.375,31.5
2025-11-28 19:30:00,5.0436565e-06,5.993571e-09,0.04682109,0.28340745,74.375,31.5
2025-11-28 20:30:00,5.0346594e-06,6.279152e-09,0.0467414,0.28174213,74.375,31.5
2025-11-28 21:30:00,5.073922e-06,6.613846e-09,0.047117785,0.28348726,74.375,31.5
2025-11-28 22:30:00,5.0964045e-06,6.953997e-09,0.047320757,0.28504902,74.375,31.5
2025-11-28 23:30:00,5.050087e-06,7.230484e-09,0.04688104,0.282583,74.375,31.5
2025-11-29 00:30:00,4.9244654e-06,7.4032886e-09,0.04573642,0.2759691,74.375,31.5
2025-11-29 01:30:00,4.7458807e-06,7.486962e-09,0.044060793,0.266061,74.375,31.5
2025-11-29 02:30:00,4.531955e-06,7.505152e-09,0.042082496,0.2543109,74.375,31.5
2025-11-29 03:30:00,4.3110135e-06,7.428753e-09,0.040029272,0.2420058,74.375,31.5
2025-11-29 04:30:00,4.0879404e-06,6.9539983e-09,0.03794984,0.23022155,74.375,31.5
2025-11-29 05:30:00,3.9355937e-06,5.6770695e-09,0.036535665,0.22077589,74.375,31.5
2025-11-29 06:30:00,3.9938823e-06,3.0477167e-09,0.037088722,0.22260432,74.375,31.5
2025-11-29 07:30:00,3.8843637e-06,2.561138e-09,0.036063835,0.2164405,74.375,31.5
2025-11-29 08:30:00,3.7666673e-06,2.36469e-09,0.034979742,0.20988247,74.375,31.5
2025-11-29 09:30:00,4.291609e-06,2.6557245e-09,0.03983991,0.24505971,74.375,31.5
2025-11-29 10:30:00,4.139804e-06,2.6666385e-09,0.038447145,0.23583367,74.375,31.5
2025-11-29 11:30:00,3.984765e-06,2.854904e-09,0.037009127,0.22559384,74.375,31.5
2025-11-29 12:30:00,3.871501e-06,3.1004674e-09,0.035952024,0.21785823,74.375,31.5
2025-11-29 13:30:00,3.7967848e-06,3.3223848e-09,0.035251234,0.21327958,74.375,31.5
2025-11-29 14:30:00,3.741934e-06,3.5379355e-09,0.03474709,0.21062946,74.375,31.5
2025-11-29 15:30:00,3.6942313e-06,3.772584e-09,0.034295235,0.20892118,74.375,31.5
2025-11-29 16:30:00,3.644666e-06,4.0399755e-09,0.03384167,0.20723605,74.375,31.5
2025-11-29 17:30:00,3.5927287e-06,4.33829e-09,0.033363074,0.20498621,74.375,31.5
2025-11-29 18:30:00,3.5441383e-06,4.6438804e-09,0.032900706,0.20261365,74.375,31.5
2025-11-29 19:30:00,3.48963e-06,4.9312807e-09,0.03241187,0.19963606,74.375,31.5
2025-11-29 20:30:00,3.4334719e-06,5.182302e-09,0.031874046,0.1958736,74.375,31.5
2025-11-29 21:30:00,3.3789142e-06,5.40058e-09,0.03137138,0.19130586,74.375,31.5
2025-11-29 22:30:00,3.3260444e-06,5.6115845e-09,0.030878419,0.18661326,74.375,31.5
2025-11-29 23:30:00,3.2907556e-06,5.837142e-09,0.03055785,0.18318701,74.375,31.5
2025-11-30 00:30:00,3.2840267e-06,6.0808816e-09,0.030494733,0.18150496,74.375,31.5
2025-11-30 01:30:00,3.297762e-06,6.2991607e-09,0.030613668,0.18120718,74.375,31.5
2025-11-30 02:30:00,3.29975e-06,6.4392247e-09,0.03063716,0.18064882,74.375,31.5
2025-11-30 03:30:00,3.443599e-06,6.633855e-09,0.031973567,0.19035278,74.375,31.5
2025-11-30 04:30:00,3.361111e-06,6.139093e-09,0.031217283,0.18667562,74.375,31.5
2025-11-30 05:30:00,3.2675332e-06,4.522012e-09,0.03037464,0.18212992,74.375,31.5
2025-11-30 06:30:00,3.9335446e-06,2.9440343e-09,0.03663645,0.22897688,74.375,31.5
2025-11-30 07:30:00,3.8820704e-06,2.5847846e-09,0.036227256,0.22759333,74.375,31.5
2025-11-30 08:30:00,3.8081785e-06,2.4465416e-09,0.035598867,0.22470568,74.375,31.5
2025-11-30 09:30:00,4.650767e-06,2.966772e-09,0.043488424,0.2807917,74.375,31.5
2025-11-30 10:30:00,4.646985e-06,3.0759126e-09,0.043523256,0.2820446,74.375,31.5
2025-11-30 11:30:00,4.646818e-06,3.3396679e-09,0.04354312,0.28197125,74.375,31.5
2025-11-30 12:30:00,4.62612e-06,3.6043275e-09,0.043373268,0.27966553,74.375,31.5
2025-11-30 13:30:00,4.629534e-06,3.8508006e-09,0.043372273,0.27794832,74.375,31.5
2025-11-30 14:30:00,4.64574e-06,4.0945456e-09,0.04347161,0.27634332,74.375,31.5
2025-11-30 15:30:00,4.6788086e-06,4.360119e-09,0.04374578,0.2776164,74.375,31.5
2025-11-30 16:30:00,4.72117e-06,4.66571e-09,0.044191096,0.2804996,74.375,31.5
2025-11-30 17:30:00,4.8097454e-06,5.0258695e-09,0.045028407,0.28562444,74.375,31.5
2025-11-30 18:30:00,4.9401665e-06,5.4315032e-09,0.046255495,0.29307216,74.375,31.5
2025-11-30 19:30:00,5.087241e-06,5.855333e-09,0.047582462,0.30001226,74.375,31.5
2025-11-30 20:30:00,5.2210066e-06,6.2609704e-09,0.048738353,0.30556956,74.375,31.5
2025-11-30 21:30:00,5.324727e-06,6.6156645e-09,0.04967891,0.31091484,74.375,31.5
2025-11-30 22:30:00,5.410126e-06,6.9067028e-09,0.050466172,0.3165643,74.375,31.5
2025-11-30 23:30:00,5.4733973e-06,7.1449904e-09,0.051055446,0.321382,74.375,31.5
2025-12-01 00:30:00,5.5146606e-06,7.359631e-09,0.051437933,0.3247159,74.375,31.5
2025-12-01 01:30:00,5.5368887e-06,7.574272e-09,0.05165307,0.32663527,74.375,31.5
2025-12-01 02:30:00,5.5608857e-06,7.810741e-09,0.051880516,0.32837537,74.375,31.5
2025-12-01 03:30:00,6.849863e-06,9.516953e-09,0.0638401,0.4073698,74.375,31.5
2025-12-01 04:30:00,6.845949e-06,9.1749826e-09,0.06374644,0.40904942,74.375,31.5
2025-12-01 05:30:00,6.780901e-06,7.516064e-09,0.06313238,0.4085741,74.375,31.5
2025-12-01 06:30:00,6.770374e-06,4.5401976e-09,0.06297973,0.41201743,74.375,31.5
2025-12-01 07:30:00,6.7743717e-06,3.94175e-09,0.06297526,0.41664425,74.375,31.5
2025-12-01 08:30:00,6.735512e-06,3.7598515e-09,0.062580615,0.41790488,74.375,31.5
2025-12-01 09:30:00,7.301908e-06,4.0472523e-09,0.067796424,0.45387244,74.375,31.5
2025-12-01 10:30:00,7.250199e-06,4.1036423e-09,0.06730837,0.45277497,74.375,31.5
2025-12-01 11:30:00,7.186961e-06,4.3182835e-09,0.0667262,0.44897273,74.375,31.5
2025-12-01 12:30:00,7.0904393e-06,4.5893103e-09,0.06584116,0.4424453,74.375,31.5
2025-12-01 13:30:00,6.9678526e-06,4.840331e-09,0.064684875,0.43453544,74.375,31.5
2025-12-01 14:30:00,6.8320473e-06,5.0677045e-09,0.063434735,0.42607418,74.375,31.5
2025-12-01 15:30:00,6.711371e-06,5.287802e-09,0.062310606,0.41901806,74.375,31.5
2025-12-01 16:30:00,6.6335365e-06,5.509719e-09,0.061596606,0.4148339,74.375,31.5
2025-12-01 17:30:00,6.605887e-06,5.737093e-09,0.061327,0.41395214,74.375,31.5
2025-12-01 18:30:00,6.615056e-06,5.9662866e-09,0.06140994,0.4156039,74.375,31.5
2025-12-01 19:30:00,6.6506495e-06,6.1991168e-09,0.06174675,0.41944253,74.375,31.5
2025-12-01 20:30:00,6.713845e-06,6.437405e-09,0.062339578,0.42557758,74.375,31.5
2025-12-01 21:30:00,6.788803e-06,6.675691e-09,0.06305,0.43243122,74.375,31.5
2025-12-01 22:30:00,6.8507215e-06,6.89397e-09,0.06360296,0.43793994,74.375,31.5
2025-12-01 23:30:00,6.8730265e-06,7.072231e-09,0.06382015,0.44039643,74.375,31.5
2025-12-02 00:30:00,6.8450704e-06,7.2050175e-09,0.06358023,0.43902746,74.375,31.5
2025-12-02 01:30:00,6.7910237e-06,7.317796e-09,0.06306618,0.43556195,74.375,31.5
2025-12-02 02:30:00,6.7391293e-06,7.4323943e-09,0.06258604,0.4320468,74.375,31.5
2025-12-02 03:30:00,6.705338e-06,7.4724085e-09,0.062278256,0.42978483,74.375,31.5
2025-12-02 04:30:00,6.6449393e-06,7.070413e-09,0.061699644,0.42620984,74.375,31.5
2025-12-02 05:30:00,6.591158e-06,5.7079905e-09,0.06120356,0.42226413,74.375,31.5
2025-12-02 06:30:00,5.370781e-06,3.092282e-09,0.049859997,0.35123804,74.375,31.5
2025-12-02 07:30:00,5.3195577e-06,2.7694116e-09,0.049387287,0.35032427,74.375,31.5
2025-12-02 08:30:00,5.2359946e-06,2.6320779e-09,0.04862159,0.34550658,74.375,31.5
2025-12-02 09:30:00,8.914957e-06,4.647518e-09,0.082767814,0.59593785,74.375,31.5
2025-12-02 10:30:00,8.710279e-06,4.656613e-09,0.08087574,0.5778022,74.375,31.5
2025-12-02 11:30:00,8.475418e-06,4.827598e-09,0.078703865,0.55443794,74.375,31.5
2025-12-02 12:30:00,8.191943e-06,5.0185918e-09,0.0760746,0.52761686,74.375,31.5
2025-12-02 13:30:00,7.859825e-06,5.1986717e-09,0.07295921,0.4977238,74.375,31.5
2025-12-02 14:30:00,7.477539e-06,5.3769327e-09,0.06941881,0.46579176,74.375,31.5
2025-12-02 15:30:00,7.0847996e-06,5.5642886e-09,0.06578958,0.4362611,74.375,31.5
2025-12-02 16:30:00,6.7351607e-06,5.7771103e-09,0.062540725,0.4120749,74.375,31.5
2025-12-02 17:30:00,6.498831e-06,6.028131e-09,0.060337313,0.39707106,74.375,31.5
2025-12-02 18:30:00,6.394476e-06,6.319169e-09,0.059371065,0.3928286,74.375,31.5
2025-12-02 19:30:00,6.3834796e-06,6.6374923e-09,0.05926537,0.3960722,74.375,31.5
2025-12-02 20:30:00,6.3929333e-06,6.9594535e-09,0.059355892,0.40114197,74.375,31.5
2025-12-02 21:30:00,6.3723933e-06,7.2632247e-09,0.0591613,0.40335894,74.375,31.5
2025-12-02 22:30:00,6.3182283e-06,7.545168e-09,0.058662985,0.4024739,74.375,31.5
2025-12-02 23:30:00,6.2484723e-06,7.807103e-09,0.05801036,0.39993697,74.375,31.5
2025-12-03 00:30:00,6.1771666e-06,8.054485e-09,0.0573444,0.39692676,74.375,31.5
2025-12-03 01:30:00,6.1170417e-06,8.290955e-09,0.056802794,0.39445272,74.375,31.5
2025-12-03 02:30:00,6.0916727e-06,8.531061e-09,0.05655809,0.3939579,74.375,31.5
2025-12-03 03:30:00,8.19441e-06,1.1707017e-08,0.07608015,0.526239,74.375,31.5
2025-12-03 04:30:00,8.160311e-06,1.1270462e-08,0.07576121,0.52529854,74.375,31.5
2025-12-03 05:30:00,8.111571e-06,9.134969e-09,0.075294875,0.5214858,74.375,31.5
2025-12-03 06:30:00,8.025709e-06,5.3842086e-09,0.07450322,0.5176999,74.375,31.5
2025-12-03 07:30:00,7.876971e-06,4.8585207e-09,0.073131286,0.5092327,74.375,31.5
2025-12-03 08:30:00,7.65648e-06,4.642061e-09,0.071093656,0.49311236,74.375,31.5
2025-12-03 09:30:00,7.407982e-06,4.5474735e-09,0.068785705,0.47305328,74.375,31.5
2025-12-03 10:30:00,7.084507e-06,4.5547495e-09,0.06577914,0.44668555,74.375,31.5
2025-12-03 11:30:00,6.709129e-06,4.7239155e-09,0.062294662,0.41582918,74.375,31.5
2025-12-03 12:30:00,6.32885e-06,4.9276423e-09,0.058762338,0.38673973,74.375,31.5
2025-12-03 13:30:00,6.021275e-06,5.114998e-09,0.055905864,0.36549982,74.375,31.5
2025-12-03 14:30:00,5.7994835e-06,5.296897e-09,0.053845853,0.35334015,74.375,31.5
2025-12-03 15:30:00,5.6410204e-06,5.484253e-09,0.052377343,0.3437636,74.375,31.5
2025-12-03 16:30:00,5.5085775e-06,5.6807044e-09,0.05117239,0.33465785,74.375,31.5
2025-12-03 17:30:00,5.339287e-06,5.8771557e-09,0.049664877,0.32596928,74.375,31.5
2025-12-03 18:30:00,5.180979e-06,6.099074e-09,0.048320305,0.3206299,74.375,31.5
2025-12-03 19:30:00,5.067036e-06,6.373742e-09,0.047360085,0.31837228,74.375,31.5
2025-12-03 20:30:00,4.994502e-06,6.7175323e-09,0.046747416,0.3178032,74.375,31.5
2025-12-03 21:30:00,4.9777486e-06,7.1286257e-09,0.046696972,0.32074016,74.375,31.5
2025-12-03 22:30:00,4.9011464e-06,7.49788e-09,0.046018526,0.31657216,74.375,31.5
2025-12-03 23:30:00,4.7652725e-06,7.781643e-09,0.04483243,0.30901453,74.375,31.5
2025-12-04 00:30:00,4.527267e-06,7.90169e-09,0.04270378,0.29472846,74.375,31.5
2025-12-04 01:30:00,4.3150603e-06,7.970822e-09,0.040707067,0.2791664,74.375,31.5
2025-12-04 02:30:00,4.205367e-06,8.0836005e-09,0.039646965,0.26971263,74.375,31.5
2025-12-04 03:30:00,4.1328626e-06,8.163624e-09,0.03865862,0.2563537,74.375,31.5
2025-12-04 04:30:00,4.0698073e-06,7.759809e-09,0.037851993,0.24591702,74.375,31.5
2025-12-04 05:30:00,3.9691317e-06,5.7152647e-09,0.036855835,0.23588312,74.375,31.5
2025-12-04 06:30:00,5.6082163e-06,4.940375e-09,0.052090075,0.3314238,74.375,31.5
2025-12-04 07:30:00,5.48502e-06,4.3619366e-09,0.05096564,0.32461026,74.375,31.5
2025-12-04 08:30:00,5.3598014e-06,4.0436134e-09,0.049832866,0.31851596,74.375,31.5
2025-12-04 09:30:00,7.38811e-06,5.5952114e-09,0.06864424,0.42732278,74.375,31.5
2025-12-04 10:30:00,7.060481e-06,5.5497367e-09,0.065565616,0.40801084,74.375,31.5
2025-12-04 11:30:00,6.736577e-06,5.7079887e-09,0.062579535,0.38842767,74.375,31.5
2025-12-04 12:30:00,6.522497e-06,5.9080776e-09,0.060658213,0.3788985,74.375,31.5
2025-12-04 13:30:00,6.381158e-06,6.0881575e-09,0.059424017,0.3735658,74.375,31.5
2025-12-04 14:30:00,6.240174e-06,6.2336767e-09,0.058091853,0.36404255,74.375,31.5
2025-12-04 15:30:00,6.0796974e-06,6.3646444e-09,0.056495875,0.34930497,74.375,31.5
2025-12-04 16:30:00,5.9189165e-06,6.4992496e-09,0.054969683,0.33901972,74.375,31.5
2025-12-04 17:30:00,5.794194e-06,6.6629586e-09,0.05380953,0.33435553,74.375,31.5
2025-12-04 18:30:00,5.7199136e-06,6.863047e-09,0.053172912,0.3356835,74.375,31.5
2025-12-04 19:30:00,5.668139e-06,7.0904207e-09,0.052837927,0.34235469,74.375,31.5
2025-12-04 20:30:00,5.61474e-06,7.3250703e-09,0.052459978,0.3476728,74.375,31.5
2025-12-04 21:30:00,5.549162e-06,7.563358e-09,0.05191646,0.35093924,74.375,31.5
2025-12-04 22:30:00,5.481011e-06,7.821654e-09,0.05133801,0.3520139,74.375,31.5
2025-12-04 23:30:00,5.3986673e-06,8.098141e-09,0.050567213,0.34898615,74.375,31.5
2025-12-05 00:30:00,5.273497e-06,8.381903e-09,0.04935049,0.3387151,74.375,31.5
2025-12-05 01:30:00,5.1932325e-06,8.709321e-09,0.048386164,0.32423347,74.375,31.5
2025-12-05 02:30:00,5.146668e-06,9.040377e-09,0.047821045,0.31573537,74.375,31.5
2025-12-05 03:30:00,5.031611e-06,9.098585e-09,0.046734545,0.30958372,74.375,31.5
2025-12-05 04:30:00,4.958891e-06,8.683855e-09,0.0460342,0.30973586,74.375,31.5
2025-12-05 05:30:00,4.9327264e-06,7.1377144e-09,0.045798868,0.31188408,74.375,31.5
2025-12-05 06:30:00,4.9387177e-06,4.2145984e-09,0.04585325,0.31391034,74.375,31.5
2025-12-05 07:30:00,4.873068e-06,3.6779966e-09,0.045241836,0.3105586,74.375,31.5
2025-12-05 08:30:00,4.6900127e-06,3.3542165e-09,0.043536168,0.29858556,74.375,31.5
2025-12-05 09:30:00,2.0438643e-05,1.5686965e-08,0.18975143,1.1699688,74.375,31.5
2025-12-05 10:30:00,1.911283e-05,1.5577825e-08,0.17743222,1.1083981,74.375,31.5
2025-12-05 11:30:00,1.7846345e-05,1.5606929e-08,0.16566542,1.0448819,74.375,31.5
2025-12-05 12:30:00,1.6661148e-05,1.5512342e-08,0.1547507,0.9815497,74.375,31.5
2025-12-05 13:30:00,1.5573978e-05,1.5264959e-08,0.14481093,0.9200132,74.375,31.5
2025-12-05 14:30:00,1.4591996e-05,1.4835678e-08,0.13571529,0.86588037,74.375,31.5
2025-12-05 15:30:00,1.357549e-05,1.4268154e-08,0.12625828,0.81158364,74.375,31.5
2025-12-05 16:30:00,1.2323615e-05,1.360968e-08,0.11464255,0.74503386,74.375,31.5
2025-12-05 17:30:00,1.0931003e-05,1.2914826e-08,0.10174806,0.6741225,74.375,31.5
2025-12-05 18:30:00,9.604688e-06,1.2241799e-08,0.08941582,0.6056716,74.375,31.5
2025-12-05 19:30:00,8.461494e-06,1.1626981e-08,0.07871736,0.54219913,74.375,31.5
2025-12-05 20:30:00,7.687391e-06,1.1124942e-08,0.071493976,0.49821675,74.375,31.5
2025-12-05 21:30:00,7.216937e-06,1.0772055e-08,0.067096695,0.46776044,74.375,31.5
2025-12-05 22:30:00,6.8640943e-06,1.0491931e-08,0.06379661,0.4432982,74.375,31.5
2025-12-05 23:30:00,6.445201e-06,1.0164513e-08,0.05993438,0.417535,74.375,31.5
2025-12-06 00:30:00,5.9355425e-06,9.724317e-09,0.055213816,0.3887126,74.375,31.5
2025-12-06 01:30:00,5.4124225e-06,9.25138e-09,0.050393414,0.3608332,74.375,31.5
2025-12-06 02:30:00,4.9881974e-06,8.85484e-09,0.046475872,0.33973953,74.375,31.5
2025-12-06 03:30:00,4.6320056e-06,8.552888e-09,0.04327862,0.32365528,74.375,31.5
2025-12-06 04:30:00,4.280673e-06,7.876224e-09,0.039990008,0.30395827,74.375,31.5
2025-12-06 05:30:00,3.9844795e-06,7.066774e-09,0.037233938,0.2869837,74.375,31.5
2025-12-06 06:30:00,3.7228863e-06,5.7916623e-09,0.03490899,0.27486148,74.375,31.5
2025-12-06 07:30:00,3.5259486e-06,4.811227e-09,0.033254113,0.26967323,74.375,31.5
2025-12-06 08:30:00,3.4125874e-06,4.5274646e-09,0.03246378,0.27326724,74.375,31.5
2025-12-06 09:30:00,3.5149894e-06,4.8530637e-09,0.033596534,0.28888822,74.375,31.5
2025-12-06 10:30:00,3.3565882e-06,5.118636e-09,0.03213518,0.282555,74.375,31.5
2025-12-06 11:30:00,3.2041282e-06,5.456968e-09,0.03079555,0.27782032,74.375,31.5
2025-12-06 12:30:00,3.1623583e-06,5.820766e-09,0.030235535,0.27289817,74.375,31.5
2025-12-06 13:30:00,3.307095e-06,6.2318577e-09,0.031447273,0.2789952,74.375,31.5
2025-12-06 14:30:00,3.596487e-06,6.662958e-09,0.033957936,0.28879136,74.375,31.5
2025-12-06 15:30:00,3.9519127e-06,7.052222e-09,0.037020274,0.29765707,74.375,31.5
2025-12-06 16:30:00,4.2157553e-06,7.3196134e-09,0.039245278,0.3049289,74.375,31.5
2025-12-06 17:30:00,4.342153e-06,7.4305717e-09,0.040347587,0.31209365,74.375,31.5
2025-12-06 18:30:00,4.3737264e-06,7.39783e-09,0.040628627,0.316931,74.375,31.5
2025-12-06 19:30:00,4.3933737e-06,7.3159754e-09,0.04081001,0.32239103,74.375,31.5
2025-12-06 20:30:00,4.444414e-06,7.2868716e-09,0.041289467,0.3294672,74.375,31.5
2025-12-06 21:30:00,4.5128904e-06,7.3123374e-09,0.04192199,0.33776006,74.375,31.5
2025-12-06 22:30:00,4.5266734e-06,7.3123374e-09,0.042034328,0.34232536,74.375,31.5
2025-12-06 23:30:00,4.437647e-06,7.2504918e-09,0.0412066,0.3388209,74.375,31.5
2025-12-07 00:30:00,4.2826296e-06,7.177732e-09,0.03979732,0.32959118,74.375,31.5
2025-12-07 01:30:00,4.1330604e-06,7.1449904e-09,0.038452815,0.31939745,74.375,31.5
2025-12-07 02:30:00,3.9914175e-06,7.137715e-09,0.037139867,0.30805078,74.375,31.5
2025-12-07 03:30:00,3.8446183e-06,7.0303945e-09,0.03573675,0.29600224,74.375,31.5
2025-12-07 04:30:00,3.735569e-06,6.8066592e-09,0.03471925,0.2874226,74.375,31.5
2025-12-07 05:30:00,3.6809972e-06,6.2227636e-09,0.034189608,0.28144944,74.375,31.5
2025-12-07 06:30:00,5.206609e-06,5.8225855e-09,0.04835461,0.375674,74.375,31.5
2025-12-07 07:30:00,5.095711e-06,4.4819917e-09,0.04734848,0.3686184,74.375,31.5
2025-12-07 08:30:00,4.9629366e-06,3.9581227e-09,0.046155736,0.36235347,74.375,31.5
2025-12-07 09:30:00,6.285363e-06,4.8694346e-09,0.058473114,0.44914508,74.375,31.5
2025-12-07 10:30:00,5.8847218e-06,4.603862e-09,0.05477164,0.4222221,74.375,31.5
2025-12-07 11:30:00,5.4585453e-06,4.5492925e-09,0.05077684,0.3942969,74.375,31.5
2025-12-07 12:30:00,5.0367544e-06,4.529284e-09,0.046798136,0.36940902,74.375,31.5
2025-12-07 13:30:00,4.6234845e-06,4.522009e-09,0.04293694,0.3485201,74.375,31.5
2025-12-07 14:30:00,4.22284e-06,4.5256465e-09,0.039219998,0.3276701,74.375,31.5
2025-12-07 15:30:00,3.854333e-06,4.5529305e-09,0.03580298,0.30691537,74.375,31.5
2025-12-07 16:30:00,3.5556498e-06,4.6347854e-09,0.033028014,0.28915656,74.375,31.5
2025-12-07 17:30:00,3.353899e-06,4.8130464e-09,0.031147538,0.27615666,74.375,31.5
2025-12-07 18:30:00,3.248081e-06,5.0895324e-09,0.030163305,0.26813814,74.375,31.5
2025-12-07 19:30:00,3.2029698e-06,5.420589e-09,0.02974535,0.2628415,74.375,31.5
2025-12-07 20:30:00,3.177405e-06,5.7461884e-09,0.02950639,0.2586842,74.375,31.5
2025-12-07 21:30:00,3.1555185e-06,6.0208567e-09,0.029308088,0.25548175,74.375,31.5
2025-12-07 22:30:00,3.1321338e-06,6.21367e-09,0.029084854,0.25128084,74.375,31.5
2025-12-07 23:30:00,3.1067564e-06,6.3209913e-09,0.028841715,0.24503706,74.375,31.5
2025-12-08 00:30:00,3.0809701e-06,6.3701013e-09,0.028606975,0.23668884,74.375,31.5
2025-12-08 01:30:00,3.027868e-06,6.3537304e-09,0.028113397,0.2262795,74.375,31.5
2025-12-08 02:30:00,2.9171829e-06,6.271876e-09,0.027080966,0.21354236,74.375,31.5
2025-12-08 03:30:00,5.1371667e-06,1.1310476e-08,0.04769323,0.33623445,74.375,31.5
2025-12-08 04:30:00,4.89524e-06,1.061926e-08,0.045448918,0.3215432,74.375,31.5
2025-12-08 05:30:00,4.6813534e-06,9.444194e-09,0.043463927,0.31031752,74.375,31.5
2025-12-08 06:30:00,4.4279905e-06,5.5806617e-09,0.04112132,0.29376966,74.375,31.5
2025-12-08 07:30:00,4.151027e-06,3.898099e-09,0.038547833,0.27488595,74.375,31.5
2025-12-08 08:30:00,3.863331e-06,3.3887866e-09,0.03585969,0.25434542,74.375,31.5
2025-12-08 09:30:00,4.241886e-06,3.774403e-09,0.0393786,0.2717299,74.375,31.5
2025-12-08 10:30:00,3.7265393e-06,3.5834091e-09,0.034597717,0.24141167,74.375,31.5
2025-12-08 11:30:00,3.2328412e-06,3.5788617e-09,0.030017028,0.21278094,74.375,31.5
2025-12-08 12:30:00,2.8735797e-06,3.6443453e-09,0.026677279,0.1935519,74.375,31.5
2025-12-08 13:30:00,2.5527413e-06,3.6598067e-09,0.023699483,0.17575847,74.375,31.5
2025-12-08 14:30:00,2.3449516e-06,3.7380232e-09,0.021773694,0.16308036,74.375,31.5
2025-12-08 15:30:00,2.2018442e-06,3.8944563e-09,0.020442571,0.15365201,74.375,31.5
2025-12-08 16:30:00,2.0793073e-06,4.087269e-09,0.01930658,0.1454803,74.375,31.5
2025-12-08 17:30:00,1.9406004e-06,4.2382458e-09,0.0180174,0.13662934,74.375,31.5
2025-12-08 18:30:00,1.7841844e-06,4.2873585e-09,0.016561404,0.12725177,74.375,31.5
2025-12-08 19:30:00,1.6394459e-06,4.2346078e-09,0.015222525,0.11925241,74.375,31.5
2025-12-08 20:30:00,1.5315467e-06,4.1400208e-09,0.014223587,0.11445056,74.375,31.5
2025-12-08 21:30:00,1.4599434e-06,4.0581676e-09,0.013556266,0.11230816,74.375,31.5
2025-12-08 22:30:00,1.4110801e-06,4.0054196e-09,0.013098223,0.110983446,74.375,31.5
2025-12-08 23:30:00,1.3862243e-06,4.0090598e-09,0.012871586,0.110423826,74.375,31.5
2025-12-09 00:30:00,1.3976494e-06,4.100002e-09,0.012976457,0.11109258,74.375,31.5
2025-12-09 01:30:00,1.4207421e-06,4.2255146e-09,0.01319153,0.11217616,74.375,31.5
2025-12-09 02:30:00,1.4431096e-06,4.3637636e-09,0.013402704,0.11340883,74.375,31.5
2025-12-09 03:30:00,1.4577018e-06,4.454706e-09,0.013534999,0.11501274,74.375,31.5
2025-12-09 04:30:00,1.4693719e-06,4.33102e-09,0.013641548,0.11659082,74.375,31.5
2025-12-09 05:30:00,1.4910419e-06,3.8089794e-09,0.013845703,0.11884081,74.375,31.5
2025-12-09 06:30:00,1.514216e-06,2.102752e-09,0.014061489,0.12021607,74.375,31.5
2025-12-09 07:30:00,1.5290951e-06,1.6052594e-09,0.014198642,0.1210299,74.375,31.5
2025-12-09 08:30:00,1.5211716e-06,1.4579346e-09,0.014133639,0.1207159,74.375,31.5
2025-12-09 09:30:00,2.4662265e-06,2.1736952e-09,0.022915931,0.19803692,74.375,31.5
2025-12-09 10:30:00,2.2259421e-06,2.1063984e-09,0.020754501,0.18326345,74.375,31.5
2025-12-09 11:30:00,2.0362581e-06,2.270114e-09,0.019099753,0.17171405,74.375,31.5
2025-12-09 12:30:00,1.9292065e-06,2.474735e-09,0.018170476,0.16423276,74.375,31.5
2025-12-09 13:30:00,1.9019838e-06,2.7002909e-09,0.0178584,0.15889154,74.375,31.5
2025-12-09 14:30:00,1.9031436e-06,2.942219e-09,0.017750377,0.15450563,74.375,31.5
2025-12-09 15:30:00,1.914637e-06,3.2023315e-09,0.017879777,0.15448338,74.375,31.5
2025-12-09 16:30:00,1.9580998e-06,3.5006495e-09,0.018339088,0.15625334,74.375,31.5
2025-12-09 17:30:00,2.013837e-06,3.836258e-09,0.01881207,0.15705132,74.375,31.5
2025-12-09 18:30:00,2.0371392e-06,4.1563926e-09,0.018933097,0.15496007,74.375,31.5
2025-12-09 19:30:00,2.0214638e-06,4.414692e-09,0.018776322,0.15267742,74.375,31.5
2025-12-09 20:30:00,2.0085674e-06,4.632975e-09,0.01866858,0.15176836,74.375,31.5
2025-12-09 21:30:00,1.9768545e-06,4.7657536e-09,0.018362992,0.14859831,74.375,31.5
2025-12-09 22:30:00,1.8951057e-06,4.7766675e-09,0.017596481,0.14146033,74.375,31.5
2025-12-09 23:30:00,1.8068437e-06,4.7566675e-09,0.016775766,0.13372977,74.375,31.5
2025-12-10 00:30:00,1.7470969e-06,4.7984963e-09,0.016223306,0.12887774,74.375,31.5
2025-12-10 01:30:00,1.7090028e-06,4.911275e-09,0.015871072,0.12612705,74.375,31.5
2025-12-10 02:30:00,1.6943136e-06,5.0858993e-09,0.015733566,0.12489207,74.375,31.5
2025-12-10 03:30:00,1.5608226e-06,4.8512474e-09,0.014493187,0.11787114,74.375,31.5
2025-12-10 04:30:00,1.6232867e-06,4.7148276e-09,0.015075312,0.12297959,74.375,31.5
2025-12-10 05:30:00,1.7060936e-06,3.994513e-09,0.015865473,0.13030986,74.375,31.5
2025-12-10 06:30:00,2.102126e-06,2.7403075e-09,0.0195737,0.15771736,74.375,31.5
2025-12-10 07:30:00,2.1432359e-06,2.2519089e-09,0.01995549,0.16367339,74.375,31.5
2025-12-10 08:30:00,2.1611477e-06,2.0590964e-09,0.020120583,0.16881314,74.375,31.5
2025-12-10 09:30:00,8.3795285e-06,7.479684e-09,0.077864684,0.55461377,74.375,31.5
2025-12-10 10:30:00,7.70433e-06,7.0594988e-09,0.071612135,0.5093409,74.375,31.5
2025-12-10 11:30:00,6.928544e-06,6.8594117e-09,0.064557135,0.4576477,74.375,31.5
2025-12-10 12:30:00,6.1370224e-06,6.712071e-09,0.057300717,0.41154522,74.375,31.5
2025-12-10 13:30:00,5.4297025e-06,6.6520447e-09,0.050753877,0.3725119,74.375,31.5
2025-12-10 14:30:00,4.8735646e-06,6.690244e-09,0.045510232,0.33733273,74.375,31.5
2025-12-10 15:30:00,4.469445e-06,6.835763e-09,0.041694734,0.3047619,74.375,31.5
2025-12-10 16:30:00,4.2606816e-06,7.157724e-09,0.039661817,0.27951962,74.375,31.5
2025-12-10 17:30:00,4.2878887e-06,7.63248e-09,0.039839566,0.2709086,74.375,31.5
2025-12-10 18:30:00,4.260511e-06,8.065399e-09,0.039560765,0.26499018,74.375,31.5
2025-12-10 19:30:00,4.1336434e-06,8.465578e-09,0.03837686,0.25589463,74.375,31.5
2025-12-10 20:30:00,3.9942197e-06,8.883946e-09,0.03707697,0.24690196,74.375,31.5
2025-12-10 21:30:00,3.8146277e-06,9.265932e-09,0.03542071,0.23609094,74.375,31.5
2025-12-10 22:30:00,3.6532224e-06,9.651558e-09,0.033918053,0.22752532,74.375,31.5
2025-12-10 23:30:00,3.5829055e-06,1.0106305e-08,0.033275045,0.22521439,74.375,31.5
2025-12-11 00:30:00,3.559103e-06,1.0590156e-08,0.03305595,0.2246118,74.375,31.5
2025-12-11 01:30:00,3.549471e-06,1.10667315e-08,0.03296395,0.22529417,74.375,31.5
2025-12-11 02:30:00,3.5299552e-06,1.1492376e-08,0.032781396,0.2260035,74.375,31.5
2025-12-11 03:30:00,7.2467724e-06,2.1267624e-08,0.067297645,0.42958093,74.375,31.5
2025-12-11 04:30:00,7.0304077e-06,2.018351e-08,0.065281436,0.42322144,74.375,31.5
2025-12-11 05:30:00,6.5704385e-06,1.7622378e-08,0.06102393,0.4015321,74.375,31.5
2025-12-11 06:30:00,5.9730764e-06,1.05646905e-08,0.05546157,0.36676314,74.375,31.5
2025-12-11 07:30:00,5.2622513e-06,6.2518666e-09,0.04885968,0.32601243,74.375,31.5
2025-12-11 08:30:00,4.5212023e-06,4.7712096e-09,0.041985147,0.2848709,74.375,31.5
2025-12-11 09:30:00,5.6289527e-06,5.8153105e-09,0.05226635,0.3445251,74.375,31.5
2025-12-11 10:30:00,4.704532e-06,5.0549755e-09,0.04369377,0.29342017,74.375,31.5
2025-12-11 11:30:00,3.9556962e-06,4.7894044e-09,0.036775444,0.25138035,74.375,31.5
2025-12-11 12:30:00,3.4851146e-06,4.7621143e-09,0.032402806,0.22447458,74.375,31.5
2025-12-11 13:30:00,3.2926926e-06,4.9367372e-09,0.030619783,0.21271186,74.375,31.5
2025-12-11 14:30:00,3.2307669e-06,5.29144e-09,0.030148737,0.20947747,74.375,31.5
2025-12-11 15:30:00,3.2931823e-06,5.8771548e-09,0.03083096,0.21331301,74.375,31.5
2025-12-11 16:30:00,3.4636857e-06,6.6484063e-09,0.03226176,0.21743038,74.375,31.5
2025-12-11 17:30:00,3.6176066e-06,7.4451236e-09,0.033605184,0.22268619,74.375,31.5
2025-12-11 18:30:00,3.692176e-06,8.1454345e-09,0.034292713,0.22611596,74.375,31.5
2025-12-11 19:30:00,3.7058044e-06,8.749339e-09,0.034429334,0.22670728,74.375,31.5
2025-12-11 20:30:00,3.6918445e-06,9.309588e-09,0.034337714,0.2262412,74.375,31.5
2025-12-11 21:30:00,3.6953834e-06,9.8771125e-09,0.03442041,0.22730677,74.375,31.5
2025-12-11 22:30:00,3.6895312e-06,1.0390069e-08,0.03442032,0.22893165,74.375,31.5
2025-12-11 23:30:00,3.630972e-06,1.0775695e-08,0.033935875,0.22744112,74.375,31.5
2025-12-12 00:30:00,3.5405262e-06,1.1041267e-08,0.03308894,0.2225581,74.375,31.5
2025-12-12 01:30:00,3.404455e-06,1.1175873e-08,0.031793132,0.21429665,74.375,31.5
2025-12-12 02:30:00,3.2793835e-06,1.130684e-08,0.030597609,0.20627247,74.375,31.5
2025-12-12 03:30:00,3.2283788e-06,1.1437807e-08,0.030114934,0.20257068,74.375,31.5
2025-12-12 04:30:00,3.1874058e-06,1.0957595e-08,0.029739521,0.19942275,74.375,31.5
2025-12-12 05:30:00,3.1475272e-06,8.876671e-09,0.029381232,0.19391008,74.375,31.5
2025-12-12 06:30:00,4.2258125e-06,6.5556383e-09,0.039424393,0.24601823,74.375,31.5
2025-12-12 07:30:00,4.164479e-06,4.8585234e-09,0.038868602,0.24130504,74.375,31.5
2025-12-12 08:30:00,4.203656e-06,4.1382053e-09,0.039311223,0.2442585,74.375,31.5
2025-12-12 09:30:00,6.13061e-06,5.762559e-09,0.057368115,0.3459234,74.375,31.5
2025-12-12 10:30:00,6.1380033e-06,5.8353193e-09,0.05755126,0.34880164,74.375,31.5
2025-12-12 11:30:00,6.316908e-06,6.135453e-09,0.059272494,0.35864452,74.375,31.5
2025-12-12 12:30:00,6.564451e-06,6.4774213e-09,0.061433498,0.36704546,74.375,31.5
2025-12-12 13:30:00,6.8180098e-06,6.833943e-09,0.06359683,0.37482673,74.375,31.5
2025-12-12 14:30:00,6.9685825e-06,7.174094e-09,0.06495009,0.37966225,74.375,31.5
2025-12-12 15:30:00,6.9836597e-06,7.4760464e-09,0.065076225,0.37949866,74.375,31.5
2025-12-12 16:30:00,6.954774e-06,7.719792e-09,0.0648933,0.38044196,74.375,31.5
2025-12-12 17:30:00,6.900297e-06,7.879865e-09,0.064591624,0.38382447,74.375,31.5
2025-12-12 18:30:00,6.9222783e-06,7.9890015e-09,0.064839534,0.38821316,74.375,31.5
2025-12-12 19:30:00,6.9820085e-06,8.105417e-09,0.06544919,0.39457402,74.375,31.5
2025-12-12 20:30:00,7.0008173e-06,8.26185e-09,0.065657444,0.3981314,74.375,31.5
2025-12-12 21:30:00,7.1179916e-06,8.4946805e-09,0.06659043,0.400874,74.375,31.5
2025-12-12 22:30:00,7.132804e-06,8.756615e-09,0.06665631,0.40122765,74.375,31.5
2025-12-12 23:30:00,6.9116363e-06,8.953066e-09,0.06468008,0.3932453,74.375,31.5
2025-12-13 00:30:00,6.734718e-06,9.164069e-09,0.06324186,0.38935158,74.375,31.5
2025-12-13 01:30:00,6.6924854e-06,9.426003e-09,0.06290231,0.38996553,74.375,31.5
2025-12-13 02:30:00,6.8058107e-06,9.746145e-09,0.06388409,0.39567253,74.375,31.5
2025-12-13 03:30:00,8.636472e-06,1.2722012e-08,0.080966145,0.49163097,74.375,31.5
2025-12-13 04:30:00,8.534295e-06,1.3071258e-08,0.080110155,0.488752,74.375,31.5
2025-12-13 05:30:00,8.556584e-06,1.3234968e-08,0.08034984,0.49192494,74.375,31.5
2025-12-13 06:30:00,8.575097e-06,1.3104e-08,0.08059226,0.49586883,74.375,31.5
2025-12-13 07:30:00,8.757818e-06,1.2827513e-08,0.08229892,0.50883013,74.375,31.5
2025-12-13 08:30:00,8.959984e-06,1.2503733e-08,0.084157504,0.5214364,74.375,31.5
2025-12-13 09:30:00,9.105681e-06,1.2380042e-08,0.08549586,0.5308306,74.375,31.5
2025-12-13 10:30:00,9.292584e-06,1.2496457e-08,0.08731031,0.54345447,74.375,31.5
2025-12-13 11:30:00,9.441403e-06,1.26347e-08,0.08873047,0.55425984,74.375,31.5
2025-12-13 12:30:00,9.349167e-06,1.2667442e-08,0.087868735,0.55122346,74.375,31.5
2025-12-13 13:30:00,9.075816e-06,1.2576493e-08,0.08526854,0.5376062,74.375,31.5
2025-12-13 14:30:00,8.749041e-06,1.2405508e-08,0.08218136,0.5208281,74.375,31.5
2025-12-13 15:30:00,8.513373e-06,1.2238161e-08,0.07998285,0.50900805,74.375,31.5
2025-12-13 16:30:00,8.375533e-06,1.2121745e-08,0.0787017,0.5023266,74.375,31.5
2025-12-13 17:30:00,8.249418e-06,1.2048987e-08,0.07757453,0.49666193,74.375,31.5
2025-12-13 18:30:00,8.163016e-06,1.195076e-08,0.076782405,0.49336028,74.375,31.5
2025-12-13 19:30:00,8.144036e-06,1.1779775e-08,0.07656923,0.49418613,74.375,31.5
2025-12-13 20:30:00,8.158974e-06,1.1463271e-08,0.07669397,0.49659407,74.375,31.5
2025-12-13 21:30:00,8.158673e-06,1.0975782e-08,0.07671906,0.4988888,74.375,31.5
2025-12-13 22:30:00,8.1588105e-06,1.0364602e-08,0.07677557,0.5004586,74.375,31.5
2025-12-13 23:30:00,8.173597e-06,9.746145e-09,0.0768678,0.50101155,74.375,31.5
2025-12-14 00:30:00,8.211275e-06,9.265932e-09,0.07705865,0.49923065,74.375,31.5
2025-12-14 01:30:00,8.099747e-06,9.0185495e-09,0.07583051,0.48823062,74.375,31.5
2025-12-14 02:30:00,7.801488e-06,9.0076355e-09,0.07305266,0.4711326,74.375,31.5
2025-12-14 03:30:00,7.4882437e-06,9.0112735e-09,0.0700947,0.45365605,74.375,31.5
2025-12-14 04:30:00,7.20174e-06,8.56744e-09,0.06719971,0.4346837,74.375,31.5
2025-12-14 05:30:00,6.9875477e-06,8.480129e-09,0.0652456,0.42350277,74.375,31.5
2025-12-14 06:30:00,1.2483771e-05,1.4861143e-08,0.11627117,0.71381557,74.375,31.5
2025-12-14 07:30:00,1.2233707e-05,1.3624231e-08,0.113988966,0.6977707,74.375,31.5
2025-12-14 08:30:00,1.1953573e-05,1.33040885e-08,0.11141695,0.68510115,74.375,31.5
2025-12-14 09:30:00,1.1781786e-05,1.3042154e-08,0.10985495,0.6800745,74.375,31.5
2025-12-14 10:30:00,1.2098143e-05,1.3329554e-08,0.112809435,0.7029214,74.375,31.5
2025-12-14 11:30:00,1.2429646e-05,1.3740646e-08,0.115975924,0.72674376,74.375,31.5
2025-12-14 12:30:00,1.2597151e-05,1.412991e-08,0.117552914,0.74007696,74.375,31.5
2025-12-14 13:30:00,1.2645436e-05,1.4442776e-08,0.117852926,0.74337745,74.375,31.5
2025-12-14 14:30:00,1.2477903e-05,1.4631951e-08,0.11611071,0.7323174,74.375,31.5
2025-12-14 15:30:00,1.2072202e-05,1.4639227e-08,0.11220126,0.7064173,74.375,31.5
2025-12-14 16:30:00,1.1532543e-05,1.4446414e-08,0.10729141,0.6754938,74.375,31.5
2025-12-14 17:30:00,1.1071188e-05,1.4082616e-08,0.10308921,0.6501469,74.375,31.5
2025-12-14 18:30:00,1.0758611e-05,1.3595127e-08,0.1001904,0.63170123,74.375,31.5
2025-12-14 19:30:00,1.0468354e-05,1.3045792e-08,0.09750709,0.6148624,74.375,31.5
2025-12-14 20:30:00,1.0095844e-05,1.2511009e-08,0.093996525,0.591275,74.375,31.5
2025-12-14 21:30:00,9.660162e-06,1.2063538e-08,0.08987833,0.56429994,74.375,31.5
2025-12-14 22:30:00,9.161121e-06,1.1812517e-08,0.085181735,0.53400964,74.375,31.5
2025-12-14 23:30:00,8.658616e-06,1.1787051e-08,0.0804564,0.5041662,74.375,31.5
2025-12-15 00:30:00,8.200369e-06,1.19325705e-08,0.0761519,0.47749954,74.375,31.5
2025-12-15 01:30:00,7.801786e-06,1.2147211e-08,0.072491795,0.45434922,74.375,31.5
2025-12-15 02:30:00,7.4479553e-06,1.232911e-08,0.069282345,0.43464994,74.375,31.5
2025-12-15 03:30:00,7.2391017e-06,1.2591045e-08,0.06737397,0.42100736,74.375,31.5
2025-12-15 04:30:00,6.747541e-06,1.17615855e-08,0.06276554,0.39013025,74.375,31.5
2025-12-15 05:30:00,6.2385548e-06,1.0539225e-08,0.05797685,0.35744613,74.375,31.5
2025-12-15 06:30:00,6.4062942e-06,8.480129e-09,0.05950864,0.35503787,74.375,31.5
2025-12-15 07:30:00,6.046685e-06,6.890332e-09,0.05616921,0.33294654,74.375,31.5
2025-12-15 08:30:00,5.654964e-06,5.8844307e-09,0.052529883,0.31035754,74.375,31.5
2025-12-15 09:30:00,1.453181e-05,1.1797965e-08,0.1349264,0.7497528,74.375,31.5
2025-12-15 10:30:00,1.3719749e-05,1.1510565e-08,0.12736396,0.71339136,74.375,31.5
2025-12-15 11:30:00,1.3011904e-05,1.13032e-08,0.12083536,0.6826627,74.375,31.5
2025-12-15 12:30:00,1.2393733e-05,1.10740075e-08,0.11512487,0.6569739,74.375,31.5
2025-12-15 13:30:00,1.1738135e-05,1.0830263e-08,0.10904778,0.6280216,74.375,31.5
2025-12-15 14:30:00,1.1030696e-05,1.0630175e-08,0.10245291,0.594354,74.375,31.5
2025-12-15 15:30:00,1.0371785e-05,1.0495569e-08,0.09637913,0.5602212,74.375,31.5
2025-12-15 16:30:00,9.835807e-06,1.03900675e-08,0.09140599,0.5303081,74.375,31.5
2025-12-15 17:30:00,9.404551e-06,1.0251825e-08,0.08738623,0.505784,74.375,31.5
2025-12-15 18:30:00,9.006218e-06,1.0011719e-08,0.08376083,0.4845159,74.375,31.5
2025-12-15 19:30:00,8.653014e-06,9.691576e-09,0.080533355,0.46667576,74.375,31.5
2025-12-15 20:30:00,8.389043e-06,9.360521e-09,0.07809996,0.45376205,74.375,31.5
2025-12-15 21:30:00,8.156684e-06,9.054931e-09,0.07590422,0.44237643,74.375,31.5
2025-12-15 22:30:00,7.881478e-06,8.8002725e-09,0.07334539,0.42901775,74.375,31.5
2025-12-15 23:30:00,7.585897e-06,8.629288e-09,0.070605576,0.4154515,74.375,31.5
2025-12-16 00:30:00,7.281122e-06,8.534698e-09,0.06777562,0.400005,74.375,31.5
2025-12-16 01:30:00,6.9723665e-06,8.469215e-09,0.064915515,0.38424283,74.375,31.5
2025-12-16 02:30:00,6.614772e-06,8.385541e-09,0.06165845,0.36596194,74.375,31.5
2025-12-16 03:30:00,1.1662588e-05,1.5170373e-08,0.10882591,0.62994087,74.375,31.5
2025-12-16 04:30:00,1.1056068e-05,1.4508263e-08,0.10288133,0.58848375,74.375,31.5
2025-12-16 05:30:00,1.0289437e-05,1.3282265e-08,0.09562495,0.5385796,74.375,31.5
2025-12-16 06:30:00,9.29493e-06,1.0753866e-08,0.08632587,0.48010567,74.375,31.5
2025-12-16 07:30:00,8.252471e-06,8.28368e-09,0.07672204,0.42263964,74.375,31.5
2025-12-16 08:30:00,7.2532594e-06,6.670238e-09,0.067513034,0.3733349,74.375,31.5
2025-12-16 09:30:00,7.73986e-06,7.0958777e-09,0.072126746,0.3968567,74.375,31.5
2025-12-16 10:30:00,6.661592e-06,6.324626e-09,0.062164176,0.3489874,74.375,31.5
2025-12-16 11:30:00,5.7678385e-06,5.8844307e-09,0.05382899,0.30842927,74.375,31.5
2025-12-16 12:30:00,5.0638378e-06,5.529728e-09,0.04730028,0.2779438,74.375,31.5
2025-12-16 13:30:00,4.529254e-06,5.2677938e-09,0.042358167,0.25606203,74.375,31.5
2025-12-16 14:30:00,4.140148e-06,5.1295506e-09,0.0387876,0.24174683,74.375,31.5
2025-12-16 15:30:00,3.8480107e-06,5.138645e-09,0.036101483,0.230622,74.375,31.5
2025-12-16 16:30:00,3.6049503e-06,5.2459654e-09,0.033872027,0.22110766,74.375,31.5
2025-12-16 17:30:00,3.3993044e-06,5.3878466e-09,0.031991147,0.21392062,74.375,31.5
2025-12-16 18:30:00,3.2181422e-06,5.5333658e-09,0.03030702,0.20673668,74.375,31.5
2025-12-16 19:30:00,3.0413185e-06,5.637048e-09,0.028483659,0.19487667,74.375,31.5
2025-12-16 20:30:00,2.8764264e-06,5.709808e-09,0.026747422,0.18219827,74.375,31.5
2025-12-16 21:30:00,2.7593608e-06,5.789844e-09,0.025668247,0.17707992,74.375,31.5
2025-12-16 22:30:00,2.6964121e-06,5.8698806e-09,0.02508626,0.17514047,74.375,31.5
2025-12-16 23:30:00,2.64616e-06,5.888072e-09,0.024633272,0.17328268,74.375,31.5
2025-12-17 00:30:00,2.6220407e-06,5.8771548e-09,0.024432588,0.17281891,74.375,31.5
2025-12-17 01:30:00,2.626421e-06,5.8716987e-09,0.02448123,0.17338607,74.375,31.5
2025-12-17 02:30:00,2.6764335e-06,5.9280914e-09,0.024932986,0.17602074,74.375,31.5
2025-12-17 03:30:00,2.7947162e-06,5.991751e-09,0.025999494,0.18180929,74.375,31.5
2025-12-17 04:30:00,2.9451871e-06,5.7953007e-09,0.0273929,0.18942818,74.375,31.5
2025-12-17 05:30:00,3.1021461e-06,5.315089e-09,0.02895326,0.1995854,74.375,31.5
2025-12-17 06:30:00,4.4667754e-06,5.318725e-09,0.041773427,0.2808583,74.375,31.5
2025-12-17 07:30:00,4.4782823e-06,4.3928594e-09,0.042024862,0.28464755,74.375,31.5
2025-12-17 08:30:00,4.3542204e-06,3.9071892e-09,0.04098087,0.27982995,74.375,31.5
2025-12-17 09:30:00,4.2671472e-06,3.7143764e-09,0.04016893,0.27437198,74.375,31.5
2025-12-17 10:30:00,4.0216632e-06,3.632522e-09,0.037915595,0.25938475,74.375,31.5
2025-12-17 11:30:00,3.7673638e-06,3.747118e-09,0.035572384,0.24325715,74.375,31.5
2025-12-17 12:30:00,3.523509e-06,3.8598955e-09,0.0333333,0.22774872,74.375,31.5
2025-12-17 13:30:00,3.3285862e-06,3.976311e-09,0.03158046,0.21582823,74.375,31.5
2025-12-17 14:30:00,3.2186736e-06,4.120011e-09,0.030577023,0.20817333,74.375,31.5
2025-12-17 15:30:00,3.202475e-06,4.314643e-09,0.030443214,0.20574029,74.375,31.5
2025-12-17 16:30:00,3.2334717e-06,4.5656634e-09,0.030726334,0.20550501,74.375,31.5
2025-12-17 17:30:00,3.275901e-06,4.8712536e-09,0.031093678,0.20529114,74.375,31.5
2025-12-17 18:30:00,3.3281663e-06,5.2295945e-09,0.03159129,0.2069135,74.375,31.5
2025-12-17 19:30:00,3.3719425e-06,5.5933924e-09,0.03207082,0.20918195,74.375,31.5
2025-12-17 20:30:00,3.379851e-06,5.9098966e-09,0.032129318,0.20784351,74.375,31.5
2025-12-17 21:30:00,3.3476056e-06,6.164555e-09,0.031857368,0.2049302,74.375,31.5
2025-12-17 22:30:00,3.2986668e-06,6.373739e-09,0.031494707,0.2026239,74.375,31.5
2025-12-17 23:30:00,3.2519772e-06,6.5701897e-09,0.031113777,0.20025198,74.375,31.5
2025-12-18 00:30:00,3.2204696e-06,6.7811925e-09,0.030773856,0.19660823,74.375,31.5
2025-12-18 01:30:00,3.2434111e-06,7.041308e-09,0.030805986,0.19229282,74.375,31.5
2025-12-18 02:30:00,3.3353047e-06,7.365088e-09,0.03166096,0.19636068,74.375,31.5
2025-12-18 03:30:00,3.4364289e-06,7.672497e-09,0.032692105,0.20337601,74.375,31.5
2025-12-18 04:30:00,3.547379e-06,7.792551e-09,0.033758923,0.21044679,74.375,31.5
2025-12-18 05:30:00,3.6239028e-06,7.530617e-09,0.034494143,0.21497731,74.375,31.5
2025-12-18 06:30:00,3.6888891e-06,5.8953447e-09,0.035106603,0.21842022,74.375,31.5
2025-12-18 07:30:00,3.7689542e-06,4.0581654e-09,0.03589333,0.22247532,74.375,31.5
2025-12-18 08:30:00,3.7939865e-06,3.1641323e-09,0.03620935,0.22485359,74.375,31.5
2025-12-18 09:30:00,3.7488248e-06,2.966772e-09,0.035913598,0.22450893,74.375,31.5
2025-12-18 10:30:00,3.6814354e-06,3.0422604e-09,0.035172913,0.21711552,74.375,31.5
2025-12-18 11:30:00,3.619655e-06,3.2796388e-09,0.034405045,0.20839602,74.375,31.5
2025-12-18 12:30:00,3.570954e-06,3.5342964e-09,0.03389812,0.20473771,74.375,31.5
2025-12-18 13:30:00,3.5252244e-06,3.785317e-09,0.033475652,0.20209253,74.375,31.5
2025-12-18 14:30:00,3.490026e-06,4.0399755e-09,0.033234246,0.20226374,74.375,31.5
2025-12-18 15:30:00,3.476397e-06,4.316462e-09,0.033241432,0.20292424,74.375,31.5
2025-12-18 16:30:00,3.4997204e-06,4.640242e-09,0.033544887,0.20363617,74.375,31.5
2025-12-18 17:30:00,3.561653e-06,5.0276867e-09,0.034058176,0.20254532,74.375,31.5
2025-12-18 18:30:00,3.6308022e-06,5.4533302e-09,0.03449991,0.19867928,74.375,31.5
2025-12-18 19:30:00,3.6709705e-06,5.8571463e-09,0.03475831,0.19604544,74.375,31.5
2025-12-18 20:30:00,3.6706806e-06,6.2045733e-09,0.034896012,0.19808412,74.375,31.5
2025-12-18 21:30:00,3.6232145e-06,6.4683263e-09,0.034704298,0.20072311,74.375,31.5
2025-12-18 22:30:00,3.5457422e-06,6.664778e-09,0.03404994,0.19895883,74.375,31.5
2025-12-18 23:30:00,3.4747668e-06,6.8394015e-09,0.03334176,0.19492167,74.375,31.5
2025-12-19 00:30:00,3.4423044e-06,7.032213e-09,0.032996785,0.19283879,74.375,31.5
2025-12-19 01:30:00,3.417024e-06,7.230483e-09,0.032707114,0.19077213,74.375,31.5
2025-12-19 02:30:00,3.3611614e-06,7.3996502e-09,0.032110643,0.1871879,74.375,31.5
2025-12-19 03:30:00,3.3044646e-06,7.570634e-09,0.031560734,0.18492828,74.375,31.5
2025-12-19 04:30:00,3.2572677e-06,7.581548e-09,0.03110141,0.18432346,74.375,31.5
2025-12-19 05:30:00,3.201388e-06,7.2486728e-09,0.030576266,0.18506697,74.375,31.5
2025-12-19 06:30:00,3.852241e-06,7.930794e-09,0.036720913,0.22184362,74.375,31.5
2025-12-19 07:30:00,3.8065475e-06,7.2977864e-09,0.036355663,0.22487736,74.375,31.5
2025-12-19 08:30:00,3.7569334e-06,6.9449038e-09,0.035895158,0.22596356,74.375,31.5
2025-12-19 09:30:00,7.714945e-06,1.3882527e-08,0.07272768,0.4219769,74.375,31.5
2025-12-19 10:30:00,7.4524214e-06,1.3511453e-08,0.070073575,0.40590245,74.375,31.5
2025-12-19 11:30:00,7.1562013e-06,1.3096724e-08,0.067143284,0.3873944,74.375,31.5
2025-12-19 12:30:00,6.846899e-06,1.2674718e-08,0.06433045,0.37395042,74.375,31.5
2025-12-19 13:30:00,6.5581107e-06,1.236549e-08,0.06170164,0.36014834,74.375,31.5
2025-12-19 14:30:00,6.330822e-06,1.2267265e-08,0.059565626,0.3462561,74.375,31.5
2025-12-19 15:30:00,6.165001e-06,1.2409147e-08,0.057998035,0.33498007,74.375,31.5
2025-12-19 16:30:00,6.0812636e-06,1.2751117e-08,0.0571773,0.32745045,74.375,31.5
2025-12-19 17:30:00,6.1168057e-06,1.3234968e-08,0.05751686,0.3267265,74.375,31.5
2025-12-19 18:30:00,6.2362333e-06,1.3740646e-08,0.05864206,0.3299035,74.375,31.5
2025-12-19 19:30:00,6.309052e-06,1.4071702e-08,0.059291832,0.32918572,74.375,31.5
2025-12-19 20:30:00,6.301846e-06,1.4202669e-08,0.059247606,0.32601658,74.375,31.5
2025-12-19 21:30:00,6.2278123e-06,1.4217221e-08,0.058697045,0.32351348,74.375,31.5
2025-12-19 22:30:00,6.1645933e-06,1.4231773e-08,0.058132578,0.31958356,74.375,31.5
2025-12-19 23:30:00,6.103302e-06,1.4231773e-08,0.057556707,0.31564504,74.375,31.5
2025-12-20 00:30:00,5.963658e-06,1.4144462e-08,0.056223527,0.3075762,74.375,31.5
2025-12-20 01:30:00,5.723669e-06,1.3955287e-08,0.053850807,0.2939115,74.375,31.5
2025-12-20 02:30:00,5.4481998e-06,1.3718819e-08,0.05126855,0.2819759,74.375,31.5
2025-12-20 03:30:00,5.2280634e-06,1.3420504e-08,0.049300477,0.27516207,74.375,31.5
2025-12-20 04:30:00,5.0307767e-06,1.2467354e-08,0.047554594,0.27063367,74.375,31.5
2025-12-20 05:30:00,4.8410852e-06,1.0961232e-08,0.045835644,0.2646796,74.375,31.5
2025-12-20 06:30:00,4.71035e-06,8.509232e-09,0.044703413,0.26216626,74.375,31.5
2025-12-20 07:30:00,4.6182204e-06,6.5683707e-09,0.04389524,0.2606088,74.375,31.5
2025-12-20 08:30:00,4.5537126e-06,5.6152207e-09,0.043379553,0.26259172,74.375,31.5
2025-12-20 09:30:00,4.493891e-06,5.3660187e-09,0.04286749,0.2649824,74.375,31.5
2025-12-20 10:30:00,4.464204e-06,5.460606e-09,0.042625293,0.26853326,74.375,31.5
2025-12-20 11:30:00,4.427252e-06,5.5697456e-09,0.042338457,0.27189386,74.375,31.5
2025-12-20 12:30:00,4.4083604e-06,5.5879354e-09,0.042214077,0.27528483,74.375,31.5
2025-12-20 13:30:00,4.3828054e-06,5.5551936e-09,0.041923743,0.2743918,74.375,31.5
2025-12-20 14:30:00,4.344777e-06,5.5661076e-09,0.041521743,0.27220392,74.375,31.5
2025-12-20 15:30:00,4.3550235e-06,5.6916187e-09,0.0416244,0.27216336,74.375,31.5
2025-12-20 16:30:00,4.463128e-06,5.9098983e-09,0.042639617,0.2772376,74.375,31.5
2025-12-20 17:30:00,4.6522546e-06,6.1645573e-09,0.044415176,0.28629103,74.375,31.5
2025-12-20 18:30:00,4.851947e-06,6.3973857e-09,0.046203602,0.29613224,74.375,31.5
2025-12-20 19:30:00,5.015377e-06,6.6083885e-09,0.047781013,0.30928323,74.375,31.5
2025-12-20 20:30:00,5.1316124e-06,6.801202e-09,0.048980884,0.3226777,74.375,31.5
2025-12-20 21:30:00,5.1566835e-06,6.957635e-09,0.049295668,0.3308644,74.375,31.5
2025-12-20 22:30:00,5.125885e-06,7.0886026e-09,0.049043328,0.33781135,74.375,31.5
2025-12-20 23:30:00,5.049215e-06,7.2031994e-09,0.04847947,0.3448785,74.375,31.5
2025-12-21 00:30:00,4.9524483e-06,7.3014275e-09,0.04783858,0.35280752,74.375,31.5
2025-12-21 01:30:00,4.8631796e-06,7.3923876e-09,0.04728861,0.36303028,74.375,31.5
2025-12-21 02:30:00,4.822092e-06,7.501528e-09,0.047036428,0.36991456,74.375,31.5
2025-12-21 03:30:00,5.0659405e-06,7.916242e-09,0.049272865,0.3874272,74.375,31.5
2025-12-21 04:30:00,5.1425573e-06,7.6433935e-09,0.049503885,0.3865748,74.375,31.5
2025-12-21 05:30:00,5.2063574e-06,6.766642e-09,0.04966647,0.3867836,74.375,31.5
2025-12-21 06:30:00,5.289246e-06,5.0713425e-09,0.050068382,0.38648918,74.375,31.5
2025-12-21 07:30:00,5.422332e-06,4.5783963e-09,0.05114923,0.3948308,74.375,31.5
2025-12-21 08:30:00,5.5350793e-06,4.147296e-09,0.05218528,0.40258214,74.375,31.5
2025-12-21 09:30:00,5.5950077e-06,3.9835872e-09,0.052721042,0.40661088,74.375,31.5
2025-12-21 10:30:00,5.600004e-06,4.0417953e-09,0.05270793,0.40468436,74.375,31.5
2025-12-21 11:30:00,5.5866067e-06,4.3328345e-09,0.05252285,0.40090546,74.375,31.5
2025-12-21 12:30:00,5.5683795e-06,4.7039066e-09,0.052506424,0.40137094,74.375,31.5
2025-12-21 13:30:00,5.525144e-06,5.0513336e-09,0.05221735,0.40062085,74.375,31.5
2025-12-21 14:30:00,5.4818242e-06,5.3587432e-09,0.052003402,0.40179107,74.375,31.5
2025-12-21 15:30:00,5.4533434e-06,5.664333e-09,0.05203768,0.4062893,74.375,31.5
2025-12-21 16:30:00,5.4124966e-06,5.993571e-09,0.051941194,0.40971807,74.375,31.5
2025-12-21 17:30:00,5.372315e-06,6.35919e-09,0.051709503,0.41037974,74.375,31.5
2025-12-21 18:30:00,5.365904e-06,6.7684596e-09,0.051816307,0.41309538,74.375,31.5
2025-12-21 19:30:00,5.3959016e-06,7.2341213e-09,0.05210885,0.41204658,74.375,31.5
2025-12-21 20:30:00,5.4555967e-06,7.737983e-09,0.052627586,0.4089602,74.375,31.5
2025-12-21 21:30:00,5.548728e-06,8.229108e-09,0.053320076,0.40675208,74.375,31.5
2025-12-21 22:30:00,5.643777e-06,8.6729415e-09,0.054009072,0.40240458,74.375,31.5
2025-12-21 23:30:00,5.69977e-06,9.044015e-09,0.05435288,0.39771917,74.375,31.5
2025-12-22 00:30:00,5.71497e-06,9.3568815e-09,0.05434377,0.39303,74.375,31.5
2025-12-22 01:30:00,5.679589e-06,9.644283e-09,0.05384928,0.38677394,74.375,31.5
2025-12-22 02:30:00,5.5971286e-06,9.935322e-09,0.05305517,0.38408408,74.375,31.5
2025-12-22 03:30:00,5.454917e-06,9.982614e-09,0.051759798,0.38162744,74.375,31.5
2025-12-22 04:30:00,5.253379e-06,9.207726e-09,0.04997768,0.3811419,74.375,31.5
2025-12-22 05:30:00,5.112801e-06,6.833949e-09,0.048790183,0.3848062,74.375,31.5
2025-12-22 06:30:00,6.861351e-06,6.7775545e-09,0.06600932,0.53210425,74.375,31.5
2025-12-22 07:30:00,7.1201403e-06,6.1245373e-09,0.06942112,0.584995,74.375,31.5
2025-12-22 08:30:00,7.517602e-06,5.5151763e-09,0.07463745,0.65277547,74.375,31.5
2025-12-22 09:30:00,9.657787e-06,6.328264e-09,0.096911795,0.85237175,74.375,31.5
2025-12-22 10:30:00,9.785347e-06,6.2973413e-09,0.09838748,0.8524978,74.375,31.5
2025-12-22 11:30:00,9.852782e-06,6.410119e-09,0.0989079,0.8429374,74.375,31.5
2025-12-22 12:30:00,9.85615e-06,6.490154e-09,0.09839236,0.8263604,74.375,31.5
2025-12-22 13:30:00,9.846888e-06,6.486516e-09,0.0971765,0.79767686,74.375,31.5
2025-12-22 14:30:00,9.8564005e-06,6.4246706e-09,0.09645009,0.77317125,74.375,31.5
2025-12-22 15:30:00,9.876318e-06,6.3046173e-09,0.09616925,0.7579257,74.375,31.5
2025-12-22 16:30:00,9.963209e-06,6.1154424e-09,0.09697246,0.76294726,74.375,31.5
2025-12-22 17:30:00,1.0042309e-05,5.8389564e-09,0.09776774,0.76771885,74.375,31.5
2025-12-22 18:30:00,1.0039058e-05,5.4915295e-09,0.09807831,0.7751054,74.375,31.5
2025-12-22 19:30:00,9.964341e-06,5.1259126e-09,0.097334675,0.77100414,74.375,31.5
2025-12-22 20:30:00,9.796506e-06,4.7984954e-09,0.095649704,0.75962603,74.375,31.5
2025-12-22 21:30:00,9.486388e-06,4.5529323e-09,0.09257169,0.73685086,74.375,31.5
2025-12-22 22:30:00,9.077042e-06,4.4110515e-09,0.08806307,0.69676924,74.375,31.5
2025-12-22 23:30:00,8.526491e-06,4.365577e-09,0.08178314,0.640893,74.375,31.5
2025-12-23 00:30:00,7.840473e-06,4.3910404e-09,0.07420729,0.574212,74.375,31.5
2025-12-23 01:30:00,7.1321806e-06,4.465619e-09,0.06687454,0.51314116,74.375,31.5
2025-12-23 02:30:00,6.4402248e-06,4.5674824e-09,0.060268782,0.45994648,74.375,31.5
2025-12-23 03:30:00,6.402156e-06,5.1077222e-09,0.059913673,0.4569938,74.375,31.5
2025-12-23 04:30:00,5.845719e-06,4.9039954e-09,0.05455395,0.4174535,74.375,31.5
2025-12-23 05:30:00,5.3311014e-06,4.0508894e-09,0.04958409,0.37964225,74.375,31.5
2025-12-23 06:30:00,4.8671463e-06,2.8094291e-09,0.045227468,0.34936962,74.375,31.5
2025-12-23 07:30:00,4.490028e-06,2.5374902e-09,0.04172916,0.32342115,74.375,31.5
2025-12-23 08:30:00,4.091465e-06,2.3192115e-09,0.03802348,0.2927043,74.375,31.5
2025-12-23 09:30:00,8.01815e-06,4.960384e-09,0.07449261,0.5496388,74.375,31.5
2025-12-23 10:30:00,7.4066725e-06,4.7530193e-09,0.06877497,0.50187767,74.375,31.5
2025-12-23 11:30:00,6.8550726e-06,4.7675712e-09,0.06364978,0.46224228,74.375,31.5
2025-12-23 12:30:00,6.35403e-06,4.7602953e-09,0.05899592,0.4293441,74.375,31.5
2025-12-23 13:30:00,5.9027016e-06,4.7166395e-09,0.054803792,0.4022956,74.375,31.5
2025-12-23 14:30:00,5.5184187e-06,4.669346e-09,0.051241346,0.38193187,74.375,31.5
2025-12-23 15:30:00,5.1605216e-06,4.649337e-09,0.047921434,0.36258227,74.375,31.5
2025-12-23 16:30:00,4.8085817e-06,4.6766218e-09,0.044639725,0.34189937,74.375,31.5
2025-12-23 17:30:00,4.4867525e-06,4.7584763e-09,0.041656714,0.32075384,74.375,31.5
2025-12-23 18:30:00,4.235981e-06,4.8821676e-09,0.03933284,0.3033688,74.375,31.5
2025-12-23 19:30:00,4.044931e-06,5.018592e-09,0.037558306,0.28969064,74.375,31.5
2025-12-23 20:30:00,3.874195e-06,5.1168176e-09,0.035976313,0.2770623,74.375,31.5
2025-12-23 21:30:00,3.6637996e-06,5.1259135e-09,0.034041863,0.26188606,74.375,31.5
2025-12-23 22:30:00,3.4386123e-06,5.087715e-09,0.031964384,0.24537058,74.375,31.5
2025-12-23 23:30:00,3.237794e-06,5.071345e-09,0.030114794,0.23036835,74.375,31.5
2025-12-24 00:30:00,3.0693361e-06,5.0804374e-09,0.028579272,0.21701083,74.375,31.5
2025-12-24 01:30:00,2.9156956e-06,5.0840754e-09,0.02719199,0.20443572,74.375,31.5
2025-12-24 02:30:00,2.7652309e-06,5.0786184e-09,0.025828578,0.19205,74.375,31.5
2025-12-24 03:30:00,2.6195037e-06,4.9349183e-09,0.02443728,0.17934091,74.375,31.5
2025-12-24 04:30:00,2.4787162e-06,4.5838533e-09,0.02306543,0.1669952,74.375,31.5
2025-12-24 05:30:00,2.3502648e-06,3.4942786e-09,0.021880342,0.15604174,74.375,31.5
2025-12-24 06:30:00,2.4330839e-06,2.224624e-09,0.022672752,0.15816183,74.375,31.5
2025-12-24 07:30:00,2.2321076e-06,1.7330423e-09,0.020844651,0.14485708,74.375,31.5
2025-12-24 08:30:00,2.0235766e-06,1.4929357e-09,0.01894461,0.13102715,74.375,31.5
2025-12-24 09:30:00,1.8444638e-06,1.344688e-09,0.01728402,0.11918603,74.375,31.5
2025-12-24 10:30:00,1.7076158e-06,1.2951206e-09,0.015989996,0.10982394,74.375,31.5
2025-12-24 11:30:00,1.5890305e-06,1.4319996e-09,0.014848281,0.10086737,74.375,31.5
2025-12-24 12:30:00,1.4797911e-06,1.6193555e-09,0.013793727,0.09216381,74.375,31.5
2025-12-24 13:30:00,1.3982615e-06,1.8121684e-09,0.013034587,0.085949495,74.375,31.5
2025-12-24 14:30:00,1.3511935e-06,2.0318116e-09,0.012591249,0.08185348,74.375,31.5
2025-12-24 15:30:00,1.3371796e-06,2.3010216e-09,0.012432186,0.078966945,74.375,31.5
2025-12-24 16:30:00,1.3451194e-06,2.6184352e-09,0.012568245,0.078804955,74.375,31.5
2025-12-24 17:30:00,1.3479362e-06,2.9367586e-09,0.012710645,0.079771906,74.375,31.5
2025-12-24 18:30:00,1.3580303e-06,3.2441676e-09,0.012782609,0.07736067,74.375,31.5
2025-12-24 19:30:00,1.3755534e-06,3.533387e-09,0.0128144035,0.07313561,74.375,31.5
2025-12-24 20:30:00,1.3970068e-06,3.805326e-09,0.013055935,0.07395378,74.375,31.5
2025-12-24 21:30:00,1.4360919e-06,4.089088e-09,0.013539375,0.07818398,74.375,31.5
2025-12-24 22:30:00,1.4799879e-06,4.3582986e-09,0.013878142,0.07750052,74.375,31.5
2025-12-24 23:30:00,1.4979694e-06,4.5474735e-09,0.013980972,0.07594297,74.375,31.5
2025-12-25 00:30:00,1.4890795e-06,4.654794e-09,0.01392963,0.07536024,74.375,31.5
2025-12-25 01:30:00,1.4784987e-06,4.7457434e-09,0.013840947,0.074464776,74.375,31.5
2025-12-25 02:30:00,1.4889054e-06,4.9076334e-09,0.013892966,0.07325696,74.375,31.5
2025-12-25 03:30:00,1.523235e-06,5.0986273e-09,0.014226624,0.07459518,74.375,31.5
2025-12-25 04:30:00,1.51918e-06,4.8912625e-09,0.014150248,0.07372998,74.375,31.5
2025-12-25 05:30:00,1.4910556e-06,2.9413059e-09,0.013855877,0.07106259,74.375,31.5
2025-12-25 06:30:00,2.792689e-06,2.3301254e-09,0.025939919,0.13540158,74.375,31.5
2025-12-25 07:30:00,2.6935525e-06,2.0527295e-09,0.025138421,0.13270009,74.375,31.5
2025-12-25 08:30:00,2.6277874e-06,1.9299478e-09,0.024690673,0.13327846,74.375,31.5
2025-12-25 09:30:00,4.410281e-06,3.1923264e-09,0.041231386,0.2114414,74.375,31.5
2025-12-25 10:30:00,4.198332e-06,3.1386662e-09,0.039270435,0.20109148,74.375,31.5
2025-12-25 11:30:00,3.935791e-06,3.2587195e-09,0.03705873,0.19305128,74.375,31.5
2025-12-25 12:30:00,3.733653e-06,3.4087861e-09,0.03507244,0.1803153,74.375,31.5
2025-12-25 13:30:00,3.5624919e-06,3.5597623e-09,0.03344339,0.17090462,74.375,31.5
2025-12-25 14:30:00,3.4716204e-06,3.7362042e-09,0.032748446,0.16907479,74.375,31.5
2025-12-25 15:30:00,3.4143045e-06,3.939931e-09,0.032130275,0.16421942,74.375,31.5
2025-12-25 16:30:00,3.390485e-06,4.1818566e-09,0.031924725,0.16310874,74.375,31.5
2025-12-25 17:30:00,3.3979438e-06,4.469257e-09,0.03200183,0.16315246,74.375,31.5
2025-12-25 18:30:00,3.4924442e-06,4.825779e-09,0.032909077,0.16717823,74.375,31.5
2025-12-25 19:30:00,3.6073288e-06,5.2241376e-09,0.034281053,0.1781846,74.375,31.5
2025-12-25 20:30:00,3.741549e-06,5.644324e-09,0.035739116,0.18965298,74.375,31.5
2025-12-25 21:30:00,3.82627e-06,6.033588e-09,0.036426064,0.19134583,74.375,31.5
2025-12-25 22:30:00,3.838766e-06,6.364644e-09,0.036494933,0.19102202,74.375,31.5
2025-12-25 23:30:00,3.957982e-06,6.7520887e-09,0.03761335,0.19662061,74.375,31.5
2025-12-26 00:30:00,4.1390094e-06,7.18137e-09,0.03935222,0.20590794,74.375,31.5
2025-12-26 01:30:00,4.202277e-06,7.508788e-09,0.039999347,0.21055928,74.375,31.5
2025-12-26 02:30:00,4.192753e-06,7.759809e-09,0.03972606,0.2067868,74.375,31.5
2025-12-26 03:30:00,5.334717e-06,9.8734745e-09,0.050172944,0.2524669,74.375,31.5
2025-12-26 04:30:00,5.2268124e-06,9.3568815e-09,0.049017474,0.24657512,74.375,31.5
2025-12-26 05:30:00,5.1262978e-06,7.203198e-09,0.047799286,0.23758574,74.375,31.5
2025-12-26 06:30:00,5.0019335e-06,4.110916e-09,0.046479613,0.22968967,74.375,31.5
2025-12-26 07:30:00,4.8865368e-06,3.346031e-09,0.04536863,0.22453901,74.375,31.5
2025-12-26 08:30:00,4.802459e-06,3.1077434e-09,0.044598922,0.22118795,74.375,31.5
2025-12-26 09:30:00,4.7041685e-06,2.9885996e-09,0.043672666,0.21740896,74.375,31.5
2025-12-26 10:30:00,4.5957318e-06,3.0349838e-09,0.042680643,0.21270078,74.375,31.5
2025-12-26 11:30:00,4.4692047e-06,3.2587195e-09,0.041521173,0.20634541,74.375,31.5
2025-12-26 12:30:00,4.5962747e-06,3.7225618e-09,0.042715926,0.21090956,74.375,31.5
2025-12-26 13:30:00,4.5312645e-06,3.9981387e-09,0.042158797,0.20765734,74.375,31.5
2025-12-26 14:30:00,4.5443057e-06,4.272806e-09,0.04233642,0.2085213,74.375,31.5
2025-12-26 15:30:00,4.5912984e-06,4.5492925e-09,0.042778637,0.2103965,74.375,31.5
2025-12-26 16:30:00,4.5862334e-06,4.813046e-09,0.04272705,0.20922147,74.375,31.5
2025-12-26 17:30:00,4.5473384e-06,5.0822564e-09,0.042356297,0.20650917,74.375,31.5
2025-12-26 18:30:00,4.5380925e-06,5.3933036e-09,0.042287733,0.20525573,74.375,31.5
2025-12-26 19:30:00,4.5757242e-06,5.7607394e-09,0.04260992,0.20513277,74.375,31.5
2025-12-26 20:30:00,4.6226914e-06,6.171831e-09,0.04303443,0.20499934,74.375,31.5
2025-12-26 21:30:00,4.610368e-06,6.5829227e-09,0.042875506,0.2016388,74.375,31.5
2025-12-26 22:30:00,4.505934e-06,6.9449015e-09,0.041868158,0.1949067,74.375,31.5
2025-12-26 23:30:00,4.3483055e-06,7.2559487e-09,0.040379297,0.18681788,74.375,31.5
2025-12-27 00:30:00,4.194405e-06,7.545168e-09,0.038946968,0.18024714,74.375,31.5
2025-12-27 01:30:00,4.0794866e-06,7.8143785e-09,0.037907153,0.17656006,74.375,31.5
2025-12-27 02:30:00,4.0227883e-06,8.069037e-09,0.037413444,0.17655963,74.375,31.5
2025-12-27 03:30:00,4.0266095e-06,8.232746e-09,0.037524235,0.18054327,74.375,31.5
2025-12-27 04:30:00,4.027033e-06,7.879862e-09,0.037668947,0.18663439,74.375,31.5
2025-12-27 05:30:00,4.0112504e-06,6.519258e-09,0.037650142,0.191352,74.375,31.5
2025-12-27 06:30:00,3.9430306e-06,3.8580765e-09,0.037042093,0.19165008,74.375,31.5
2025-12-27 07:30:00,3.8463427e-06,3.389687e-09,0.03610212,0.18930708,74.375,31.5
2025-12-27 08:30:00,3.7373213e-06,3.207788e-09,0.035067335,0.18657663,74.375,31.5
2025-12-27 09:30:00,7.6073716e-06,6.0863385e-09,0.071036085,0.38147825,74.375,31.5
2025-12-27 10:30:00,7.4163345e-06,6.2755134e-09,0.06925907,0.37497684,74.375,31.5
2025-12-27 11:30:00,7.215338e-06,6.58838e-09,0.06736026,0.36645877,74.375,31.5
2025-12-27 12:30:00,7.0610395e-06,6.8830563e-09,0.06596004,0.3585658,74.375,31.5
2025-12-27 13:30:00,6.9794655e-06,7.1468103e-09,0.06517688,0.3541786,74.375,31.5
2025-12-27 14:30:00,6.9460484e-06,7.394193e-09,0.064794846,0.3543076,74.375,31.5
2025-12-27 15:30:00,6.8904865e-06,7.6361175e-09,0.06423657,0.35599017,74.375,31.5
2025-12-27 16:30:00,6.77157e-06,7.876224e-09,0.06311087,0.3538618,74.375,31.5
2025-12-27 17:30:00,6.6299417e-06,8.1345215e-09,0.06174856,0.34721586,74.375,31.5
2025-12-27 18:30:00,6.530869e-06,8.418283e-09,0.06079595,0.34377164,74.375,31.5
2025-12-27 19:30:00,6.4886835e-06,8.734787e-09,0.060384177,0.34827253,74.375,31.5
2025-12-27 20:30:00,6.5234713e-06,9.091309e-09,0.060705364,0.35826862,74.375,31.5
2025-12-27 21:30:00,6.5820386e-06,9.462383e-09,0.061228137,0.36373606,74.375,31.5
2025-12-27 22:30:00,6.598457e-06,9.811629e-09,0.06134084,0.36025774,74.375,31.5
2025-12-27 23:30:00,6.5880963e-06,1.0131772e-08,0.061216097,0.35147727,74.375,31.5
2025-12-28 00:30:00,6.552393e-06,1.040462e-08,0.060871713,0.3421482,74.375,31.5
2025-12-28 01:30:00,6.470885e-06,1.0626538e-08,0.060091406,0.33191365,74.375,31.5
2025-12-28 02:30:00,6.402248e-06,1.0837541e-08,0.05946238,0.32607043,74.375,31.5
2025-12-28 03:30:00,9.047318e-06,1.5585101e-08,0.08403264,0.44756973,74.375,31.5
2025-12-28 04:30:00,9.0317935e-06,1.44827945e-08,0.08398349,0.4504788,74.375,31.5
2025-12-28 05:30:00,8.882258e-06,1.14014265e-08,0.08273431,0.447772,74.375,31.5
2025-12-28 06:30:00,8.690319e-06,7.999917e-09,0.08102787,0.44158342,74.375,31.5
2025-12-28 07:30:00,8.466572e-06,7.272322e-09,0.0789225,0.43162543,74.375,31.5
2025-12-28 08:30:00,8.299099e-06,6.9285333e-09,0.07737042,0.4247776,74.375,31.5
2025-12-28 09:30:00,8.57094e-06,7.059499e-09,0.07994149,0.44030973,74.375,31.5
2025-12-28 10:30:00,8.522966e-06,7.1358985e-09,0.07951687,0.44100404,74.375,31.5
2025-12-28 11:30:00,8.421353e-06,7.3832807e-09,0.07863157,0.43844506,74.375,31.5
2025-12-28 12:30:00,8.30971e-06,7.628842e-09,0.077624075,0.4400636,74.375,31.5
2025-12-28 13:30:00,8.295217e-06,7.850758e-09,0.07768245,0.45705813,74.375,31.5
2025-12-28 14:30:00,8.325796e-06,8.039933e-09,0.07806561,0.4714535,74.375,31.5
2025-12-28 15:30:00,8.233528e-06,8.192729e-09,0.07712388,0.46703136,74.375,31.5
2025-12-28 16:30:00,8.077345e-06,8.34189e-09,0.07550953,0.4522615,74.375,31.5
2025-12-28 17:30:00,7.981568e-06,8.509241e-09,0.07449608,0.44265273,74.375,31.5
2025-12-28 18:30:00,7.949921e-06,8.723875e-09,0.0741378,0.4384817,74.375,31.5
2025-12-28 19:30:00,7.9528645e-06,8.989448e-09,0.07410653,0.43569306,74.375,31.5
2025-12-28 20:30:00,7.930973e-06,9.2768495e-09,0.07384317,0.43026164,74.375,31.5
2025-12-28 21:30:00,7.806706e-06,9.553337e-09,0.07267536,0.42130572,74.375,31.5
2025-12-28 22:30:00,7.5847706e-06,9.82255e-09,0.07061658,0.40794474,74.375,31.5
2025-12-28 23:30:00,7.2503603e-06,1.0099042e-08,0.06751114,0.3875649,74.375,31.5
2025-12-29 00:30:00,6.8417453e-06,1.0400992e-08,0.06368544,0.3623938,74.375,31.5
2025-12-29 01:30:00,6.4485257e-06,1.0735683e-08,0.060083974,0.3398005,74.375,31.5
2025-12-29 02:30:00,6.1206433e-06,1.1081295e-08,0.05717526,0.3228606,74.375,31.5
2025-12-29 03:30:00,5.87175e-06,1.1328667e-08,0.054889794,0.30872387,74.375,31.5
2025-12-29 04:30:00,5.603623e-06,1.0888474e-08,0.05239471,0.29325515,74.375,31.5
2025-12-29 05:30:00,5.2982336e-06,9.189541e-09,0.04954083,0.27512464,74.375,31.5
2025-12-29 06:30:00,5.082446e-06,5.195034e-09,0.047530554,0.261784,74.375,31.5
2025-12-29 07:30:00,4.96303e-06,4.3892245e-09,0.04643523,0.25601166,74.375,31.5
2025-12-29 08:30:00,4.878576e-06,4.067268e-09,0.0456149,0.25154153,74.375,31.5
2025-12-29 09:30:00,6.631281e-06,5.537006e-09,0.061833676,0.3288784,74.375,31.5
2025-12-29 10:30:00,6.353895e-06,5.4624314e-09,0.05933694,0.3188473,74.375,31.5
2025-12-29 11:30:00,6.048766e-06,5.5424683e-09,0.056629557,0.30899635,74.375,31.5
2025-12-29 12:30:00,5.7476577e-06,5.6206777e-09,0.053892244,0.30026752,74.375,31.5
2025-12-29 13:30:00,5.4942066e-06,5.7025353e-09,0.051571853,0.29572183,74.375,31.5
2025-12-29 14:30:00,5.274905e-06,5.8080483e-09,0.049467035,0.29074967,74.375,31.5
2025-12-29 15:30:00,5.0561557e-06,5.9371814e-09,0.04735197,0.28469712,74.375,31.5
2025-12-29 16:30:00,4.7998797e-06,6.0790635e-09,0.044857893,0.2685153,74.375,31.5
2025-12-29 17:30:00,4.7385097e-06,6.30098e-09,0.044203404,0.25868765,74.375,31.5
2025-12-29 18:30:00,4.9122536e-06,6.6083885e-09,0.045843434,0.26924968,74.375,31.5
2025-12-29 19:30:00,4.9846763e-06,6.884875e-09,0.046658188,0.2824298,74.375,31.5
2025-12-29 20:30:00,4.9477035e-06,7.135896e-09,0.046433818,0.28695053,74.375,31.5
2025-12-29 21:30:00,4.904881e-06,7.412382e-09,0.046087537,0.28584656,74.375,31.5
2025-12-29 22:30:00,4.8730967e-06,7.719791e-09,0.045932107,0.28840947,74.375,31.5
2025-12-29 23:30:00,4.8003803e-06,8.032657e-09,0.045345187,0.28643805,74.375,31.5
2025-12-30 00:30:00,4.7066396e-06,8.3200575e-09,0.044529427,0.28163064,74.375,31.5
2025-12-30 01:30:00,4.5941847e-06,8.534698e-09,0.043424506,0.27389488,74.375,31.5
2025-12-30 02:30:00,4.549436e-06,8.742063e-09,0.042945344,0.26936114,74.375,31.5
2025-12-30 03:30:00,4.631685e-06,9.0112735e-09,0.043731913,0.27328002,74.375,31.5
2025-12-30 04:30:00,4.7065064e-06,9.098585e-09,0.04445119,0.2751458,74.375,31.5
2025-12-30 05:30:00,4.7353624e-06,8.62201e-09,0.044527918,0.2652999,74.375,31.5
2025-12-30 06:30:00,5.079202e-06,6.6065695e-09,0.047418464,0.26206142,74.375,31.5
2025-12-30 07:30:00,5.1620077e-06,4.127287e-09,0.04802403,0.2535008,74.375,31.5
2025-12-30 08:30:00,5.290263e-06,3.4769982e-09,0.04924406,0.2565442,74.375,31.5
2025-12-30 09:30:00,5.4380566e-06,3.399692e-09,0.05062921,0.26456505,74.375,31.5
2025-12-30 10:30:00,5.4742054e-06,3.4624474e-09,0.05091789,0.26562655,74.375,31.5
2025-12-30 11:30:00,5.369574e-06,3.6216092e-09,0.04989081,0.25798747,74.375,31.5
2025-12-30 12:30:00,5.20342e-06,3.76167e-09,0.048312865,0.24852951,74.375,31.5
2025-12-30 13:30:00,5.027539e-06,3.8853614e-09,0.046688642,0.23980202,74.375,31.5
2025-12-30 14:30:00,4.888842e-06,4.001777e-09,0.04538012,0.23336108,74.375,31.5
2025-12-30 15:30:00,4.8519923e-06,4.12183e-09,0.0450663,0.23274173,74.375,31.5
2025-12-30 16:30:00,4.994803e-06,4.267349e-09,0.04644947,0.24206705,74.375,31.5
2025-12-30 17:30:00,5.3052904e-06,4.4528865e-09,0.049391486,0.2595996,74.375,31.5
2025-12-30 18:30:00,5.6268486e-06,4.6784407e-09,0.05237337,0.27579316,74.375,31.5
2025-12-30 19:30:00,6.140925e-06,5.0167728e-09,0.057064526,0.3018407,74.375,31.5
2025-12-30 20:30:00,6.852173e-06,5.5006244e-09,0.063646585,0.3436035,74.375,31.5
2025-12-30 21:30:00,7.2043235e-06,5.9408203e-09,0.06699123,0.36777326,74.375,31.5
2025-12-30 22:30:00,7.265802e-06,6.282791e-09,0.06758669,0.3743118,74.375,31.5
2025-12-30 23:30:00,7.23758e-06,6.575648e-09,0.06735934,0.37662345,74.375,31.5
2025-12-31 00:30:00,7.19255e-06,6.883056e-09,0.06700925,0.3772041,74.375,31.5
2025-12-31 01:30:00,7.0983924e-06,7.212293e-09,0.06613651,0.3727845,74.375,31.5
2025-12-31 02:30:00,7.000609e-06,7.516064e-09,0.06526211,0.36751962,74.375,31.5
2025-12-31 03:30:00,7.018322e-06,7.683411e-09,0.06546456,0.3701763,74.375,31.5
2025-12-31 04:30:00,7.1467844e-06,7.3414412e-09,0.06667662,0.38067108,74.375,31.5
2025-12-31 05:30:00,7.3186807e-06,5.8589653e-09,0.06834004,0.39744875,74.375,31.5
2025-12-31 06:30:00,7.5258813e-06,4.480171e-09,0.07035854,0.41914946,74.375,31.5
2025-12-31 07:30:00,7.748865e-06,3.974492e-09,0.07253983,0.44614494,74.375,31.5
2025-12-31 08:30:00,7.953138e-06,3.7998693e-09,0.07453188,0.47505447,74.375,31.5
2025-12-31 09:30:00,8.123397e-06,3.750756e-09,0.076142766,0.49963325,74.375,31.5
2025-12-31 10:30:00,8.309278e-06,3.8089643e-09,0.077830985,0.52285624,74.375,31.5
2025-12-31 11:30:00,8.515028e-06,3.9872257e-09,0.079678565,0.5476801,74.375,31.5
2025-12-31 12:30:00,8.754026e-06,4.1909516e-09,0.081857674,0.57726663,74.375,31.5
2025-12-31 13:30:00,8.929578e-06,4.3492037e-09,0.0836562,0.6084688,74.375,31.5
2025-12-31 14:30:00,9.101943e-06,4.480171e-09,0.08593549,0.6499628,74.375,31.5
2025-12-31 15:30:00,9.270054e-06,4.622052e-09,0.08863829,0.6982424,74.375,31.5
2025-12-31 16:30:00,9.393851e-06,4.7893995e-09,0.091386795,0.7483674,74.375,31.5
2025-12-31 17:30:00,9.465053e-06,4.9803948e-09,0.093703836,0.79270715,74.375,31.5
2025-12-31 18:30:00,9.553445e-06,5.1986717e-09,0.09643812,0.84077847,74.375,31.5
2025-12-31 19:30:00,9.643692e-06,5.4169504e-09,0.09946158,0.8989134,74.375,31.5
2025-12-31 20:30:00,9.662604e-06,5.5788405e-09,0.10090669,0.9432091,74.375,31.5
2025-12-31 21:30:00,9.609822e-06,5.6625145e-09,0.10104912,0.9807773,74.375,31.5
2025-12-31 22:30:00,9.490316e-06,5.664334e-09,0.099926636,0.99267113,74.375,31.5
2025-12-31 23:30:00,9.307723e-06,5.5733844e-09,0.09709788,0.9607907,74.375,31.5
